,spearman_rho
TNS1,0.6784173412127601
SGCD,0.6685288688448401
MAP1A,0.6682114370893302
ARHGEF17,0.667311153749552
MAP1B,0.6664774976949035
MSRB3,0.663348590600846
STON1,0.657136158905628
AOC3,0.6565711978825715
PEG3,0.6563972705654153
MPDZ,0.6546132114431704
PKD2,0.654017665665684
AMOTL1,0.6527039189580167
DACT3,0.6513772568039466
HMCN1,0.6509087133665743
GEFT,0.6470730996434926
KANK2,0.6462396027637992
SSC5D,0.6441581202604929
CDH2,0.6419079742902724
CCDC8,0.6406083674140062
ACTA2,0.6404609381284082
COL8A1,0.6393638935313687
PRDM6,0.6390445584979307
FBXL7,0.6385790061883437
ZFHX4,0.6384792521288725
PRELP,0.6367273069826223
CALD1,0.6358612194967657
C14orf132,0.635623158507005
FGFR1,0.635179777297487
FERMT2,0.6334417301120672
JPH2,0.6323524105258997
FNDC1,0.6309318993520979
NAP1L3,0.6307941869372687
SLC22A17,0.6307344544432334
JAM3,0.6299077620341558
CYS1,0.6297275491595723
SALL2,0.629142159888983
PDGFC,0.6288789476171752
PRICKLE1,0.6287369818555866
PRKD1,0.6287327517282431
ZDHHC15,0.6275550829996596
LMOD1,0.6274731112134563
ANTXR1,0.6273971753537143
NOTCH3,0.6270175516779319
BNC2,0.6268846505564334
NUAK1,0.6261041172323918
FIBIN,0.625822276834801
MN1,0.6257387296002564
MEIS1,0.6256811994315471
DDR2,0.6237644900845566
PNMAL2,0.6228557744671454
AKT3,0.6226282661591351
NALCN,0.6223082375376049
PLXNA4,0.6222155593913261
KCNE4,0.6221742265109048
DZIP1,0.6218610928657754
PCDHB5,0.6218572436985442
KIAA1462,0.6216319592708194
MRVI1,0.6212791902782248
LOC399959,0.6207144013479639
LAMA4,0.6204724642571608
ADAMTSL3,0.6202327237356101
PRICKLE2,0.6195292608803453
DOK6,0.6192964598176848
VGLL3,0.6192050802261722
ADCY2,0.6189220505069697
C5orf23,0.6187530169303495
NACAD,0.6186867295192682
GPR124,0.6184102870305724
CHRD,0.6169531538746164
TUB,0.6168622452359284
RNF180,0.6167779638062287
GLI3,0.6159190829177521
C20orf194,0.6158017290915947
GLIS2,0.6153839929524217
RGAG4,0.6151634163314448
EVC,0.6148898153794258
TSHZ3,0.6148234252243557
GLI2,0.6139568475913596
EFS,0.6132751917484723
RUNX1T1,0.6131320080319899
ZEB1,0.6129511053712018
TIMP2,0.6122356614984306
LOXL4,0.6115660340369409
ASPN,0.6113283334413532
SULF1,0.6111566026409786
FLNA,0.6110084188464097
PGR,0.6110068981052856
PTPRM,0.610561570177826
PCDH7,0.6103521571770691
FBN1,0.6098033927497575
PLN,0.6095588503033356
SPOCK1,0.6095352648436142
VCAN,0.6095153429537187
FZD1,0.6094894539607228
PXDN,0.6094680936049588
AEBP1,0.6094019104995441
MXRA8,0.609378094175421
PTGIS,0.6093686399810563
EMILIN1,0.6092593516291355
EHD2,0.6091508718221625
BOC,0.6088642925528296
MFGE8,0.6083383478576817
HAND2,0.6080065775184167
CLIP3,0.6075396960996875
CNTNAP1,0.6072473804199646
ATP10A,0.6070730161536283
FRMD6,0.6070152383809658
THBS2,0.6065278184674776
C10orf72,0.6063921504286236
TAGLN,0.605843714919531
TMEM47,0.6058142125501441
NKX3-2,0.6056122069338741
AKAP12,0.6051628729521316
ATP2B4,0.6047835037972368
ZNF667,0.60477715318108
FIGN,0.604681129681936
NRK,0.6041002359053402
NRP2,0.6039058506304558
RNF150,0.6037881242472886
SLIT2,0.6037285775572605
CDH11,0.6035106185526613
DPYSL3,0.6034036812357629
HSPB7,0.6033956907220271
MMP16,0.6032118173591662
FAM38B,0.6030267479520454
PNMAL1,0.6024944938703898
SCARF2,0.6023989911280463
C21orf34,0.6018612887161366
COL5A1,0.6017400587034542
COL8A2,0.6015884287212686
FILIP1,0.6010393577529274
MAP6,0.6007434888957964
TSPYL5,0.6006043459574535
NUDT10,0.6005534045639787
SYPL2,0.6005003798978341
PCDHB7,0.5995604828184914
PABPC4L,0.5983250451616242
GLRB,0.5974213211658326
FXYD6,0.5973592877625421
FAM110B,0.5972515703087363
MRC2,0.597114640021178
MYLK,0.5969525699565206
PHLDB2,0.5968046738075266
SDC2,0.5966930337562887
PCDHB4,0.5963755224974501
PPP1R3C,0.5960986672935409
LAMC1,0.5960628615655958
MEIS3,0.5959100797966218
TMEM200B,0.5958603598465344
SYDE1,0.5957808837844993
PDGFRB,0.5955977296579992
CSDC2,0.5952070929829004
LAMB2,0.5946387624431102
P4HA3,0.5944675963754861
TRO,0.594432800589576
NAV3,0.594347741082288
C15orf59,0.593819749247506
FSTL1,0.5934545335223056
TSHZ2,0.5933942420908973
LOC100126784,0.5931873163292332
CACNA2D1,0.5926321140707425
ITGA11,0.5919695815938683
ZNF521,0.5911770811586236
CCDC80,0.5910832200152024
DNAJB5,0.5902639432022437
COL3A1,0.5898344053307385
LTBP3,0.5895351680912023
ISM1,0.5889540847542141
COL4A2,0.5888786066183267
EFEMP2,0.5887862965475373
PTRF,0.5885396862276034
FAM19A5,0.5885077656329504
CRISPLD1,0.5881137718871852
CRYAB,0.5879554449022946
WHAMML1,0.5878279922436402
TGFB1I1,0.5876374784131994
CNTN1,0.5874597958146365
SMARCA1,0.5874269744737303
IGFBP5,0.5871380354268001
ABCC9,0.586263415344736
FGF1,0.5862278325825553
HSPG2,0.5859949706273023
LTBP1,0.5858736967867257
COL5A2,0.5853912809312206
KLHL4,0.5853056113583416
MEX3B,0.5851978098168447
DLG4,0.5848318784633512
NPR3,0.5841672291969923
BGN,0.5839485290457285
NECAB1,0.5831140896051106
FAM26E,0.5829326067496978
EFEMP1,0.5827749106568412
PABPC5,0.582583471804747
TCF4,0.5823472390881571
PTGER3,0.5820411069645083
MITF,0.5818226689920809
CNN1,0.5817409415901204
MAGEL2,0.5814394548150463
ZFPM2,0.5811529548349237
MCC,0.580948117489493
MRAS,0.5807899533547831
GPRASP1,0.5807551812490319
AXL,0.5801959845546562
NXN,0.5801554838759984
LDOC1,0.5798503093735345
MYL9,0.5796700002996522
NPR2,0.5796106429607278
COL6A3,0.5796010576343692
PDZD4,0.5792783968750794
LONRF2,0.5792245482200724
PODN,0.5792185701427838
NBLA00301,0.5788795278516311
HHIPL1,0.5778325432340836
NEXN,0.5772822013751968
SLC24A3,0.5771180727339889
NHSL2,0.5764037011305303
RASSF8,0.5763191134558893
PALM,0.5756738132437875
LOC728264,0.5755213216895068
SPEG,0.5750577088158542
MGP,0.5749531327827079
NTM,0.574345053186333
DLG2,0.5741951619992722
PCDHB6,0.5741391270585184
SFRP4,0.5737811423169998
C6orf186,0.573720348590282
SYNPO2,0.573500496104595
COMP,0.5733577688196313
PCDHGA4,0.5731377113694958
COL1A2,0.5730274124438186
BVES,0.5729901450611263
SCG2,0.5727961022008371
DAAM2,0.5727645324562047
ADAMTS6,0.5725035701558108
FLRT2,0.572058187311396
C16orf45,0.5718727671157635
HSD17B6,0.5714370067155244
SYT11,0.5709092706346284
ELN,0.5708195579488369
MMP14,0.5707164826989698
MAP3K12,0.570470885882363
HEG1,0.5703332796641957
SPARC,0.5702965904088543
THSD7A,0.569878992947389
OLFML2B,0.5695752149668033
S1PR3,0.5694463891378295
PCDHB3,0.5692120298120786
FILIP1L,0.5691222131020567
C1QTNF7,0.5690759720004934
ECM2,0.5688303643555064
MXRA5,0.5683197420641221
LIMS2,0.5680489897665258
WWTR1,0.5680483213938771
DOK5,0.5680303724403968
FLT4,0.5679971298798925
LRRC4C,0.567927153540506
ITGBL1,0.5675414234830721
CDO1,0.5671497622088075
SHANK1,0.5662784464198148
RGMA,0.5662030095578557
UNC5B,0.565519456979842
ISLR,0.5651321365160858
GDF6,0.5650696209316683
HSPB8,0.5648294641719449
LHFP,0.5646679546210681
CSGALNACT2,0.5645712898588042
ODZ3,0.5643924381614782
INHBA,0.5643019639125572
EVC2,0.5637928479930073
CHSY3,0.5636770165799485
GLI1,0.5635688254279999
TENC1,0.5634326371239528
MAP2,0.5634048307144669
HSPB2,0.5633324496336414
FBLN5,0.5630522599515737
ATF7,0.5630484215984185
CACNA1H,0.5629366194350549
GNAO1,0.5627706934181672
GPR1,0.5627433289146938
KLHL38,0.5623812140201218
SPG20,0.5623548497185381
SVIL,0.5623296180410701
EFNB3,0.5622084965965949
VEGFC,0.5618490005484552
ATP1B2,0.5617374944249801
C12orf68,0.5612695577334974
GJC1,0.5609945826600616
ATP8B2,0.5609585730753491
SOX11,0.5607366645052954
DACT1,0.5606793159913492
LZTS1,0.5604883228595097
CPEB1,0.5598032789037098
MYH11,0.5597923203345108
FAT3,0.5597379173161561
FAM180A,0.5595943498876035
ADAMTS5,0.5593817341944477
SLIT3,0.5592397462207159
DFNA5,0.5592223472172155
RHOJ,0.5591365492372553
ADAMTS10,0.559055108639467
CDK14,0.5590329724836703
VIM,0.5589200561308523
TMEM204,0.5588106747849217
DLC1,0.5582336031746357
FZD4,0.5581873878865998
LPHN2,0.558139311105755
PDZRN4,0.557474506570593
PPFIA2,0.5574651459949149
DSEL,0.5570351378145065
CSPG4,0.5567723066902176
BHMT2,0.5567266359943818
SPARCL1,0.5566470440166028
PDLIM3,0.5560681404321665
MPPED2,0.5559750158053217
MYH10,0.555866214549557
FBXO17,0.5556185086256146
ANGPTL2,0.5546770219477215
COL6A2,0.5546324858265368
TGFB3,0.5545982961125179
RBPMS2,0.5545856542080851
TIMP3,0.5542923894838042
GAS1,0.5542307294035562
CORO2B,0.5541929799279605
FAM43B,0.5541149271099949
ZNF365,0.5539400811302335
COL12A1,0.5539264265733359
PTH1R,0.5537916281681097
SUSD5,0.5537496785222482
HLX,0.5537303359927729
GUCY1A3,0.5534806799656206
MMRN2,0.553251173819089
LATS2,0.5532279738016234
RBMS3,0.5524402816762142
LAYN,0.552157179034399
ZNF135,0.5520957492579278
ELOVL4,0.5520831784267074
PCDH10,0.5519029354734544
TIE1,0.5518787647902877
ITGB3,0.5516778769337345
HEYL,0.5512983550831431
CPXM2,0.551254695804688
B4GALNT1,0.5509267396953931
WHAMML2,0.5508362439774358
RAB31,0.550779372963086
APCDD1L,0.5507028038236003
SLC45A1,0.5505397061106303
MRGPRF,0.5504531088442153
TPM2,0.5504245109807342
APLP1,0.5496581318124707
SEPT4,0.5496063342555023
HTR2A,0.549430089571306
FAM101B,0.5494155442276112
FGF14,0.5491969207613425
FAM20C,0.5485838584379698
FHL1,0.5485597316428418
COL11A1,0.5485487707457071
TMEM59L,0.5483846505391443
PCDHB18,0.548293374636313
DCLK1,0.548072604423824
FAP,0.5480108506412474
ACTN1,0.5479617639915725
BMPR2,0.5476872355474297
ADAMTS16,0.5476509168873591
CNIH3,0.547412558952214
OSMR,0.5473822596802449
CHST3,0.5471581298428997
TTC28,0.5468818025342306
HTRA1,0.5467838104023445
CAMSAP1L1,0.5466708050631772
POPDC2,0.5466648099672582
NRP1,0.5465382004157829
MFRP,0.5462786591347812
LRRC32,0.5461948524346694
GPR133,0.545820825492002
GIPC3,0.5456491122180215
ARMCX1,0.5454614342673791
DGKI,0.5454308211094014
ZNF154,0.545095124172567
LRCH2,0.5449795156248061
COL10A1,0.5449357470291479
GLT8D2,0.5444934121093795
PDE1A,0.5442340324808338
ARMCX2,0.5441159682724138
MEOX2,0.544094682352296
RAB34,0.5440489687584349
PCDHGA3,0.5440439150179012
TRPS1,0.5440358576895447
ADAMTS12,0.5437676918690663
KIF26B,0.543727749750395
LOXL1,0.5430356959902841
GREM1,0.5428449288452933
LYNX1,0.5425465103144352
SYNPO,0.5422652183221207
SCN2B,0.5422287324650816
COPZ2,0.5420233107554804
KIAA1614,0.541794774953781
GPC6,0.5417699738321549
CPT1C,0.5416400704652793
COLEC12,0.5413229391755329
ELK3,0.5412862530282028
ZNF835,0.5412590630240067
COL1A1,0.540771044054041
KIAA0495,0.5406884594524417
PCDHB12,0.5406766027027268
SLC26A10,0.5405126867216627
WTIP,0.5404728079012119
CXorf36,0.5402721103016941
ANK2,0.5397121690371466
SETBP1,0.5395370258899548
ENOX1,0.5389763868427523
GAP43,0.5388367307130615
COL4A1,0.5386687741029598
LTBP2,0.5385106350436399
CERCAM,0.5384642006264557
BICC1,0.538464141742526
A2M,0.538462960040028
C12orf53,0.5377754958431916
KIRREL,0.5376480275030934
DKK3,0.5372831256658456
SNED1,0.537187010556276
C1R,0.5370944706979403
ASAM,0.5370541811071098
MFAP4,0.5368164629437835
CYP46A1,0.5365700330438892
ODZ4,0.5361409293766086
LOC134466,0.5360700731328171
KIAA0427,0.535591708394805
GAS7,0.5355655572160887
FEZ1,0.5354402463924864
LBH,0.5354138386996223
NOX4,0.5352159248293563
PCDHB2,0.5351258466137568
KIAA2022,0.534996682734524
DCHS1,0.5349817907970805
ANKRD35,0.5349733594265236
EFHA2,0.5347258439394595
CNTN4,0.5346370688206703
PLA2G5,0.5346224597369624
NOTCH4,0.5345345604759292
PCDHGB7,0.5343782679152598
FAM129A,0.5343608384611396
THBS4,0.5339218546064014
LOXL2,0.5337760449034753
TLN1,0.5335772339492593
DIP2C,0.5333216770166924
PCDH12,0.5331844692833594
TCF7L1,0.5331427207422217
PREX2,0.5331155441933042
C1QTNF3,0.5330294017855106
RIMKLB,0.5329165711938546
SGCE,0.5326212484867269
ANKRD6,0.5325719921730784
MLLT11,0.532531810344008
MYOZ3,0.5325140488846735
CTHRC1,0.5323555071186354
ITGA5,0.532295548571245
SNX18,0.5321886816411658
OLFML2A,0.5321098499781487
MFAP5,0.5320311254935395
PSD,0.5319818135299499
DZIP1L,0.5319223803456626
ZNF454,0.531888990753062
CNRIP1,0.5318850060347241
C1orf70,0.5318836433530526
PCDHGA12,0.531866285719167
BCHE,0.5318603379849441
NLGN2,0.5318026904418557
GPR162,0.5315794635978675
GPR161,0.5315242866020511
TNN,0.5313622765680557
THY1,0.5313083932931614
SV2A,0.5312747156644291
GJA1,0.5312716369116358
LCA5,0.5311840504788068
KCNMB1,0.5311553163985535
IQSEC1,0.5310959406066483
FLJ42709,0.5310637064820866
PALLD,0.530875730383338
CAND2,0.5307892095990226
LOC441869,0.5303148968519038
LOC100192378,0.530090398818239
LMO3,0.5298765838736244
SYNE1,0.5298284735044785
PLXDC1,0.5296897550964389
PRKG1,0.5295689080634322
ARSI,0.5294308327551243
UBE2QL1,0.5293919054694423
KIAA1644,0.5288113764742473
HEY2,0.5287630969488993
ADAMTS7,0.5285790445402743
GPRASP2,0.5283801498629661
ANGPTL1,0.5282669637112526
RERG,0.5280772937817724
CYBRD1,0.527953294160822
IL1R1,0.5277640532914678
BEND6,0.5277315303739004
GGT5,0.527680816493308
CHST1,0.5275203706577073
COL18A1,0.5274511050072733
ALDH1A3,0.5271488409601062
AR,0.5271303348036698
EPHA3,0.5271235472263062
MACF1,0.5269352287210017
FAM127C,0.5269106789543261
PDLIM7,0.526786883912316
FAM63B,0.5266446629081116
COL14A1,0.5263463949344742
ZEB2,0.5262414915621774
SLC12A4,0.5261637059971279
ZNF512B,0.5260965675786983
GALNTL2,0.5260823813333771
PDLIM4,0.5259489501889759
CCBE1,0.5259307381452182
ISLR2,0.5258454799203314
LDB2,0.5255953532668811
NUDT11,0.5255529955773037
GFPT2,0.5255178156352649
C5orf13,0.5251388126375397
NCKAP5L,0.5250491211242165
ITGB1,0.5249238100168545
PCDHGA2,0.5246803548880338
SGIP1,0.524581625959606
WSCD2,0.5244943923963254
ZNF843,0.5243343717321785
VASN,0.5240286563833195
MCAM,0.5239881806456929
MAB21L2,0.5238875137383715
AGTR1,0.5235596217199321
FRY,0.523345802083702
GPR176,0.5233247503845739
ZNF362,0.523310404494128
CMTM3,0.523303643436809
SAMD11,0.5232825345035663
OMD,0.5230499336048327
TSPAN18,0.5225205326188265
QKI,0.5224829657608122
SEPT5,0.5224108779883412
FLJ16779,0.5222488431920216
IGFBP3,0.5221703932671593
JAZF1,0.5220877074366588
ZNF25,0.5219829014078393
COL15A1,0.5218686358449056
SFRP2,0.5217963518254634
ZBTB46,0.5215592367480558
DIRAS1,0.5213551872035327
NPR1,0.5209841992500405
TEAD1,0.5209644662696841
FGF7,0.5209162621814669
GNB4,0.5206218542796242
ADAMTS3,0.5206046015299282
LOC400043,0.5204830654388931
FSTL3,0.520258234419689
FAM171A2,0.5200725184016768
TUSC3,0.5200109455643477
RASL12,0.5200030595073833
ADAM12,0.5199772953351453
SHISA4,0.5188338043611329
NID1,0.5187697588116892
MATN3,0.518350506062462
TNXB,0.5181736728813033
IGFBP7,0.5180686201481262
LUM,0.5178565795456884
EBF4,0.5173200595763497
GUCY1B3,0.5171944207620257
KLF17,0.5171740511571349
TMEM90B,0.5171273632521572
SERPING1,0.5168779902276881
LOC283731,0.5167499749378666
NCAM2,0.5166646746131057
SSPN,0.5164107928238477
FAM124B,0.5163813751031153
KCNT2,0.5162391397691459
COL22A1,0.5158970169616052
NOG,0.5158258784130543
VASH1,0.5158039528570085
COL6A1,0.5157485703038363
CHRNA3,0.5157305113567813
KLF8,0.5154776568221562
HECW1,0.5154451041918654
ATP8A2,0.5154439045213104
CILP,0.515410899269327
HIC1,0.5151780796635855
TMEM169,0.5151246159626526
GPR116,0.5150783061564862
SLC8A1,0.5150704547925758
BCL6B,0.5149190947007319
SCUBE2,0.5148961817720693
NPTXR,0.5145986161695298
OLFML1,0.5143876437420825
EFHD1,0.5139563570592587
CLIP4,0.513632030046744
C1S,0.5130985459259405
ZCCHC24,0.5130881505030138
KIDINS220,0.5130868381210418
CMYA5,0.5129985117428566
MAMDC2,0.5129746006593652
FAM155A,0.5127707378548814
DIXDC1,0.5127684919592265
FBLN1,0.512706270584336
PHYHIP,0.5126764841747843
HTR2B,0.5126656561254067
ZFHX3,0.5126609231011704
EDIL3,0.5126240737693988
LIX1L,0.5125921809650003
PCDH9,0.5124817258314223
TNC,0.5123690150683572
RAI14,0.5122862957022201
FN1,0.5122540959414427
CD109,0.5120629956838327
SCN4B,0.5120598806346224
ERG,0.5120161193944284
MMP2,0.5117462561525464
PPAPDC3,0.511623016910006
COL16A1,0.5115687963392126
CORIN,0.5113667322290172
CEP170,0.5112720457873537
SHISA2,0.5109084342354473
ZBTB47,0.5107767325978142
CRISPLD2,0.5106572055037079
ITGA7,0.5106413293223208
UBE2E2,0.5104826633538062
EHD3,0.5100406926628844
ARHGEF15,0.5099696241374911
NOTCH2,0.509937422323836
SV2B,0.5096043526785705
SNAI2,0.509504158438665
SCN3B,0.509341045223097
NPTX1,0.5091654062047322
LOC90586,0.5091429354079482
GRID1,0.509067809203668
ARL10,0.5089362417767443
SCN1B,0.508922054586247
ZNF677,0.5085633141048157
ST6GALNAC5,0.5085171434694157
PLXDC2,0.508493085436839
RFTN1,0.5084703729264379
FKBP7,0.5082456161556992
CLDN11,0.508175571778455
PHF21A,0.5080949699898424
RARB,0.5080906393041618
MOXD1,0.5080514377886263
BTBD19,0.5080124549741472
SLC16A2,0.5079865156357989
IGFBP6,0.5079333976436955
POSTN,0.5078408417312092
NAV1,0.5074583551449925
FRMD4A,0.5074111403713015
RBM9,0.5070642800426332
psiTPTE22,0.5068856666873763
SH3PXD2A,0.5066535318414591
BCAT1,0.506538630983205
PTPRN,0.5063849603118215
ATXN1,0.5061352715412888
CRTAC1,0.5058817083062573
CYP27C1,0.5058404684524044
RBMS1,0.5058170062862202
FBLN2,0.5055959116705615
LPPR4,0.5054377319848785
REEP2,0.5053718802903554
SORCS2,0.5048234791640223
HTRA3,0.5047802796887504
AFAP1L1,0.5047127994094237
ARHGAP23,0.5043787720372647
PDE2A,0.5043093628325436
TTBK2,0.5042470373310218
TCEAL7,0.504200070801855
BAI3,0.5038366497931581
HIP1,0.503820450734829
RECK,0.5037883020909817
FAT4,0.5037561250977267
LOX,0.5035242292677632
ACSS3,0.5034851123660872
ZNF418,0.5034549335451358
ZNF469,0.5033656214446152
TRPC1,0.50320753575062
SERPINF1,0.5031547648951975
LAMA2,0.5031365679721129
SGCA,0.5030308318981782
CYTH3,0.5028975972729399
FOXC2,0.5028038611043303
KCND2,0.5023142380569167
DCN,0.5022678318967839
CDH6,0.5022473937321352
PHYHD1,0.5021698677067343
JAM2,0.5020505425625064
LRRC15,0.5018618654346219
PCDHB15,0.5016052861083952
PCDHGC3,0.501553053467194
TRPV4,0.500973646084791
DSTYK,0.500966950057238
SHC4,0.5006665199241772
NKAPL,0.5005618006858951
AMIGO2,0.5005212539757786
SEMA6C,0.5002301738322806
CD93,0.5001159895043152
PLAT,0.5000800146625615
LDB3,0.49993980491551454
ZBTB4,0.49957900997088595
OLR1,0.4994711745141965
ZIK1,0.4991453492395783
CBX6,0.4989275593707157
EML1,0.49881312891506036
CLIC4,0.49868475994534034
ZNF208,0.4986206765732427
KIF5A,0.4983619222798896
MAP3K3,0.49817112768863486
CCDC88A,0.4981708276859117
SHE,0.4981246847754815
GRIK5,0.49811834104852337
DTX3,0.49809606287877256
CLEC14A,0.4980865493356143
PCDHGA9,0.49788160856373515
TBXA2R,0.49781941588134165
GREB1,0.49768369141963176
ACVR1,0.49736652720281277
IGLON5,0.4973319822635695
TMCC2,0.4971968535831833
CCIN,0.4971094644154285
BMPR1B,0.4970393746600264
MAGED4B,0.496742084565147
MFAP2,0.4967224536967934
GPIHBP1,0.49636566317195796
SCRG1,0.49630020180239914
INMT,0.4961754771615901
FGF10,0.4960926487077815
PRND,0.49599069442267457
SCHIP1,0.4959505256331335
NTNG2,0.49544862634343556
ADAM23,0.4953468388409428
RUSC2,0.495342062820681
TGFB2,0.49487166253494425
KIAA1949,0.4946951135877931
SEMA3D,0.4946260430343912
PTPLAD2,0.49461565364949867
CDKL5,0.4944153030551973
NID2,0.49420967422084916
ENTPD1,0.49416642504208486
ACTC1,0.49365262846163255
UST,0.4936476666087624
NEFM,0.49362247119754976
SYNM,0.49331908260501617
SLC6A17,0.4932448060586371
SNCA,0.49294161482103827
RBM20,0.49265140654737816
SEMA5B,0.4923791913332235
FAM13C,0.4921329486170039
CHST10,0.4920739858277122
HSPA12B,0.49194405035777994
SYT3,0.49187522156181324
SPON2,0.49187331648602023
FGF5,0.4917342637790568
NDN,0.4917310761361942
FST,0.491695861211066
CALHM2,0.4916557867138483
AMPH,0.4913706691651532
GPC1,0.49127366776047304
PPFIBP1,0.4910408247133075
CRIP2,0.4909577619952965
PYGO1,0.4908048440108616
SH3PXD2B,0.490574505052175
RUNX1,0.49001457047212893
MOV10L1,0.48995750734044435
MYOM1,0.48992248333297517
FGD5,0.4898171538640857
PKNOX2,0.4897665264555488
CTGF,0.4896248273693446
ARHGAP31,0.4895241616192194
CD34,0.4891373628305662
KIAA1755,0.48909271270759785
FAM198A,0.48907373755114375
CFH,0.4889909891561332
USP51,0.48898925266727494
KCNB1,0.4887491259907016
MSN,0.48847765425108786
THBD,0.48808309220227425
DPP6,0.4879864926416028
CASQ2,0.4876869513971061
C20orf103,0.48764767280302257
C2orf40,0.487144315914895
ADAM33,0.48713304168157173
GSTM5,0.4867351545823564
SPP1,0.48665902918681975
SVEP1,0.4866316007823237
F13A1,0.48638235344936115
SOCS5,0.4862500410749998
CHST15,0.48624481951789833
C13orf33,0.4861660370786219
FLG,0.4861032705304367
ZNF578,0.4859926048020965
SCN9A,0.48593988255131637
LGI2,0.48588127298669465
PRPH2,0.48513759971185166
SKI,0.48504065989952383
CPZ,0.48466851090026597
MPRIP,0.4846679442952319
ARHGAP1,0.4846281673217581
ZNF626,0.48460784350748576
FLNC,0.4846066802235559
PCDHGA6,0.48446546785618305
IFFO1,0.48443835677291164
C1orf190,0.4843484168456873
OLFML3,0.48429076233679946
PPAPDC1A,0.48418157831640085
ZNF676,0.4841404387281976
MMP23B,0.48392338870765905
LOXHD1,0.4837302002557266
IQCA1,0.4835816469492766
MBD5,0.4835677429730549
THBS1,0.4835437255465542
PCOLCE,0.4834250987118952
CRY2,0.48334610863678634
ITPR1,0.48332414824757775
FTO,0.48320177946401244
FNDC4,0.4831240746917853
PBXIP1,0.4828607304935662
ARL4C,0.4827350395596354
XYLT1,0.48253889073493933
SSH1,0.4824118861748245
C9orf110,0.4822576755435337
PRTG,0.48224585126672237
ETV1,0.4820147755283919
CNPY4,0.4819958652852662
GPNMB,0.48196253971690695
OGN,0.48194350397544183
MAF,0.48180817564348466
CYP1B1,0.48180225256424436
CCDC36,0.4815917950361239
LOC145820,0.4815813892655263
CDH13,0.481426089503123
PCYT1B,0.48136859955679867
PYGM,0.48114824066546547
TCTEX1D1,0.4810908853369215
HOPX,0.4809293903889276
NTRK3,0.4808110236228416
SGK269,0.48072417112191873
DCHS2,0.4806332512075314
OPRL1,0.4806316016457692
ABCA6,0.4803809332879388
KAL1,0.48022304005924016
NLGN4X,0.47979590746631945
RSPO3,0.4797441342457392
A4GALT,0.4795259840820834
PALMD,0.4795222618319474
FLT1,0.4795099312526285
ADAMTS18,0.4794392728300275
SOX17,0.479177545481666
SLC6A1,0.47917468083491505
LPAR4,0.47826928373113864
PTPN14,0.47823722462606283
PLXNB3,0.47817884804125943
TNS3,0.4781248679359689
DISP1,0.4780471450943825
IDS,0.4779560727118438
LOC728392,0.4778767100185236
CDH5,0.4777266577296476
DPT,0.47770198445335177
PDE1B,0.4776545755418679
TSPAN9,0.4774976356577546
DYSF,0.4773561174434816
AHNAK2,0.47724752789783603
CD248,0.4772117206156941
FAM171B,0.47714231947198
CRMP1,0.47691112032701916
SDPR,0.47667457823538195
SCN7A,0.4765534917645419
TCEAL2,0.47649646393016376
STOX2,0.4764929903608095
BACE1,0.4762732670834064
PLCL1,0.47620644074778673
PTCH2,0.47619021063551664
RGS4,0.47616786235811925
SEMA3G,0.47614986187129593
PCDHGA5,0.4759801459941468
MAP4K4,0.47582815145587226
MYO5A,0.4758003705525545
GRIN2A,0.4757253598484657
SRRM3,0.4756252132597076
CALCRL,0.47552206837726657
ITGB5,0.47545396018785924
IGSF21,0.47524581527755605
EBF1,0.4750378775624313
MEF2C,0.4749977009949245
MAFB,0.4747925099547479
TLL1,0.47439832254851316
VCL,0.4738974656756984
ODZ2,0.47378515295341056
NOVA2,0.4737259664320418
TUBB6,0.47361184897707415
PBX1,0.47339909159929633
KIFC3,0.4733662312832467
BACH2,0.47330302071910413
MAPK10,0.47323338469155024
STK32B,0.47321522980364533
SERINC1,0.4730665393973256
LRP1,0.47277321895416163
IQSEC3,0.4727053398542545
CLEC11A,0.4724075064471247
KCNJ8,0.47197697823205437
FABP4,0.47193977518253055
FAM168A,0.4713288507183452
CYYR1,0.4713176200893224
KIF3C,0.4711621617280731
RGS7BP,0.47110744128809035
SECISBP2L,0.47105980772549866
COX7A1,0.47087411789712896
CSMD2,0.47086213466757315
RUNX2,0.4707994214274106
SLITRK4,0.4704324524700769
PLEKHO2,0.4704137248164019
EDNRA,0.47024477870283965
ACTG2,0.47021966711381336
PDGFB,0.47011973145687974
MYCT1,0.47010075006728075
TMEM130,0.46976106239207843
GPX8,0.4697106288640096
SPSB4,0.46970560551460083
RORA,0.4696792655433053
SH3RF3,0.4696625802866272
JPH3,0.4696005248994907
TEK,0.46958811545748136
CTF1,0.46919888849570396
GALNT13,0.46908747605850015
STARD8,0.46903118234426483
LRRC17,0.4689735839761297
PMP22,0.46891349385056674
KLHDC8B,0.46887474020733727
C14orf37,0.46871427793548204
SLC12A6,0.468659211799536
NTN1,0.4686136674591288
PAPPA,0.4685848650321327
C9orf47,0.46851868226042953
MEF2A,0.4683811026146236
SMARCD3,0.46812192350860127
SAMD14,0.4675058410049505
RCAN2,0.46744751964615683
HAPLN4,0.4670537994976751
PLEKHM3,0.4669352066257088
ADAMTSL4,0.46685274470392496
GJA5,0.4667031518496881
FAM196A,0.4666170577478823
PRRX1,0.46654048839733986
C10orf10,0.4665114240149913
PHLDB1,0.46637709057127447
EXTL1,0.4662264664725549
MYOCD,0.4661753303323534
ZNF229,0.4659660479495028
C12orf59,0.46567418135433114
C14orf4,0.4656561678134455
SAMD4A,0.4655417632243198
SNX29,0.465475484281819
DENND5A,0.46544601166971583
PRSS35,0.4654009410271635
ZNF467,0.4652763722227052
MDGA1,0.46524241376356673
C7orf58,0.46523148674385195
RFTN2,0.46514805053078717
JAKMIP2,0.4650320100263806
FAM70A,0.46502412561019957
FAM198B,0.46462892391253247
TSPAN2,0.4645617179660213
ST3GAL6,0.46388920341125994
RGL1,0.46382463842360894
NXPH3,0.46380794964129
LEPREL2,0.46376567704492483
MAP7D1,0.46370965745285364
WWC2,0.46364140897289957
NEFH,0.4636162846785495
CHRDL1,0.4634444164575538
PTHLH,0.46332129249405385
CAV1,0.463082794475585
PCDHGC5,0.4630250433335449
MMP19,0.46291881639435095
NEGR1,0.46281038546594083
THBS3,0.46253704585324285
ARHGAP24,0.46247443143943673
C6orf145,0.4624309710641392
THSD1,0.46239486973683874
STMN2,0.46228097325005546
PDZD2,0.4621082313920109
KIF17,0.46207566278599965
TGFB1,0.46199597594070313
ITGA10,0.4618317282306515
MPP2,0.4618195907948576
TRPC4,0.4615590943419676
BRSK1,0.4615010651149682
NR3C1,0.46140645536622504
PDE10A,0.4613078082779383
APBB1,0.46118316180950075
RCN3,0.46073252916111834
CHRM2,0.4607106437263331
NUMBL,0.4606765684523515
PDGFRA,0.46057129898467597
F2R,0.460380763524755
NKAIN4,0.46026678969280926
FKBP14,0.4601943085219173
ZNF542,0.46018020476843946
TPST1,0.46002205623117687
TMTC1,0.4599597452628781
DKK2,0.45991681485374686
FMO2,0.4596724243569746
KERA,0.4596431953748415
LGALS1,0.45942796438403277
THSD7B,0.45935401427926925
SHANK3,0.45932687413956874
ROR2,0.459323570212424
EBF3,0.45916462212007714
TMEM136,0.45897438294701287
CGNL1,0.45890290640625714
ITGAM,0.45884884819926325
HIPK3,0.4588265267924127
WISP1,0.45880340134552267
LOC644538,0.4585861143897183
ITGA1,0.45843550254317356
THPO,0.4579155095391812
ADD2,0.4578271881462564
PIK3CA,0.45772020301160404
NNMT,0.4576832466678764
TUBA1A,0.45762663964900424
LEPRE1,0.457434868235198
PGCP,0.4572405814599585
MAST4,0.45721104861159734
S1PR1,0.45678137710512323
C3orf18,0.45653404533801956
FOXS1,0.4564502861101527
ST3GAL3,0.4559974351725284
TMEM119,0.4556974219497396
FBLN7,0.4556450506216406
PLEKHG2,0.45551803578157735
USHBP1,0.4553213109678228
DYNC2H1,0.4552511604512419
KCNA1,0.4552301930385909
HGF,0.4544431611450625
KCND1,0.45425978234014086
NR2F2,0.45402684901387735
FBXL22,0.45388412813376317
SNAP25,0.4538234584899124
TM6SF1,0.4534740254860256
SPSB1,0.453409732947958
CCKBR,0.453340442434838
ZSWIM4,0.4532130887630093
UCHL1,0.45319034204097214
CALU,0.45316155218461507
LRRN4CL,0.4531596200482421
PODNL1,0.45312159232667415
KCNK2,0.4531112866782053
MARVELD1,0.4530013274434564
FHL3,0.4529412102397193
PALM2-AKAP2,0.4528364957159814
SOX5,0.45263408992712345
ITPKB,0.45254234767739215
GDF5,0.45242219226474484
ANGPT1,0.45235245075875447
TNFSF12,0.45232609831094833
TECTA,0.452282419483133
ADAMTS2,0.4519532875032371
KIAA0430,0.45180267244742817
PTGIR,0.4517984074373361
MARCO,0.4517640855319871
PLEKHH2,0.4516901898740787
NLGN3,0.4516739679106604
NAP1L6,0.4515718562322236
NBEA,0.4515358741128533
GNAL,0.4513386063032397
YPEL4,0.4513338124901009
DYNC1I1,0.45120731342483805
LIFR,0.45116566650409967
ZMIZ1,0.4509991138616421
HIVEP2,0.4509938053109951
RELN,0.4509183444569877
LRFN5,0.4508167498206666
CAV2,0.4505369177792793
SPIN1,0.4505151307865641
TNFSF4,0.4504014209764112
SFRP1,0.44986206190855604
AKAP13,0.44984116443380867
MAN1C1,0.44962681222271966
SCARA3,0.4495911407683904
PLXND1,0.44939675711619337
ZNF660,0.44918929870728286
SORBS1,0.44916962732131666
TGFBR1,0.449108705398177
KCNJ5,0.44897036429433784
TOR1AIP1,0.44895062806596336
TWIST2,0.4489208269573677
REM1,0.44888927184388716
CC2D2A,0.4486597183319397
DCLK2,0.448602860325048
BCAM,0.4485538466318224
CDR1,0.44852955233045116
PRKCDBP,0.448516840559583
KIF7,0.4484745573488436
ROR1,0.44843694421371405
PDE5A,0.44839985325783877
C6orf225,0.44834555524081043
CRLF1,0.44831760918588454
AKAP6,0.44812343528960547
NMUR1,0.4479499386733001
GRIA3,0.44776135300805403
P2RX7,0.44773735655902996
MDFIC,0.44765492255402606
PCDH17,0.4476302478007676
ST8SIA2,0.44723011443371047
ARHGAP20,0.44709458360096327
C5AR1,0.4470099380424054
KCNMA1,0.44691843967520944
USP44,0.4468709728642658
C20orf160,0.4468434409569981
VAT1,0.44654441279022467
GPBAR1,0.4462134356451083
TAL1,0.4461328356914712
PCDHB10,0.44605600225076336
EMP3,0.44599090425058985
NPAS3,0.4459893343109946
KATNAL1,0.4457255939938878
ELOVL2,0.44570304296798724
TCEA2,0.4453958901570121
CLEC5A,0.44535571139826
C10orf26,0.44507462640244205
C5orf41,0.44474210943330406
GYPC,0.44449040633894793
TMEM132B,0.4444220283203833
HOOK3,0.44432167264470074
GRP,0.44394902268959896
STAC2,0.4439011205385104
MSR1,0.44363711673409295
GEM,0.4434964603779835
LEF1,0.4434836920492268
ZNF425,0.44334376496703476
DCAF5,0.4432805901923447
PPAP2B,0.4431731325881221
FZD8,0.4430880885132956
NOS1,0.4430544830473422
VGLL4,0.44288473905848574
HS3ST3A1,0.4428479405893349
WNT9A,0.4428343452520458
IL6ST,0.4424947396244247
ADARB1,0.4424434552374471
VWF,0.44239491052014884
GNA12,0.44237263250657755
BASP1,0.442363901528399
SRGAP2,0.4422168286539659
PAK3,0.4421550608795326
CX3CR1,0.4420684111696711
BAI1,0.44206495653345845
CAP2,0.44205482806606966
CUBN,0.4415378020966505
TMEM35,0.4414128389781862
IGF1,0.44130929407842884
LPPR2,0.4412727210703263
LYVE1,0.4412711933443813
SHC1,0.44057738282508024
DIO2,0.44054068653271405
TMEM121,0.4403768597893539
KDR,0.4403675894313268
GPSM1,0.4403194178932619
NLGN1,0.44024715263835873
SEC31A,0.4402189586365113
SLC2A3,0.4402144523241399
PRAM1,0.4399143993814882
ITGAV,0.4398718298977765
ANXA6,0.43978848461071535
GPR173,0.43968005717529796
NLRP12,0.43959735558925805
SUSD2,0.4395630458463912
CLSTN2,0.43945586004590403
NGF,0.43937766563008546
DIRAS3,0.43924173855057197
FOXN3,0.43919663530916764
MMP11,0.4391843542917493
PAMR1,0.43917885116582156
EYA4,0.4390665305416965
POU6F1,0.43905596732699775
PARD6G,0.43905011063451177
LPP,0.438983398717396
GPR85,0.438778715835484
C8orf42,0.43875799081779765
ECM1,0.4386976972683034
HS3ST2,0.43859258754794067
CDC42EP3,0.4384989332179109
PCDHB16,0.4381914815039767
PDZRN3,0.4378846871120239
PURG,0.43776483989645065
C4A,0.43775304253647634
HDAC7,0.43759825415810166
TTC7B,0.4375778374751873
PTPRZ1,0.4372745745080703
PRKAB2,0.43726309415291315
SUFU,0.43724382173523735
DKFZp434J0226,0.43710682305348036
TCEAL3,0.43701417111265506
CSRP2,0.43693609787700766
ATP1A2,0.43675025740421003
WDR47,0.4367189825767941
C10orf114,0.43671739150086597
OBSL1,0.43650408465648843
WBSCR17,0.4364373795076544
TSPYL2,0.43609572987850925
RASIP1,0.43607142540840893
GPRC5B,0.43597666988170747
ABL2,0.43597514620246625
ARMC9,0.4359443328664025
SUSD4,0.4357172380827969
PTPRS,0.43544427704766947
LSAMP,0.43533071839199006
HIGD1B,0.4351041838956844
NRIP2,0.4349548101653469
PDGFRL,0.43453749732379343
FAM133A,0.4343682084425259
ENG,0.43432458461432943
C20orf200,0.4337929518298136
DCAF12L2,0.43359035483134034
SERPINH1,0.43357902582276464
CHST11,0.43337795205384344
KLHL5,0.4333529208896931
ATXN1L,0.4330453259551318
SYNC,0.43292817276016665
KCNAB1,0.43268501355757344
GLIS1,0.43263956228860356
SRPX,0.4323442166350639
ITIH3,0.43230262130013686
TRIL,0.4322197658198872
AFF3,0.43209425118846767
ZNF281,0.4319235196506389
RASSF2,0.4319153371671988
AKAP2,0.4316716540431973
TRIM6,0.4316702002827369
IKZF4,0.43166493908602876
ABCA1,0.4314133780724793
FAM196B,0.4313320775998583
OPCML,0.43132828977133447
ESAM,0.43129929127239275
TWIST1,0.43108702456614295
CYP7B1,0.4310433482863556
CRTC3,0.43057526150682945
SOX7,0.43040887585764276
PIAS3,0.430223536422679
CDON,0.4300498531702785
SEMA4C,0.4300468770082528
HECW2,0.42990490595037134
ADCY5,0.4297432379853568
BAALC,0.4296182486938215
STAC,0.42960781827565153
MSC,0.4293369776271971
VPS39,0.42927154637878756
ZNF727,0.4291555455241876
C6orf155,0.4291495714263174
SIX4,0.42913195288849454
SYNGR1,0.4290187874892035
TREM2,0.4287730082850493
ATRNL1,0.42872720780230394
GPX3,0.42872444310383984
LRCH3,0.428697747207457
CHD3,0.42867277879499505
CYR61,0.4285608844418654
FES,0.4285076484450602
HSPB6,0.42847104872462916
TACR1,0.42836093748483917
PLEKHG4B,0.42833111832611115
GNAI2,0.4281299453795253
PCDHGB6,0.4277496840032027
ELMOD1,0.42759955344277145
SERPINE1,0.42747529345677815
KIAA0754,0.42738007793667093
ZFYVE1,0.42736962559097813
TBX1,0.42722871451591765
CSRP1,0.42714317656186884
PDE7B,0.42706819058237533
SEMA6B,0.4270304120320987
FYN,0.42692971887000497
PAM,0.4268548940562012
PCNX,0.4268123674466801
ZNF385B,0.4266756904427459
TMEM25,0.42667328721708503
FMNL3,0.42655993301054496
LOC344595,0.426503291624926
TRIM46,0.42644832260405324
C6orf174,0.4264037953648221
MAMLD1,0.42628984938498327
MAB21L1,0.4260318555373331
NDST1,0.4260202951623278
BSN,0.42601721689828137
ZNF385D,0.42599945011089635
ABCA9,0.4259693838643691
ZHX2,0.42587710984679783
TMEM233,0.425667457643624
AFAP1,0.4256199067898727
ZNF781,0.42511771125176595
NFATC4,0.42491287286048124
PRR16,0.4248796344075767
ADAMTSL1,0.42485798385471674
PLXNC1,0.42485568078919855
KANK4,0.42467178370452696
CDH19,0.42467161384111035
WNK3,0.42466635206108255
PKD1,0.4245561932737554
PARVA,0.42436534266937936
CXCL12,0.42434264839803765
C10orf140,0.42432483546147187
ST8SIA1,0.4241945173360243
VIPR2,0.4240826821821699
PENK,0.4239801275251363
DLX5,0.42391947632072924
COL24A1,0.4238058211367008
ZNF354C,0.42375988511045165
EMX2OS,0.42368863081659414
CTSK,0.42348968026044725
CADM1,0.4234679913595264
OSCAR,0.42340834103012503
LMCD1,0.4233342800903765
C17orf103,0.42330767539754927
CSF1R,0.42329171719927144
BEX4,0.423254898751228
RFPL1S,0.423221961188555
TCF15,0.4232144527969843
SLC4A3,0.4232099111830563
TMEM45A,0.42318483730636586
EPHA6,0.4231563798304296
EPYC,0.4230051901713612
TMEM132E,0.4228201069296993
CYP19A1,0.42269169535417317
ZNF471,0.422668699923685
TBCEL,0.4223179232915748
EBF2,0.42218863744793705
RASL11B,0.4219840831242973
DPYSL4,0.4216936266915108
KIAA0247,0.4216547486799173
SDK1,0.4215921803027892
FAM65A,0.42120610978218775
CIC,0.42116169121225155
C1orf95,0.42107085687832563
DES,0.4210052903923886
GREM2,0.4209128171645391
SLITRK3,0.4209122920826595
MECP2,0.42061978685815626
TCEAL6,0.42061311689089953
FXYD1,0.4205687375125104
HAND1,0.420535060859491
CLASP1,0.42025380108466204
ABLIM3,0.42015252811995707
ALDH1L2,0.41996377906061105
GPR146,0.41990381021739553
CLIP1,0.4197315676356055
TDRD9,0.41939684303477376
ZNF423,0.41939542027352167
TGFBR2,0.4193860036132948
PBX3,0.4190411540767405
ADAMTS1,0.4188550540628777
DNAJB4,0.41878542104695926
GAL3ST4,0.41872424040586903
MEF2D,0.4187180848503441
TJP1,0.41865635903918025
KLHDC8A,0.41851034123702835
DST,0.4184517133434276
SIGLEC9,0.41836537368609644
KLHL30,0.41832028732282306
SLC11A1,0.41809367121614244
PECAM1,0.4180708524382173
ZNF385A,0.41802966289937393
ZNF641,0.41793942617404983
VPS13B,0.41778602298347156
C1orf198,0.4177635372971626
SLC2A14,0.4176640547677778
KCNK3,0.41764276673678424
C1QTNF6,0.4174392893019844
GPR68,0.417012023111821
LOC441204,0.4169826043295
KLF7,0.4169813605679752
C4orf38,0.41688048246528486
SLC35F1,0.4167885421752146
SH3BP5,0.41675431679881475
S1PR5,0.4163267501975361
RGS5,0.4163176346749421
TMEM74,0.41628952274483383
PRIMA1,0.4157180784887377
APBA2,0.4156882320219106
ZNF366,0.4156475410538743
ZNF436,0.4156030357207546
SH2D3C,0.41553508763423197
TCEAL5,0.41525795689239026
CARD8,0.41523365515153116
TMEM43,0.4151593592683576
TECPR2,0.4150739248310523
ST6GAL2,0.4150379124990031
UNC5C,0.4150153650388777
C5orf53,0.4150006834158799
LOC144571,0.4149682488237491
ELTD1,0.41496707502230784
SLC9A9,0.4148654202402441
RORB,0.41479476257653725
RUNDC2A,0.4147759377660207
C2orf86,0.41464812801012074
ARID4B,0.4146252879344723
DOCK1,0.4146124993540404
APOD,0.41449436719327926
FOXF1,0.41442786597362663
CFL2,0.41433674307937207
CLSTN3,0.4140407020036994
STAB1,0.4139249601472733
CD99L2,0.4137627202101087
AQP1,0.41375879497016893
FAM126A,0.4136603909920592
CST2,0.41364305580976835
ELFN1,0.413589670272189
PCDHA3,0.41345684386725495
MYO9A,0.41313697649820397
HHIP,0.413030255635505
AK5,0.41287422439145477
PTPN21,0.41269917985937515
RNF165,0.412688271329997
PPP1R12B,0.4126432845819743
HSD17B14,0.4125588973045363
RAB3IL1,0.41252665929209725
MAGEH1,0.4122139065641857
FBXO27,0.4121059208758497
LOXL3,0.4120783881488611
PRRG3,0.41206557980676767
EDA2R,0.41194093989697966
SOX10,0.41187202893850544
NBPF10,0.4117596470086837
UACA,0.41171479785692094
MGC45800,0.41145750179730767
OSBPL6,0.4114315793871759
CCDC3,0.41140496638632207
CHSY1,0.41138418296436197
TRIO,0.41133073394638353
KLC1,0.4109871942752399
KDELC1,0.4109840342902092
OR51E2,0.41064888200855804
CREBBP,0.4106257849262394
GPM6A,0.4104645144182869
GABARAPL1,0.4104258915140475
C5orf46,0.41037849045109775
PARD3B,0.41032497596315914
JPH4,0.41027706563775695
GJA4,0.4102651859946499
GPR4,0.4100485513890028
CDC42BPA,0.4099986923017839
CACNA1C,0.40992308366905555
IGF2,0.409899748099218
LOC401093,0.4098870245230574
MID2,0.40975974279156674
CCL14,0.40972273895924366
USP11,0.4096501466405657
FNBP1,0.40958287964052
VAX2,0.40953008291034054
GULP1,0.4095151550309017
C8orf85,0.4094424731044077
RARRES2,0.4094413204754755
C2orf74,0.4094206798963141
PLAC9,0.4093559373416532
TTYH2,0.40928004335390694
C8orf48,0.409230348845237
PGM5P2,0.4091545174628731
MCTP1,0.40882688521482086
SASH1,0.40876257448229225
LRRN2,0.4087370225898036
CLDN5,0.4083999575520036
HSN2,0.4082747560883602
PHACTR1,0.4082728124389595
TRIM9,0.40804937774617983
TMEM100,0.4078362449868767
PIP4K2B,0.40780209761081626
EMCN,0.4077139191389914
GPR137B,0.4077035333506403
MAGED4,0.4077015386162402
MAPKBP1,0.40768578517947107
JMY,0.4076468334745123
TM7SF4,0.4075916232488891
CALB2,0.4073681900362259
LEPR,0.40728941669641655
DMPK,0.4072703538606965
HRC,0.4072318985758639
SLC7A2,0.4071468900654184
C20orf117,0.40698740035979314
MAP4,0.40691234946300603
CDYL2,0.4068610831961018
KCTD7,0.40678373833929804
EGR2,0.4067050646750303
PCDHA12,0.4067046723482373
ADAMTSL2,0.4065356020926997
PCSK5,0.4065076965798677
ANKRD50,0.40634053882527327
HERC1,0.4062556621480802
MYOC,0.4062244403073264
TM4SF19,0.40611650689872153
KIAA0355,0.4061101098943606
BMP8A,0.4060560605664221
CAMK2A,0.4059416206341163
MYH9,0.4058992410419007
KCTD15,0.4055341650061494
ENPEP,0.4054081804375477
NAP1L2,0.405210471237997
PIK3R6,0.4050930416210512
LOC283867,0.405090443899358
MGC42105,0.4050824561188678
KIF1A,0.40504627144741245
CDKN1C,0.4049845480106498
HEY1,0.40472397981302644
MED13L,0.40447840857659006
PTPRU,0.4044349505217151
CDH23,0.4044309071351216
PJA2,0.4043458202105751
ZNF568,0.40428007327079846
ANKRD34A,0.40425888686475636
CHST14,0.4041664716671242
SNX33,0.4040229914309839
KCNIP3,0.403927387560727
ULK1,0.4036957456569723
MAP9,0.4034635639745927
SIRPB2,0.403419103233158
SLC24A1,0.40337449920216767
CTSF,0.40333103724420627
EGFLAM,0.4030813132473667
KLHL20,0.402931840056161
EHBP1,0.40264373424319916
CD33,0.40251063282599525
GPR21,0.4023256652273863
SCUBE3,0.40231411568256614
FMN2,0.4022520294040294
RDX,0.4020353499051821
PLSCR3,0.401918003037698
CYP21A2,0.40179332312920957
PCDHA6,0.40166308339936385
TRIM23,0.40153563863650843
TSPAN4,0.40149686252853173
PGM5,0.40142764596919683
NR2F1,0.4013562436366534
ZNF609,0.4013126152074942
PHLDA3,0.4011586778130166
MKL2,0.4011350840364645
KCNIP1,0.4011068638494424
RABGAP1,0.40103092554562836
MMP8,0.4008832591647755
BBS9,0.40082160747570905
ZCCHC5,0.40080027432098286
TMEM22,0.40065561828468177
RGS2,0.4006555308435398
TCF21,0.40045837940695866
KIAA1467,0.4003914595126418
UBE2H,0.4003229827982092
CD163,0.4001180501798471
BCL6,0.39973533826330776
DBN1,0.39942886045218295
ZNF382,0.39919350583923446
GGN,0.39901544463966077
ANGPTL7,0.3990089592129774
ADAMTS14,0.3988350903370182
GRASP,0.3987401552767786
KCNJ15,0.3984935797048416
MEG3,0.39838351242175835
RPS6KA2,0.3982959895361628
C3,0.39826621986006244
DDIT4L,0.39807027803810746
CYGB,0.39804574183556224
EPHB6,0.39798109699090894
C19orf59,0.3978966919599548
PEA15,0.39787251535652035
CD300LB,0.39785701078263863
PDPN,0.39785357637248236
C7,0.39751707577643114
CCDC102A,0.39748652060045647
NPAS4,0.39742840383515793
TNFAIP6,0.3974058706883336
AFF4,0.39740195827137736
MUM1L1,0.3973962956093532
TXLNB,0.3973134282336785
C1orf114,0.3973124037674304
DTNA,0.39719354131148893
DPYD,0.39706632821834253
TMEFF1,0.39697193823817
PLBD2,0.39694571265255835
FIGNL2,0.3969009750239473
FHL5,0.3966962987816334
BMF,0.3966890376452484
RADIL,0.39660205096693096
GTF2I,0.39619651936549244
TMEM86A,0.3961489762483914
LDB1,0.39609904650593925
LRRC55,0.39607034659015433
MTR,0.39595618942608174
SEMA3E,0.39562561311334865
ARSB,0.3955155967543403
PCDHGC4,0.39543155892761894
ADAM8,0.39526419176380495
RASA4,0.3952628809035955
OAZ2,0.3951824245775386
SPTBN4,0.39505360436090003
CHRDL2,0.3949251982819235
LDLRAD2,0.394756692771763
TET1,0.39453977281477626
PPP2R2B,0.394424592879857
ATP6V1G2,0.39422760922842986
FYCO1,0.3941617636462659
CLEC1A,0.39390856161380383
ADAM19,0.39370370532953974
DOCK4,0.39348247878508996
IGF1R,0.3931523154349592
PCDHGB5,0.39307175823472934
NRSN1,0.3930384214401705
LZTS2,0.39290464893069504
PAPPA2,0.39272043843957055
HCFC2,0.3926320261168037
ASH1L,0.3923700819784728
PIP4K2A,0.3923259338232606
PPP1R12A,0.39223820780748897
PCDHGB4,0.3921299914100934
ROBO4,0.3920476172410856
BEND5,0.3920335112305832
CD36,0.39187618814929776
ZNF333,0.3917257355962753
ANO6,0.39171190726360267
ARNT,0.3915598366402434
MAML2,0.3915530203255762
WFDC1,0.3915377546570808
LOC283856,0.3915217274803133
VCAM1,0.3915062438365704
EMX2,0.39145410530649266
FCGR1B,0.3914433958082131
SLITRK5,0.3914265098799113
SLC8A3,0.39118082935696485
GADD45B,0.3910897200596565
RAMP2,0.39085539344207304
LOC285548,0.3908500431213643
HRH2,0.3908490472847537
RBM43,0.390803465275732
AOX1,0.3907476069724444
ANKS1B,0.39053026221722104
ZBTB16,0.3904943690714627
FCGR2C,0.3903940667873133
C15orf52,0.3903860339427355
CHRNB4,0.39034450716257707
PRG4,0.39027256187780157
FMOD,0.3902224251290539
PEG10,0.39017755592417597
CCDC85A,0.3900999867638462
ZNF853,0.3898603266281003
FAM161B,0.3896894526691387
TRPC6,0.3896449330813446
MYADM,0.3896151470487937
SOBP,0.38953746702612474
IL1RAP,0.3894742320940855
MKL1,0.3892782666063391
HECTD2,0.3891144034305178
ANKRD53,0.3890715275468153
PDGFD,0.3889970293349666
KCTD10,0.3889913051451882
SNAP91,0.38896391087025706
DYNC1LI2,0.38895826947867773
CILP2,0.38893057410507886
LARP6,0.38872788560354093
DIRC3,0.38868406701619873
CXCR7,0.38863361096908333
RTN1,0.388556743687308
CCDC50,0.3884181702391752
FCGR1C,0.3882693149449108
EFCAB1,0.38825606272851965
RYR2,0.3881716050968938
PRRT1,0.3879276617145276
KLF12,0.38789390483242825
SORCS1,0.387780845350258
BCL9L,0.38766224802947913
DCTN1,0.38756544781314095
SPIN2A,0.3875021310353495
REST,0.3874458749028421
WDFY3,0.3874342246466944
ZRANB1,0.38741165001727057
ARID5B,0.38736837321879686
CADM3,0.38736171403459047
CATSPER1,0.38722221572459153
FAM13B,0.3872118312794586
MMRN1,0.38703146624962287
ZCCHC18,0.3870094732986522
MMP17,0.38693859252276136
CCDC89,0.38660392231674984
CPXM1,0.3865591362872504
APLNR,0.3865122019243956
BICD2,0.3864299686835339
CYP11A1,0.38639112311061363
FAM20A,0.3863832901043138
WNT9B,0.3861774534053087
SHISA3,0.38613346158001943
KRBA2,0.38611304578096745
NEFL,0.38605360775832354
FAM176B,0.3858814004709257
RAB3GAP1,0.38573703185080316
PCDHB19P,0.385614636537229
CCNA1,0.38560331206626436
PRRX2,0.3855844698600598
SLC46A2,0.385514109920283
ERC1,0.38541404634346055
HTR7P1,0.3853720903980333
BDNF,0.3853047240673796
SENP7,0.3852451483154015
PLEKHO1,0.3851313098623292
KL,0.3851196641235024
EP300,0.38496564344821266
RAB9B,0.3849390685818697
C3AR1,0.38488006139149944
ABCA8,0.3848541746407717
PLCXD3,0.38481716197246396
PTGS1,0.3848148196142058
UBTD1,0.3848006635578107
SCARF1,0.38472652257223916
SYT15,0.38470451443148046
CSRNP2,0.38468090839110536
ARID1B,0.38461677334037825
OTUD7B,0.38421007540678115
ASTN1,0.3842068441309559
RCBTB2,0.38418738633496063
LAMB1,0.384102165028423
HMP19,0.38384921124230403
RASGRP4,0.38374718795619805
TREM1,0.38359303519184706
PCDHA10,0.383401925792144
C1orf133,0.3830731147999195
ADORA3,0.383048386241462
FLJ22536,0.3829893299919406
GRM6,0.3827876828356049
OSBPL8,0.382731739677555
PCDH18,0.3823814693028891
BOD1L,0.38236380204528064
PILRA,0.3822936996519491
TCHH,0.3822890474791067
PCDHGB3,0.3822536073523329
PDLIM2,0.38216674522369903
PLSCR4,0.38208606229769193
ARHGEF6,0.3820610109199829
TAOK1,0.38203523225638447
DAAM1,0.3819520405968308
WNT2,0.38188861370707167
PLIN4,0.3815508691355568
PNMA1,0.38153017745993784
UBXN7,0.38135388520309904
AVPR1A,0.3813145518175333
LRRK2,0.3810618469332108
CSF1,0.381046975847211
DPEP2,0.3809868614531116
PTPN12,0.3808238351187461
CREB1,0.3806522646404843
NCAM1,0.38046588388987046
CCL2,0.38033849551502735
GNG11,0.3802476025969839
WIPF1,0.380118891169731
CTDSP2,0.3799292813732989
FCGR2B,0.3797961381423047
CACNA1E,0.37978432126887846
PCDHA11,0.37959088668397256
SCN5A,0.3795194859570495
GUCY1A2,0.37923358876610536
CHD9,0.3792053514216442
WISP2,0.3791999462190709
PTGFR,0.3789457639096962
TSPYL4,0.37869417645076764
NCOA2,0.3786471516978243
PTN,0.37860776315707273
RAB11FIP2,0.37856721951880196
LRRC8C,0.3785368950563357
SLC1A3,0.3785336115757643
FUT11,0.3785281621778592
NLRC4,0.3784695553896251
TMEM140,0.37846884330588204
ZBTB20,0.37825409888866063
EPC2,0.3782497573484259
ECSCR,0.3779545286924264
ARNT2,0.3779371899967243
ZNF483,0.37779345172108586
CCDC136,0.3777612725715814
JMJD1C,0.3776837051302057
WWC3,0.37764301974982234
MGAT5B,0.3776164818794386
GRIK2,0.37748816152721076
ZNF474,0.37742612909935935
ANO3,0.3773916576973596
HDGFRP3,0.3773910530417818
ZMAT4,0.3772450674398649
GNS,0.37716283312790577
BCL8,0.37703689482881314
ODZ1,0.3768329621696409
AHNAK,0.37678367724406875
ABCB4,0.3767335954837026
KIAA1210,0.37663730299643056
OLFM1,0.37654333305988064
CCL21,0.376453386100365
AHDC1,0.3763914729556071
MAGEE2,0.3761153284016933
CDKN2B,0.37601798614422594
LILRA2,0.37599099595684565
PLVAP,0.37596556312663765
ZNF192,0.3759103285856061
YPEL2,0.37556877176080045
EIF2C4,0.37541440199121157
C18orf1,0.37525507067374764
SULT1C4,0.3750837934033536
DNM1,0.37503125254100167
ZKSCAN1,0.37498756171863334
EPC1,0.3749813427532842
ITPRIP,0.37495421124291434
SERTAD4,0.374942087504865
ITGAX,0.3749297792317127
ZNF671,0.3749182431710776
TMEM108,0.3749044928170041
ALOX5AP,0.3748702880246965
USP47,0.37484415594703596
TFPI,0.3747439247498415
GLB1L,0.3746979309502462
CD276,0.3746172750950435
DVL3,0.3743802324565854
COL21A1,0.37437984267282143
FCGR1A,0.3742159058031037
INHBB,0.37417867306604335
CSGALNACT1,0.37398226677486296
AVPR2,0.37389521290168093
RAI2,0.3738883863823654
TRAM1L1,0.3738881125306492
ENPP2,0.37387788914576287
ADRA1D,0.3735558578950637
LEP,0.3735460735592058
ANO4,0.3734431371718706
AQP9,0.373364686534563
BCL2L2,0.37321555153733016
ADORA1,0.37319511097799496
SUN2,0.37317939634578123
INPP4A,0.3731720618688274
PTX3,0.3731271645443759
CLU,0.37303218733661514
PPAP2A,0.37301710663411924
COL5A3,0.3728692648291827
TBC1D2B,0.37281187485603545
C5orf4,0.3726954320933706
PCBP3,0.3725757869254446
KIAA1045,0.37246315113601314
LOC400804,0.3723306232030245
KCTD8,0.3721694458939244
RASA3,0.37212948135449236
C3orf64,0.37205427648924266
PHF2,0.3720169646083703
CORO6,0.3718045573606824
SYNPO2L,0.37170357821531635
FGF2,0.3716864332763705
ZFAT,0.3715306745131055
CNKSR2,0.37143999073859046
STC1,0.37143377943755546
TRAK2,0.3714143968292468
REV3L,0.37136073756549975
SFXN3,0.37135895547041053
FBN2,0.3713485815528479
DCBLD2,0.3710258533688474
MAGI1,0.3708654183252774
ID4,0.37084028388276424
NES,0.3706652213994316
KCNQ5,0.37050785905632855
LRRC25,0.3704941341470117
FBXO32,0.37044061523501215
FCGR2A,0.3702870039474737
LIMCH1,0.3701551848732798
FAM179B,0.3700813235716065
TRPC3,0.3700473659223709
NRXN3,0.3700301620466542
MRC1,0.36976181828733234
SCAPER,0.3697374533665825
PIP5K1C,0.3696724428084598
B3GNT9,0.36962467324627807
ADCYAP1R1,0.3696210433531129
FOXD3,0.369384367446545
CAMK1G,0.36908038089678175
MXRA7,0.36904742119365075
LAIR1,0.36893807623441627
ABCG4,0.3687433780410681
FLI1,0.36851691477355647
GIT2,0.3684256049055913
CSRNP3,0.36832830307802916
LOC339524,0.36830106525150885
ESR1,0.3682277906131871
GDNF,0.3681290475741354
KRBA1,0.36812504660897505
PACS1,0.3678325773558197
INA,0.36767414723836717
NOVA1,0.36738408550223844
TTLL7,0.367200012903988
HSD11B1,0.36712982627573804
ALPK3,0.36709898373033095
RPSAP52,0.3670611955333705
HOMER3,0.3669885710231606
EPM2A,0.36691948821821535
TRIM61,0.36685051138721864
TTYH1,0.3667421393753564
BEAN,0.3666716656114771
PAQR7,0.36660493703007646
HOXC4,0.3665724610671059
NCOR2,0.3665624040212816
MASP1,0.3664911527479444
ADAMTS4,0.3664454099359411
GPR88,0.3663911587336181
SIGLEC7,0.3662989644256537
ZNF750,0.36604630299709345
MAPT,0.3659934417391006
NGFR,0.3659250496173068
COL25A1,0.36590889796717774
MYST4,0.3659014842526419
GIMAP8,0.36580681700588275
CNTN2,0.36577300918583233
PRX,0.36577223423809946
CES1,0.3657363580324922
SARDH,0.3657123630940878
CRABP2,0.3656269118500666
ZFP36L1,0.365582195028563
C11orf87,0.36557957279075814
PNMA6A,0.36545732971433015
RASGRP3,0.36543867762813437
KLHDC1,0.36535164853989704
TBX15,0.36529379388585625
RANBP3L,0.36528732682832915
ASB5,0.36518165882735626
AP3B2,0.3651115553400578
AG2,0.36497177006956755
ALPK2,0.3649598209959815
WNK1,0.3648883868884349
CTSL1,0.3648865339789834
SPOCD1,0.364638422780917
TRIB2,0.36426677473020824
PCDHB11,0.3641423484720955
ATRX,0.3640306413098049
EID1,0.36399893956142876
ADHFE1,0.36386452024724175
PLD3,0.36384764697787253
SLC23A2,0.363842143610171
CNGA3,0.36378397085356623
WDR91,0.36346822877390145
HCG4,0.36343909970831817
KIAA0913,0.3630538079936617
MEGF6,0.3628656613993435
SMO,0.36277263774562135
ASAP1,0.3625625893505764
TSHZ1,0.3623684624469049
TIMP1,0.362208345023984
TIAM1,0.362009073003767
MLL3,0.362002952247194
TLR7,0.3619954349052013
RXFP1,0.36194484834339286
HPGDS,0.36185742798004095
LIMS3,0.36182493874054483
LY6H,0.36178520272749254
LRRC4,0.36175807338922333
EXOC3L2,0.36157006516356266
C8orf31,0.36148681511543146
ETS1,0.36146706512066074
RNF112,0.3614018035461783
CRYBB1,0.3612024681096519
PDE8B,0.3611801480966684
DUSP26,0.36104931949114055
STEAP4,0.361022094170607
LATS1,0.36100831338561196
C9orf5,0.3610077120747352
IRS1,0.36089491377809685
TNFAIP8L3,0.36068955080357923
SOX18,0.3606147471772817
SRGAP1,0.3604919887920703
FAM46B,0.360484150153518
PEAR1,0.3603084287470329
ATP2B3,0.36009997730093557
USP34,0.3599003359137465
CBX7,0.35979764149862925
CDK17,0.35968051580232147
C10orf107,0.35946672037498667
PCDHB8,0.35937791390671764
BMP1,0.35903046236792363
SLC39A13,0.3589746786031642
FPR3,0.35894925700338126
GNG7,0.35881501069851085
AP1S2,0.35873759063263155
ATF2,0.3586743795314957
FAM49A,0.35866913986111965
RSF1,0.3585436516822943
DHH,0.35837288952982865
SMTN,0.3582593721365696
HSPA2,0.3581829781468157
SMAD7,0.35801429265825874
SYT4,0.35793004476890616
MC1R,0.35789940880865745
BCAS3,0.3578472701719342
CNTNAP3,0.35777211530371866
GRIA2,0.35777134192789606
TCP11L1,0.357671632410473
FCGR3A,0.357451498768958
SFRS13B,0.35734418697958936
ZCCHC14,0.3572775218968441
CNNM2,0.3572048916516445
TMEM200C,0.3572029477836289
RBMS2,0.3570887186237657
RNF144A,0.35699832869705994
GABRD,0.35690149870008636
RNASE2,0.3567818030038771
ENDOU,0.35674930670434435
HOXB2,0.35674471566412636
C11orf88,0.3567350282488295
MAP4K5,0.3567008392921439
GALNTL1,0.3564240182084953
IGSF10,0.35633464767562084
SGTB,0.35625604275233763
GPR77,0.3562498206050556
NLRP1,0.3561875769526452
GON4L,0.3561732676181483
LAT2,0.3559562827250218
PPM1F,0.3558894850655059
ZFP92,0.35581283466936714
LRRC8A,0.3558036394628322
CHD2,0.35567790803819505
CCDC81,0.3556628704547813
TANC2,0.35550919274049547
CTNNA3,0.35544375297426
NEK9,0.35533115249846525
TYRP1,0.3551422400439779
GPATCH8,0.3550089834850159
OLFM2,0.35498719829337755
ITGB1BP2,0.35498501847199593
NTSR1,0.3547929124935803
CAMSAP1,0.35477991478035387
TBC1D19,0.35469968460205176
ESYT2,0.3546536140072249
LILRA6,0.3544058751271215
ARID4A,0.35438075445996825
LRRC3B,0.35435252635202313
ALPL,0.3543131176968426
MEGF8,0.3541667190746884
CPEB4,0.35407750957291517
FCN1,0.3538383919170407
CD14,0.3534404396796379
WASF3,0.35342693732773006
BBX,0.3533765315695069
GPR17,0.35331271369717027
ARHGEF12,0.3532686971365571
ABI3BP,0.3529578935726188
C9orf109,0.35290759429671403
IGFBP4,0.3528419903123403
RIN2,0.3528397789351212
PTPN5,0.3528098626694764
MAOB,0.3527486306299715
FOXF2,0.35272054772944933
HTR7,0.3526504831474567
STAT5B,0.3526306521151554
LOH3CR2A,0.35261206984158655
PRDM2,0.35245834868966075
ZNF720,0.3521903074024571
TMCC1,0.3521827232848116
FGF12,0.3521780544202232
RND2,0.35198646729963573
SALL4,0.35198646206758827
IGDCC4,0.35195919546973226
RAMP1,0.35194548259584696
LMO2,0.35192180514178834
ADPRH,0.3518459572755848
MLL,0.3517758403162815
BPTF,0.35148986590608006
GPX7,0.35136263470244933
ALK,0.3513476523243849
CYTSA,0.35126863529108343
LGI1,0.3512674503007866
FGR,0.35118351968851763
TMEM26,0.3511058053863436
POGZ,0.35103397628015837
SEL1L,0.3509225144575709
AMOTL2,0.3508440166356394
SLC17A7,0.35067177471964656
ERBB4,0.3506395978791161
ILK,0.3506250820835476
ACTN2,0.3504659783485588
MGC4473,0.3504307607395307
ZNF625,0.3503921569590952
ITIH5,0.35025499548420874
TDRD10,0.3502342677959331
LOC388692,0.35018975405751945
ZNF304,0.3501228094875436
SLFN11,0.3501117655180566
TRIM8,0.3499780563381389
BNC1,0.34976793805613127
HYDIN,0.3497504034101236
PRL,0.34971939711398087
TNRC6A,0.34950594270735036
C9orf44,0.3494176446408448
GRRP1,0.34927316152694265
ADCY4,0.3492444086716874
KIAA1432,0.3492021784224781
TP53BP1,0.3491123400027844
SPRED3,0.3490998370726104
C11orf63,0.3489969425157412
SIN3B,0.34896936143612656
NFATC1,0.3486481471337603
ITGA9,0.34857603079720395
ATP8B4,0.34831080480817245
RAB6B,0.3482808058408101
RIC3,0.34784940821393073
RNF152,0.3478487977050772
CHD8,0.34777561458788053
EPHX3,0.3477636312275322
MMP9,0.34762245532481956
ARHGAP29,0.3475968068486296
ZSCAN23,0.3475259226038412
NCRNA00087,0.34746569603672595
SPON1,0.3474465887016966
SLC37A2,0.3472857311251679
STRA6,0.34720259001856263
PHKG1,0.347056592864379
ROCK1,0.3470189281954657
KIAA1370,0.3469025807447496
PRKCH,0.3468739465168958
UNC5A,0.3468289165925235
BEX1,0.3466260679356953
MS4A4A,0.3465910019732856
LOC100128239,0.34656487102085776
LAMA5,0.3465225776506823
FKBP10,0.3463434058093731
CCR1,0.3462086896040499
PHC1,0.34597960275188305
SIGLEC5,0.34592471740708197
ITGB2,0.3459037476709374
UBR1,0.34581380153714103
KCTD21,0.3457289404861921
MYOF,0.34571003071887796
RPS6KC1,0.34569960861736354
KCNQ3,0.34560605615024187
MYO9B,0.3455448595362746
C14orf45,0.3455316634440888
ANGPT2,0.3455297856652713
TMOD2,0.34529286601822023
LIMS1,0.3452683126010687
ZNF407,0.34522414772099297
RPRM,0.3451878547638202
NIN,0.3451495362798211
PSAP,0.3450755419774755
MYOZ1,0.34497052563824404
GP5,0.3449354624125925
LEPROT,0.34479848498475146
ATXN7L1,0.34477277348515534
CCDC102B,0.34450868720687233
NRXN1,0.34441821274598194
C1orf54,0.34438568351884913
F8,0.3442861110566438
PCDHGA11,0.34418091283515434
POM121L9P,0.34417355599940375
PGF,0.34411146979764534
ZMAT3,0.3440148982131186
TBX2,0.3439596254083663
CASP12,0.3438591830655614
HAMP,0.3438461307802672
ARHGAP36,0.3438076329743169
DMWD,0.343749605330777
LRRC33,0.3435592676667543
STON1-GTF2A1L,0.34351957571794456
ABCB5,0.34349326067430713
ADD1,0.3434427956082288
TRPV2,0.3434259745801331
SOX15,0.343271218612093
ZNF713,0.3431119696496386
FOLR2,0.34282039315657536
RGS22,0.34277705064242736
EXOC6B,0.34268764345990493
ATN1,0.3426230883677992
PHF21B,0.3425904660608736
SIGLEC1,0.34250960947835773
SFMBT2,0.3424217198395449
ADCYAP1,0.34241318796355963
NCF2,0.34239981314927864
BNIP2,0.34234067160896814
MLL2,0.3422729328895928
SLC35F3,0.3421045750750238
KCNK13,0.34209700175765
ACACB,0.3420861577711642
KCNE1,0.34204383563726576
CECR7,0.3420339647175004
PRKAR1A,0.3419893663380766
CELF4,0.34190370369533224
PALM2,0.3418744792386295
C10orf105,0.34179973438131117
CHD5,0.3417023516889848
KCND3,0.34163346297799513
GLIPR1,0.3415193812796073
TMEM127,0.34151375399257894
ZSCAN18,0.34149735997201286
ATG2B,0.3414865107283449
RPRD2,0.3414622257353671
FNDC3B,0.3414395765210921
CHL1,0.3414110831446477
PODXL,0.34134999899584845
BBS1,0.3412901033242217
PCDHGB1,0.3410556482461617
PLA2G4C,0.3409453615495709
FAM160B1,0.3406415634388578
SON,0.3404255578650445
C2orf27A,0.34034636982250727
MS4A7,0.34016597660105696
SSBP2,0.3401097213143003
XKR5,0.3398231074638764
CTSB,0.3398076306472614
LOC285696,0.3397089711825853
TLE4,0.3394776091660441
ADCY1,0.3393420549352427
WDR26,0.3392397111630505
MGA,0.3391738586621761
AQPEP,0.33906770382115464
FBXW11,0.3390280388491799
AASS,0.33880968514747695
NNAT,0.3388070255858518
CLEC2L,0.33873116425200395
SFRP5,0.3385696503436739
COL27A1,0.3385346591124357
GNB5,0.33848461894078885
BEST1,0.33847566936334783
SLFN12,0.33847348243809916
PURA,0.33845257205023094
BCOR,0.3382786087263762
GFRA1,0.338270209355858
SNCG,0.33826333579829343
SP4,0.33820686886214835
ABHD4,0.33814147809809036
RBPMS,0.3380974515830329
MAGEE1,0.33805949593805074
MRGPRE,0.33805303580811913
CDH8,0.33789844121217816
GLIS3,0.33784747360474
KDM5B,0.33776719387806825
TNFRSF19,0.3376718621416037
CPAMD8,0.33737076227171164
NBPF14,0.3372162559859957
LY86,0.3369336499492456
NISCH,0.3368942587955834
FOXP2,0.33676993893337376
LRRTM2,0.33662020176449314
MED12,0.3366018653260647
MBNL2,0.3365940607870699
SCN11A,0.3363980786614631
SYNGAP1,0.3363881612654561
UTRN,0.3363880472279688
APOE,0.33635197256778
CBLN4,0.33634999817172523
CYTL1,0.33634953511440446
AMZ1,0.336230498132983
CCPG1,0.3361358303777162
ADAMTS9,0.33610560932017935
SPHK1,0.3360239258385206
TCEAL4,0.3358384658098901
GRM5,0.33568479174913857
RYR3,0.3356783556945081
MS4A14,0.33564475043959774
GRK5,0.3356361128362087
TM6SF2,0.33563516390903886
IMPG2,0.33552066275421916
SP7,0.3354460554600797
KANK3,0.3354006161119974
C1orf152,0.33538590869894647
PLP1,0.33538319175279835
BICD1,0.3353330957607513
TLR1,0.3353248751445513
RHOQ,0.33532339206864514
APBB2,0.33531227210222553
LOC441666,0.33494566940805415
RFX8,0.3348794847685641
HK3,0.3348173441962436
ITSN1,0.334739382626836
SIRPA,0.334648080084524
NDST2,0.3346278862838559
ZNF496,0.33461452687791443
SDC3,0.33451738767510386
C13orf15,0.33433829794313846
KCNA5,0.33430599524689714
PLK2,0.33422463357685767
HOXD10,0.3342200398665703
IGF2AS,0.3341807575497156
RC3H2,0.33416839274376414
CALCOCO1,0.33407724893620183
C6orf176,0.33395805791791916
RIMS2,0.3339277388007987
FGD1,0.33392358426443225
C16orf86,0.333886169600337
PCOLCE2,0.33379733838314696
EVL,0.33351207806303834
SIGLECP3,0.33349895561362947
ROBO1,0.3334451764400618
NRIP3,0.33340351540578267
NLRP3,0.3333737914506337
NAALAD2,0.33329816029340287
GUCA1A,0.3331682574198441
DNAJC18,0.33313468740682706
GTF2A1,0.3326279399008912
MAPRE2,0.33260442947608865
SLC36A1,0.33251358150877863
PIKFYVE,0.33245036023853153
ZBTB34,0.3324077338787189
SRCAP,0.3323810973375677
KCTD12,0.33230184849122685
BCORL1,0.33228831007553083
BAZ2B,0.33221799780093686
ZNF175,0.3319951710474665
ITGA4,0.33197075185430874
ZC3H13,0.3319609323800052
ARHGAP28,0.3319385677692044
DARC,0.33193599790414874
LTC4S,0.33179088080538716
TEAD3,0.3317618365140146
FOXL1,0.3316353858820085
ARHGAP22,0.3315116795732204
GABRB3,0.3314629712029174
WDR86,0.33143242104297216
TUBB2B,0.3313603081377947
DRP2,0.33126616103157436
RAB30,0.3312487555027771
MNDA,0.3312385869840564
CNR1,0.331210204161907
PCMTD1,0.33090062246360563
FAM107A,0.33088680276962656
KDM5A,0.33075863497360564
PI16,0.33069387893245705
KCTD11,0.3306031361210581
STARD13,0.3305559725909412
PCDHB17,0.33038876370261794
ADRB3,0.3301769427541847
FAM168B,0.33016471926283136
KLF2,0.33012515009166865
SEC14L1,0.33010275351186535
WLS,0.3300706504157944
ZNF167,0.33000485223918014
DYRK3,0.3299278330640589
CA5B,0.3299186468525413
PTPN9,0.32987654578219133
MURC,0.32969244766434763
ATP2B2,0.3296279743566776
KIAA1217,0.32950647916280473
DOCK9,0.329383931045609
EXTL2,0.3293038102515174
NIPAL4,0.3292683873608536
SLC18A3,0.32923025250900184
MTSS1L,0.32921441486592545
RSPO2,0.3291658191731733
SELP,0.32911364445658237
C21orf7,0.3290126251196575
SIGLEC11,0.3288309643795007
MAGI2,0.32880516079149247
ITPRIPL2,0.3287632468912037
C1orf162,0.3287368178996155
L1CAM,0.32870582051449077
ACAN,0.32860879295613066
RNF38,0.3284050127120757
KIAA0240,0.3284026656267213
PREX1,0.3283833863698902
ELAVL4,0.32837089367536315
KLHDC5,0.3283676339754941
PICALM,0.3283102605776952
CYB5R1,0.3282648189906689
HIST2H2BF,0.32825205007807856
ZDHHC17,0.3281791239361314
CHD6,0.32808595337354857
ADAP2,0.3280294911343696
HRASLS5,0.3278900415457329
SEMA7A,0.32776877554412626
SIK3,0.32773168006022524
ATF7IP,0.32772809459593855
TNNI3K,0.32770219750223895
CRIM1,0.327650408626428
ELFN2,0.32764977958876146
LOC100302640,0.3275333520681975
ANTXR2,0.32749125617318947
HOMER2,0.3274094132545506
KLF9,0.32722005215334177
ASXL2,0.3271845622033867
NTNG1,0.327055573753725
SATB1,0.3270396065990243
RGS9,0.32698096947991967
TXNDC15,0.3269627002897323
GPR135,0.3269203916306585
SGCG,0.3268994375395304
MARK4,0.32664036483787967
L3MBTL3,0.326592937389981
FOXJ2,0.32648101136385177
PLEKHG1,0.32637374251032525
BHLHE41,0.32636057884412084
ZMYND11,0.32635962536923646
LRP6,0.32635005498090475
TUBG2,0.32624813912975187
RNF175,0.3260638065410124
PIK3IP1,0.3259357404283799
N4BP1,0.3257627009634074
GPR34,0.32576112495414994
CARTPT,0.3256953431793139
STOM,0.3256950458549233
C7orf51,0.32562753440882464
ZNF540,0.3255562584098535
ILDR2,0.32548109370523787
PHF1,0.3254751131285383
HRNR,0.3253921551807863
COL13A1,0.3253887094761352
XIRP1,0.3252270417344341
NXPH2,0.32513966146593754
GPR26,0.3250278195751148
SESN3,0.3250020461407446
NIPSNAP3B,0.32497222742086523
ARIH1,0.32491818147871515
MAN2B1,0.32484065862852013
SPI1,0.3248016117635769
SBF2,0.32468904062066756
ARHGAP6,0.3246126259785461
FAM124A,0.324594456759328
C1QTNF2,0.3245027301301698
C17orf72,0.3244853560113849
CCDC147,0.32447027423865976
FSTL5,0.32444623791249955
FAM66C,0.3244142929641035
HSPA7,0.3242784077701803
LILRB3,0.3242065495660728
HIVEP3,0.3239794520857357
C11orf41,0.3239394521415576
CCL7,0.323906406145379
FEM1B,0.3237364229619462
RGS17,0.3236700089945148
MYST3,0.3236531030457786
GALNT14,0.3235944143138597
MAML1,0.3235131478415634
MMP13,0.3234974326802772
CC2D2B,0.3234575986126438
EPHA5,0.32340599912267765
PRKAA2,0.3233718307858108
GLT25D2,0.32332417850091233
PCDHGA8,0.3231635769774088
SESTD1,0.32312289064000377
CACHD1,0.3229641610733289
LOC650623,0.32294061291954534
FRZB,0.3226507395930142
HDAC5,0.32263605611423285
NTRK1,0.3225405663022129
CMKLR1,0.32246136606468984
BAGE2,0.32245713289813405
DPY19L2,0.3224147452092115
SPOCK3,0.3223524483557246
NCRNA00181,0.3222901754908547
CD300C,0.32221402490019846
PPM1M,0.32215646255943253
FZD2,0.32198765688539865
YAP1,0.32198586954503433
HPCAL4,0.32179790865049607
GAMT,0.321717462285693
ZNF772,0.3216510715223354
ZNF582,0.32161454275902746
ELMO1,0.3216033223770301
ENAH,0.32158983834733973
SORCS3,0.3215507307275357
GCNT2,0.3215025265814938
LYL1,0.3214904028417486
RALYL,0.32117770349607566
SMG6,0.3211177026562155
RARA,0.32105583173469804
GGTA1,0.3210489017209483
NRG3,0.32088185393221896
WDR81,0.320870183787432
PIK3R4,0.32082470087706694
TLR5,0.3208099585159151
GSC,0.32068172624025487
GNG2,0.32066793938428007
RAB23,0.3205205280298102
CEP170L,0.3203011074772291
DOCK10,0.32030106947705334
CEP350,0.3202741737090666
SYT9,0.32016284131173445
LINGO2,0.32005448566791783
ZNF570,0.32004187524716265
LRRTM1,0.3200301584578637
ATP6V1B1,0.32001658575719666
ZNF699,0.3199855969082026
SLC16A7,0.31993218188514344
ANKRD2,0.31991262652139046
PLCG2,0.31983088940766
ZNF827,0.3196569633919611
CMAH,0.3196512334591891
SPESP1,0.3196118630028503
COX4I2,0.3194048018555358
MYCBP2,0.3194023117872091
APOC2,0.319338547180202
FAM63A,0.3193067788539928
ERN1,0.3192633252006853
CHN1,0.3191191195352817
PLA2G15,0.31911277969275154
SEZ6L,0.31908578310445546
TRAM2,0.3190548842160962
SLC25A42,0.3189730932487578
SOS2,0.31891976561772367
RASSF9,0.3188239969828511
ZNF225,0.31880320384975497
STAB2,0.31877951118529363
DSE,0.3186297234031478
JAKMIP3,0.31854998705063997
MLC1,0.3184819249410695
GJC2,0.31844755442205647
DIRAS2,0.3184410556046828
COLQ,0.31841753642987597
C7orf10,0.3183915691418112
NDRG4,0.3182534697741505
RRAGD,0.318201306665978
EPB41L3,0.31818225059639443
FSCN1,0.3181689451207128
GHR,0.31810641151245167
TNKS2,0.3180500761115064
ENTHD1,0.31787892168786097
CD68,0.3177784447435744
OSR1,0.3177176628553823
CST6,0.31770882186667937
PCDHGA7,0.3176090963129859
RSPH3,0.31760398659965366
GSN,0.3176012329054582
SDK2,0.3175650034721538
PPP1R14A,0.31749366980804794
ARHGEF2,0.3174755938752004
PNRC1,0.3174201605706829
CES4,0.3171184884082418
TNNI2,0.31710178724765314
GLG1,0.31698977366164
HOXC5,0.3168737466109775
ZFP106,0.3167964479388698
FLJ44054,0.31659700291616444
CSF3R,0.31650528888785584
PXDNL,0.3164984398130915
LASS1,0.3164968700533094
RNF146,0.3164550712680509
EMR2,0.31623602089765973
C6orf89,0.3162172607536675
OXTR,0.3161355718702069
NIPBL,0.3160867863944011
DYNC1H1,0.316086475431906
ZNF610,0.31607540252535327
OSTM1,0.3159005811497987
NHLRC4,0.31589591940502615
HCN2,0.31586357598517734
CST5,0.3158299448093858
SIRPB1,0.315766441914704
F2RL3,0.3157231983680976
CBL,0.3156313757640339
COL6A6,0.31561363035967566
BAI2,0.3155668792123288
GRIA1,0.3155031685643482
TPM1,0.31539646886602785
LRRC4B,0.3153774742327419
TYROBP,0.31537272061616234
FPR1,0.3153438763496189
PTCHD1,0.31529527440799615
UNC13A,0.315218087792466
ANXA8,0.3151353807837733
BACH1,0.31510738401552935
BTBD7,0.3150737687789046
SNORD116-4,0.3149795905213116
PCDHA2,0.3149539978216979
SOS1,0.3149255616178174
GFAP,0.31491156529644376
TANC1,0.3148348993292943
MR1,0.3148047012987278
MAPK11,0.3147618031481378
LY96,0.31456327092168823
LAPTM5,0.31451701925176695
LRP12,0.3144919476303978
CRHR1,0.3144780706685312
C17orf107,0.3144156411126407
C6orf15,0.3143630427383554
RBPJ,0.3143518610920375
PDE3A,0.31432650198367906
ABHD2,0.3142238029437036
GAPT,0.3142064382025286
PRNP,0.31411056231911677
ZSCAN2,0.3140885628671769
PTK7,0.31404392513100027
PPP1R3B,0.31388349583169123
ATM,0.31379935259362435
PI4K2A,0.3136710485599335
TMEFF2,0.3136574062588765
FHOD3,0.3135617925165079
DPY19L3,0.313499589295626
OSBPL10,0.31347025431468684
NKX2-3,0.3133084413845106
CCDC46,0.31313270481120403
C1orf38,0.3130877872560752
SWAP70,0.31305998965883863
ANKRD40,0.31293882329117706
ZNF134,0.3127504199305709
SLMAP,0.3127383399995027
NCOA1,0.3126641539917405
FER,0.3126072995138574
GLP2R,0.31256595756485905
GDF7,0.31256327219323854
MFSD7,0.31241539332962737
SLC41A1,0.3123722288368251
IGF2R,0.3122643004272784
TMEM90A,0.312234182824252
FCER1G,0.3122193594772113
ST5,0.31210021181842945
FGF13,0.3120899959155758
CACNA2D4,0.3119876408062594
ROBO2,0.311739893291312
SNORD116-20,0.31171140335594644
FKBP9,0.3116091914715846
PAPLN,0.3116020076845355
TXNIP,0.31156653191278855
CAMK2B,0.31155221131271815
TNRC6C,0.31142575404215395
ANXA5,0.3113382529534637
RNF169,0.3113376090386517
ANKDD1A,0.3113356598590012
C22orf23,0.31133080014289477
ZNF319,0.311238261591701
SNRK,0.311162013093056
HIPK4,0.3110999032754846
YLPM1,0.31106660801531744
RECQL,0.31087606253339806
DPYSL2,0.3108757633592212
HCK,0.3108559626679484
MLL5,0.3108342690720365
PKD1L2,0.3108165932954881
DNAJC13,0.3106260271335949
ELAVL3,0.31060264572389906
MTMR3,0.31050706119967647
FZD7,0.310450399540663
TLR2,0.3104034880566345
RSPO1,0.31035119154565743
C14orf139,0.31034889225138984
RNF111,0.31031669728004513
ISL2,0.3103008553066503
HELZ,0.3102931660753249
FKBP15,0.3102164258170822
LHX6,0.3101696830671997
LOC283050,0.31008548640369465
KIAA2026,0.30994893907573784
PIK3R5,0.3099382707748077
SH3BGRL,0.3097640304418816
ABI2,0.3096607104598144
PCDHGB2,0.3096462070036509
ZNF331,0.3096191984856892
EPHA7,0.30960026501707105
SULF2,0.3094894106133874
TSC22D3,0.30948839166540304
CH25H,0.3093254776093346
TPP1,0.3092578447274371
NR2C2,0.30903977348987677
PDLIM5,0.30895313420409415
TERF2IP,0.30892786241174025
PCSK2,0.3089103940888496
TLE3,0.30887321354922254
LOC158696,0.3087755041104468
GTF2A1L,0.3087685758812746
TSKS,0.3087273565134835
FLJ10357,0.3086777225302872
CHRM4,0.3086633819876848
BHLHE22,0.3086536881801861
PDPR,0.3086142119872852
C13orf36,0.308607768953995
CHPF,0.3084263446370093
RAB8B,0.30832395916710204
RILPL1,0.3082225700654374
SMARCA2,0.3080550905346634
DUSP3,0.30805034750565263
RRAD,0.3080456220762909
TMEM91,0.3080226090882288
TRIM44,0.3080015891755839
FOXC1,0.3078099558209343
CDH10,0.3077545615345137
NBEAL1,0.30772522091930304
SPINK6,0.3077139928145659
ARL4D,0.307662515023944
POU2F2,0.30740558496988396
PBRM1,0.30727397942865564
HVCN1,0.3072503297617742
FGF9,0.3071336560211799
MRO,0.30691596486411254
CLCNKB,0.3069017463134663
GBGT1,0.30683375434409194
FCRLB,0.30680789022653193
RASGRP2,0.30674974352853907
CD84,0.3067381944191767
BAT2L1,0.3066386592430039
CLEC2B,0.3065478649139752
PRKG2,0.30652782952940466
FAM163A,0.3064941313495998
FAM20B,0.3063475444154168
C9orf25,0.3063380522339392
SLC7A14,0.3062743220965695
CYB5R3,0.3062412355185754
PHLDB3,0.3061872321735954
SELM,0.3061491696625978
ZDHHC22,0.3060583002921958
ETNK2,0.3059669676056865
KIAA1267,0.30582784003416674
LOC653653,0.30568715689215453
FXR1,0.3056647097893741
CDK15,0.30564574053754323
H19,0.3056037819016775
EPAS1,0.30545968378943494
NAB2,0.3053430940984353
HDAC4,0.30532929640826734
NFASC,0.30531983839954885
PHC3,0.3051935484328124
MYT1L,0.3049857196639599
PTPRG,0.3048886153779611
SLC27A1,0.3047594814408631
POU3F4,0.30475766660283826
FGF11,0.3047347431461017
WFIKKN2,0.3047333939005644
GPR155,0.3047211009069451
RUNX3,0.3045957806769802
ABCA3,0.30454853587305325
VPS41,0.3045461925110081
ZNF528,0.30449798461235383
FAM69C,0.3044853219559846
SLAMF8,0.3041498166347093
FRMPD4,0.30408416220717893
IGSF11,0.3040551605031016
CBLB,0.3037674174571364
SMURF2,0.3037419425392026
GYPE,0.3037219884661494
RTN2,0.3034365773228872
VEZF1,0.3034330100073349
SHC2,0.30340336247251265
MEGF10,0.30329219662592216
ATCAY,0.30320377114633534
C13orf38,0.3031299118796085
DOK3,0.30310116934911174
RETN,0.3030942857670208
RAB11FIP5,0.30302991534895063
ST3GAL1,0.30297349590122463
KCNH2,0.30296099740388127
ZNF788,0.3027878160697256
CLEC3B,0.30276751426932497
SLC2A10,0.3027584084450653
OR51E1,0.30259546305162305
C5orf49,0.3025309307259709
SIDT2,0.3025188132049889
VTN,0.3025146998850727
RUNDC3A,0.30247936035086354
RBP7,0.30242160900257703
TPBG,0.3024126553931135
ARHGEF4,0.3023390792940842
NFIC,0.30233814732467507
PIRT,0.30222418635670684
LOC285954,0.30213054444766513
ERCC6,0.30209219268179927
C8orf34,0.302068063378919
TAF3,0.3019593139266236
SMURF1,0.30189819215761915
RIT1,0.3018138212842037
ETV5,0.30180298367788744
ADRA1A,0.30172133925035055
TM4SF18,0.3016527809569365
PPP1R1A,0.30152556858877255
GAB3,0.3014994488130205
ST8SIA3,0.3014358934904558
KRT79,0.3013528946117647
ATF6,0.3013284447617647
PANX2,0.30131499649756865
NRSN2,0.3012684825296752
ARAP1,0.3012313640401968
NF1,0.30117557604390965
FHAD1,0.3010381169570277
RNF212,0.301028644861546
GIMAP1,0.3009359440197536
ABL1,0.30092164035924474
APH1B,0.3009153375630267
TACR2,0.30090796200865205
TSPYL3,0.30085305953923286
CEP68,0.30081839766383633
LINGO1,0.30072251652193605
C19orf44,0.3006201526407508
DMGDH,0.300529789368494
RAPGEF1,0.3005200848119551
CHRNE,0.30043093362043755
NAT8L,0.30041506534430334
MAN1A2,0.30035380683487223
ANKRD36BP1,0.30028582028944345
TBC1D9,0.30028095980033487
GATAD2B,0.30024686071776474
PMEPA1,0.30024297590534743
KIAA1024,0.3002168664662188
DBX2,0.3001899690187182
SOHLH2,0.30013611977072097
GATS,0.30013334232183486
CTSO,0.3000083157965242
LOC148696,0.2999321321351424
STAG1,0.29989209140069567
LDOC1L,0.2998673125112052
SPINK13,0.2998597928377773
KCNC1,0.29980119989382265
LHFPL2,0.29972873756208945
KIAA0892,0.2996866671961642
C4orf49,0.29958993042292204
C4orf12,0.2995742326420201
MTMR9,0.2994958260329956
C9orf102,0.2994624315523868
ORAI2,0.29943642874787985
SMCR8,0.2994009546895725
SELE,0.29932578210170685
GPR97,0.2993141586727939
DLG5,0.29930038202589604
DPYSL5,0.29922537558853407
SYNJ1,0.2991979227700169
MYO16,0.2991865660233241
MAP3K2,0.2990608566269995
AGPAT1,0.2990114192579042
LILRA1,0.2988999097175602
FAM115A,0.29888655847502965
SLITRK2,0.29887178180840857
NFATC3,0.29885732781200075
C10orf128,0.29880510428228246
ZFYVE26,0.29879494253300515
MATK,0.29876212997865736
CGB,0.29869674721539324
RET,0.29857978949547964
C22orf26,0.2985171814561706
NFATC2,0.29848962293718534
GIMAP6,0.29846001131526295
FFAR3,0.29832259021393864
SAMD4B,0.29832155109877434
TRIP11,0.2982181009309306
ZBTB40,0.2980427323528519
ATL1,0.2979549736198146
MIB1,0.29795335035185244
LILRB4,0.29790991829711355
LOC200030,0.29784217942408325
ST3GAL2,0.29775093289791266
SERPINI1,0.2976900718985116
DRD1,0.2975732060448625
FAM172A,0.297564188261794
MBNL1,0.29738535893925516
SLC47A1,0.2972694007122579
DAPK1,0.29725235895356933
SLC5A7,0.2972160670214698
MEGF9,0.2970358989039895
FAM55C,0.2970355621989414
BMP6,0.2970353229336952
ACSM5,0.2970275393793544
RAD54L2,0.2969997615707071
NBPF16,0.29696715152242564
ZSCAN1,0.29696318689722556
OR2A9P,0.2968890826020172
GPSM3,0.29687906716739
TSPAN11,0.29682993053150314
FMO1,0.29681445500044307
C1orf216,0.29680866517815246
RNF11,0.29678689793609825
NBPF9,0.29675796444250313
C20orf203,0.29671611499057504
ZNF804A,0.29669034864444954
FCER1A,0.2966722242090162
EYA2,0.2966087794970814
HS6ST3,0.296404548500439
PCDH19,0.29637954116911824
SP3,0.29632279297737824
GPR84,0.29630197015155557
PPL,0.2962815992541567
TFE3,0.2962291962402358
CREBL2,0.29621096401097036
ZC3H7A,0.2960762867877523
ANKRD44,0.29602051291821113
SLIT1,0.296003628122386
CECR1,0.29597971844455306
SIGLEC15,0.29583513713759846
ANKRD1,0.2958308897277808
CD300E,0.2957855549791157
NEK7,0.29565240408605786
C3orf54,0.29561896497430584
FICD,0.2955380363330635
ZNF548,0.29550483860879884
BHLHB9,0.29538890781853056
ZNF585B,0.295355865380167
ITPR2,0.29531323134077614
PLA1A,0.29528797013764313
NOS3,0.2952081546549895
DCAF8,0.2951461321729863
SYN2,0.2947708528994167
C1RL,0.2947646851556679
LOC92249,0.29451350034551205
SLC39A6,0.2939791974801052
SLAMF9,0.2939722743715976
ZNF573,0.29395820084239854
RNF216,0.2939423267163166
CDH20,0.2938945558746237
HIF3A,0.2938354629792743
ZKSCAN5,0.29383429177461023
PLEC,0.2938261035509627
SEPT8,0.29364849750530425
HSPA6,0.29350736003992295
DOCK11,0.2934741407720509
C14orf135,0.29347304017258274
FGD6,0.2934653829553548
SLC24A2,0.2934254369525027
TAF1L,0.29340076217851435
HS3ST3B1,0.29336374923938746
CLVS2,0.2931449585059913
LASS4,0.2930807523391461
AKAP9,0.29307933788490753
PRCD,0.29307696290453095
ZNF793,0.2929674696670046
TEF,0.2929123646876539
VAMP2,0.29288938413669047
LMX1B,0.2928629348896582
ARHGAP10,0.2928544271640159
GPLD1,0.2928321927325629
PDE4DIP,0.2927294822717281
PLD5,0.2926607552764261
TBC1D5,0.29251545706985904
GPR182,0.29226178246689
PCP4L1,0.2922594540607634
MS4A2,0.2922300807656166
P2RY14,0.2921848199060684
WDR17,0.29212672035319576
TIAM2,0.2920952972518067
DMRTA1,0.29176412202247504
MAPK4,0.29164531582147185
DIP2B,0.2915297802277351
TP53INP1,0.29139337378889363
CYBB,0.2913049508966497
CACNA2D3,0.2912357840962875
PLAU,0.2911529033844261
SLC30A4,0.2910519925653017
SUCNR1,0.29089025309519906
ZDBF2,0.2907794698687298
C16orf52,0.290652826463539
HDAC9,0.290594690583055
KCNN3,0.2905880344830738
ATP7A,0.2905371304870538
RGS19,0.29051265095624496
AFF1,0.2904617881955119
FOXO3B,0.2904463485204736
NEK1,0.29039462584216424
IBSP,0.2903659117794815
SOX4,0.2903281116901818
LPPR3,0.2903211448492083
SIN3A,0.2902273344390547
H2BFXP,0.2901486906156276
KLHDC10,0.29012972362058664
DISC1,0.2901142865518156
RASGRF2,0.29006634530181985
GRM2,0.2900332573476187
YPEL1,0.28989838943353635
GPR123,0.28980713681235837
VMO1,0.2897698457498172
C18orf34,0.2897292706226305
CYLD,0.28967548293706946
PROX1,0.2896345670578944
LCAT,0.28960784354512403
STAT2,0.28958943228801354
SNAI1,0.28957223970193674
GIMAP4,0.28955212146295195
LOC572558,0.2895456168113409
GABRG2,0.28952364507947165
C6orf204,0.2894998381130502
KRT17,0.2894982281262426
FGF18,0.28947364104767287
PTCH1,0.2894427331759004
HAVCR2,0.28942315472732133
ATP6V0D2,0.2893006580248126
GIGYF2,0.2892877365928523
IL17B,0.289146436186434
NCKAP1L,0.28912345112445365
ZNF516,0.28906556597195904
PAFAH1B1,0.28905385090165875
SLC27A6,0.2890300281069521
UVRAG,0.28902105124172633
FAM7A3,0.28891913254837326
HECTD1,0.2888714233860377
OTOA,0.2887967755073863
TCP11L2,0.28876729584523336
ZNF624,0.28876290970791557
CLEC7A,0.28874606688365245
VEGFB,0.28867326833674584
EMILIN2,0.28865526327135393
ST8SIA4,0.2886501239961765
GAB2,0.28856032677337723
ERC2,0.2884522817673542
TRIP12,0.2884380364975599
DMD,0.28841268591615515
FAM114A1,0.28836532321866865
ZNF264,0.28835110820532917
PANX1,0.28832202809064367
C5orf42,0.2883219295164518
SLC43A3,0.28817659158002357
MBTPS1,0.2881650362513104
C19orf35,0.2880883343090625
HIF1AN,0.28792996345249156
UNC80,0.2879062555816399
MGC23270,0.28788876158576027
C12orf51,0.28787017674489745
KLHL24,0.28782217899395884
TTC3,0.287809400096029
GABRA5,0.28779984783695217
GLDN,0.2877200859221459
GPM6B,0.28764893224540994
SUGT1P1,0.2875547127246068
SEPT11,0.28740732183895273
PDK4,0.28737847389118265
TMEM106A,0.28735655749939465
SLC35B4,0.28734885675463157
MARCH1,0.2872554121900521
RIMBP2,0.28722579389447905
CUEDC1,0.2870908947078319
ANO1,0.2870613251212515
KIFAP3,0.2869730668143366
TPR,0.2869704745028431
IL17RD,0.2869666747729278
SNORD116-28,0.2868748668918578
C9orf4,0.28672391711428064
C15orf27,0.2865868540314774
OPHN1,0.2865101552411056
SLC16A12,0.2862946086290123
WDR7,0.28626109557989715
DPP8,0.28619911203148096
DGKB,0.28614009116014544
ZNF415,0.28593425908044046
CCDC92,0.2858850379759061
FAM167B,0.2858325828079145
BAT2L2,0.2858097489756438
NUMA1,0.28575760460022886
RERGL,0.2857411731957118
ZFYVE20,0.2856688600330292
GXYLT2,0.28563196361319226
RIMS1,0.285573252302682
STMN4,0.28555930840874
IGFN1,0.28545167471337696
FKBP9L,0.2854379206353843
TRIM67,0.2853187163105919
IL11RA,0.28520729359817587
CMTM5,0.28512492112134075
SEPT7,0.28510494666286496
UBE2Q2P1,0.2850359016506031
WDFY2,0.2849969265471159
DYRK2,0.2849616519360732
BPI,0.2849457256073517
AGTR2,0.2849051385153614
PLEKHA4,0.2848621650740502
MYH2,0.28485994335490816
N4BP3,0.28484998189781563
FAM69B,0.2848238789534554
HGSNAT,0.2847591454613854
HSPA12A,0.28474435307185286
PMP2,0.2847272612040538
CACNA1G,0.2847227021699013
MOBKL2A,0.28451136452349435
KLF13,0.284468827539607
DENND4A,0.2844513823486942
GLT1D1,0.28437611524179945
KCNH1,0.28430959177119225
ADCY9,0.28428587916469555
CD4,0.2842621970831646
CHIT1,0.28424295206405176
PHF12,0.28423384499009796
VASH2,0.28421144655088565
ZNF221,0.28409125577041244
CNNM1,0.2840769332593331
VSIG10L,0.28406359426604005
ADIPOQ,0.2840428619521195
MFAP3,0.283981563064237
SAV1,0.2838811397821339
MGAT4C,0.2837878576670606
GTF2IRD2P1,0.28375812730059113
MACC1,0.2836934495173005
PTPRT,0.283669391881075
ZNF70,0.2836562948800606
RASSF4,0.2836123686849501
BAHCC1,0.28360786998096255
EPN2,0.2834873213130474
SSTR2,0.28347785723938573
LIMS3-LOC440895,0.2834757960149303
MYH3,0.28341534303032934
DAB2,0.2833024353535216
SLC14A1,0.283292110719462
BRWD3,0.28328478452268263
INPP5F,0.2832476785752957
TRERF1,0.2832220817306447
FBXL2,0.2831771868707449
ANGPT4,0.2831594459426406
C7orf60,0.2831081863875343
MGAT5,0.28309400331505513
HTRA4,0.2830901713345828
CA11,0.2830611539951929
GPR141,0.28300741477040897
CBLN3,0.28280920355016476
KIAA1632,0.28266103576256363
RERE,0.2826129153185813
SLC6A15,0.28254673084190485
PCP4,0.28250499059274237
THRB,0.28238809919673036
PCGF2,0.2822564873715567
TLR6,0.2822515553276359
RIMBP3,0.28224604172094664
CYP26B1,0.2821680610687862
FNDC5,0.28210820100546186
KLHL28,0.282067208773963
HAS1,0.28205107897254694
GTF2IRD2B,0.2820127556891489
LILRB2,0.2819939201299174
ARID2,0.28192178913817223
C11orf95,0.28190069109679805
RAB3C,0.2818488243554355
DNMT3A,0.2817063672272873
IRX6,0.2817055953283733
CDK6,0.28167979130243603
SUPT6H,0.2815286402132868
FCHSD2,0.2814742216894838
PHOX2B,0.2813213934732326
LILRB1,0.28125792930606963
MCHR1,0.28108782134465926
LOC339535,0.28100965495752767
ZNF569,0.2810059460298659
ZNF880,0.2808894787751658
CNTN6,0.2808417620170482
ATP8B3,0.28082892795394193
FAM19A2,0.2808154880899468
ZFP90,0.2807659657261332
MFSD1,0.2807630417115564
C1QC,0.28074675348465067
HERC2,0.2807243879403211
ZNF646,0.2806652000770775
CD86,0.2806435265643957
RABGAP1L,0.28061366723854253
CARD6,0.28060323917485663
BST1,0.2805751985497723
SYT14,0.2805543945310863
ADSSL1,0.2804555410528749
MERTK,0.280439281138134
AGPAT4,0.280346728212704
SIGLEC6,0.28016604231430425
SETX,0.2801502797545645
RFX3,0.28014494948510965
ZNF826,0.2801277308155428
RHOBTB2,0.28012140939553815
ZNF611,0.28009028948527803
C1orf150,0.2800281524174028
ZNF462,0.2796924216154282
MOBKL1A,0.27962075384047724
SPRY1,0.2795870010606225
PEBP4,0.2795749785808795
CST4,0.2794181769230624
GPR27,0.2793620285810544
ZNF662,0.2791770691366099
IRAK3,0.2791172872776592
IPW,0.2790995426704521
P2RY12,0.2790776142071813
YEATS2,0.279047358415275
DMXL1,0.27902521509179107
GCNT4,0.27882289559066986
LSP1,0.2787693342960721
MS4A6A,0.2787435239677739
LOC643763,0.27874334555446184
ANKRD12,0.2787304759390938
PAR5,0.27854540807574946
HCG11,0.2784394167887699
UGCG,0.2783861747733386
NSD1,0.2783820232837707
MYL3,0.27832855283508134
CDC42SE1,0.27829344886971696
C2orf84,0.2782040053269119
ZNF491,0.2781798744028835
MYO1F,0.2781749842379723
CXCR4,0.27808662368161136
RAMP3,0.27805704813220405
MADD,0.2780275222789
DLGAP2,0.2779985752950052
PLEKHM2,0.2779359260130038
TARSL2,0.27784071264060434
ERMN,0.27782726002908387
RAI1,0.27781744352046317
GOLGA9P,0.2778095893936632
KIAA1409,0.2777560659743348
CHODL,0.27770894585190825
RAB13,0.27765169394624034
PLS3,0.27743859979802793
UBR5,0.2772379282570621
FAM113B,0.27715286388812516
CLIC6,0.2771074766265825
ETV3,0.2770171585197672
MBL1P,0.2769546485081974
ZNF236,0.2769357526964323
GFRA2,0.2768612489386104
SGK196,0.27679192700892397
GBF1,0.2767624411883359
CERK,0.2766541421920924
CCDC158,0.2765930825475099
SYT6,0.2765450904520605
ASB1,0.27651438049955374
RAG1,0.27644904733988646
C6orf138,0.2764409484445402
HHAT,0.276420274155366
SDCCAG1,0.2762621564606884
NFAM1,0.2761191985730054
ARL9,0.27611432181683204
CST1,0.2760934609673862
MAPK8IP1,0.27604798027591715
CALY,0.27604531554883804
FLJ39739,0.2760041088275671
FCAR,0.27596272139119493
ZNF829,0.2759613861073572
LAMC2,0.2759527266613288
TGFBR3,0.27592448306159745
KCNC3,0.27591381238256724
EDNRB,0.2758786217256371
ULK2,0.27587378787584577
FRS2,0.2758626194699992
CRYGN,0.2758524446744987
CUL7,0.27584221683218313
CCDC69,0.2756935664856813
GTF2IP1,0.275679807361602
CRHR2,0.2755951904754072
TTYH3,0.2755934529904409
KDM2A,0.27556281643599184
RNASEL,0.27553714066035473
PPM1L,0.2755299728917543
GDF10,0.27547296729681303
FNDC3A,0.2754657907200412
C16orf62,0.2753762502137917
WDR82,0.27533309336561773
MED13,0.2753288561737959
SYCE1,0.2753009423406198
FJX1,0.2752445077706184
ADAM17,0.27520689162446454
MAML3,0.27519708456355657
PPFIA4,0.2751467371848902
FAM48B1,0.27509481323756113
CLEC4M,0.27496430097318897
PPEF1,0.2749574276123064
EID2B,0.27494807689363776
CACNB4,0.27494034070536855
THSD4,0.2749393374340237
FAM48B2,0.27491151704989786
PRMT2,0.27486823670999716
C22orf9,0.2748676790304007
PLDN,0.27486137662285326
PNCK,0.27485108839017247
CEBPE,0.27472954492192464
VIP,0.27461480536522825
SMPD1,0.2746043220460209
SCN2A,0.2745860367063168
VAMP4,0.27445591543194453
FARP1,0.2744014934839635
CHRNB2,0.274171709756412
RASA2,0.274168006297947
SH3TC1,0.2740336734301968
TAB2,0.2740180414696592
MUSTN1,0.2739669511858053
SIK2,0.27392565853289574
HS3ST5,0.27392044566236345
LIX1,0.27376946004231556
LOC728855,0.27375455126603926
SLC24A4,0.27360303703964695
HOXC9,0.27357955037722637
CRAMP1L,0.2734720714317506
DENND2C,0.27343787972260275
AP2M1,0.27342007929265305
TMEM55A,0.27337610376898636
RGAG1,0.2733623109004639
ZNF438,0.273208948537301
RNF144B,0.2731559251512215
EGFR,0.27308995507400785
FAM19A1,0.27306080464354826
SYT16,0.27304487028800906
MORN5,0.2730065210859593
C3orf36,0.2729176196876468
RNF122,0.2728117675851406
TP53BP2,0.27278979933352826
SPATA13,0.2726718785522536
SCG3,0.27263451856498
PSD3,0.2726240399263845
IP6K1,0.27257683578592146
KPNA5,0.27255387426476896
LRAT,0.2725508126390503
CDK5R2,0.2724205202587567
IL3RA,0.2723845418535798
SPTAN1,0.2723329603072361
CHST7,0.2721545517654956
HAS2,0.27199036353428213
LOC255167,0.27195797629098545
LIPA,0.27182159292519353
TTC23,0.27179619208561323
TRIM62,0.27173675333978814
NECAB2,0.2714906755434384
APOC1,0.27143982941130124
ZNF778,0.2713683301349215
C15orf51,0.27119351685676296
RASAL2,0.27116915835883326
TTLL1,0.2711615727326721
ARMC4,0.27113141223701026
RYR1,0.2710661727795913
PHF15,0.27102067230325216
PTAFR,0.2709358727910941
B3GALNT1,0.2709110272316834
N4BP2,0.27089956983196556
AP1M1,0.27080662428608016
C10orf54,0.2706263315657998
SST,0.27059279431797373
TPO,0.27055616938387034
WNT7A,0.270490372057304
SIX5,0.27048420191709555
RFX7,0.2703483435618754
CDR2L,0.27029751818898196
SLC5A4,0.27023943566728686
LRCH1,0.2700740841812062
KLHL21,0.2700146797951821
CHD4,0.26998280806877867
PRPH,0.2699657371226261
LRRN3,0.26990859682809715
CXorf21,0.2699073028198585
COLEC11,0.26982977025766425
ZNF592,0.26966853402542695
PLA2R1,0.26966317075643603
DOC2B,0.2696246092197419
UBN1,0.2695901566230829
RAPGEF2,0.2695139596936286
ZNF546,0.2694674998131069
C22orf46,0.26934186934894583
GREB1L,0.26929055074793684
TREML3,0.2692494334388894
SCT,0.2691998249820979
C8orf46,0.2691894698344879
CCNT1,0.2690859252839744
ZFP82,0.26907294688672684
PLA2G7,0.26906020584680257
GADL1,0.269055553529744
FMNL1,0.2690462389413973
SERPINA5,0.2690215541630508
LASS5,0.2689946166010494
DIRC1,0.26895750122357726
F5,0.26892559871556465
PPP1R3F,0.2688681055686864
BMX,0.26885585054127653
TFEC,0.26882440292733184
MAP3K1,0.2688228626889665
TMEM79,0.2687945842917253
LYST,0.268698380651857
MFNG,0.26860672397329505
PTPRB,0.26857620110934854
LOC400940,0.2685602905963184
DLGAP4,0.26855246735216604
DDI2,0.2685064322124067
FBXO10,0.2684937201851324
CR1,0.26843331552457866
ANXA8L2,0.26836365629754205
LOC220930,0.2683096969453698
RAB3B,0.268033740604678
CASQ1,0.2678888176526226
PRAF2,0.26782181522586807
PCYOX1,0.26778533653204895
AP4E1,0.26767587661467085
CASS4,0.267565777096812
C14orf118,0.2674788049601021
CHI3L1,0.2674636992122327
DLEU7,0.267101668182269
NCRNA00092,0.26702972519720153
OS9,0.2669679989308142
NFAT5,0.2669196355186174
TSSK4,0.2668154870523769
SNX30,0.2668055301030222
ZNF275,0.2667830767744378
HEATR5B,0.2667796871312386
IKBIP,0.26677009373105537
IGSF9B,0.266755740117552
CD300A,0.2667282213465153
NAALADL1,0.26670043277594
SIX1,0.26651893264103965
C21orf82,0.2665008368722547
ZNF160,0.2664320311496255
TMEM217,0.266410081863058
ERBB2IP,0.2664029186374783
P2RX1,0.26637417281641096
BRAF,0.2663384671645175
ZNF616,0.2663244123048754
DNAJC5B,0.26630618154750135
BAZ2A,0.26621838526442465
FLJ35390,0.26618655633501037
ERVFRDE1,0.2661719914436223
TBX18,0.26615543337317
SPG11,0.26603183414183224
LOC153684,0.26588228231648164
LOC154822,0.26587943627952243
SEC23A,0.2658691278111236
ENO2,0.26570467417292015
PHACTR2,0.2656183691618639
USP22,0.26556410411685494
SNURF,0.2655518981257253
ZNF280D,0.2655462449519056
AMPD3,0.2654817315366661
LOC100129550,0.26544717709731375
C1QTNF4,0.26534157299077016
SRRM4,0.2653011160089527
CPNE8,0.26515688595999237
MEOX1,0.2651493857996123
CCL16,0.2649464573485216
TMEM30A,0.2649398606116288
RXFP3,0.26484695660851354
AAK1,0.2648333127955764
SLC7A7,0.26481349516746894
RNF24,0.26479024784181987
WDR19,0.2647171434300538
TULP3,0.2646836625231726
LPPR5,0.2645447591632608
DACH2,0.26448648331014596
PARK2,0.26448098939934944
GPR132,0.2643387054635093
MPEG1,0.2642940714645013
CLEC4F,0.26421089488370775
TICAM2,0.2641839550117949
NCRNA00085,0.264178944293663
GATSL1,0.26401165893735173
DNAL1,0.2639840437450891
PNMA2,0.2639717414360535
ATRN,0.2639458229673701
WNT5B,0.26393634211911304
RAB7L1,0.2638986381741853
CLIP2,0.26383381225584485
SFTA1P,0.2636771036629822
NOTCH1,0.2636677510229258
MICAL2,0.26365741662271797
VLDLR,0.2636497312133808
SLC6A6,0.26364892827575936
CYTH4,0.2635811423039488
KCNB2,0.26357728170292877
ZSCAN29,0.26351168787272533
GDF3,0.2634924578604963
FLJ11235,0.2634231466510254
LOC442421,0.26341128590163015
PUM1,0.2633826729042715
SLC10A6,0.2632831113065825
ZCWPW2,0.26326731006023224
ACP5,0.26308673887208295
CHRNA6,0.26307857195879514
DUSP19,0.2629782617304758
FMO3,0.2628910439327413
PELI2,0.26256391426440046
EEF2K,0.2625367372076873
UHMK1,0.2625099921988635
BMP4,0.2624556263873526
TBX19,0.26236582373052214
TNFSF13B,0.2623189069006978
SULT4A1,0.26231732754361514
BTBD11,0.26227619016799475
LOC100270710,0.26226898044450386
EMR3,0.26222239674321673
CREB3L2,0.2622093378207503
MAP7D3,0.2618908970629116
C2orf65,0.26189040983938616
LNPEP,0.2618641943889252
CABYR,0.2618340851440719
ASB2,0.26157632731652397
CIDEB,0.26152742597152484
RASSF3,0.2615226105151598
PDE1C,0.2612804767771832
GDI1,0.2612143084335422
APP,0.26116592567861024
ZNF449,0.2611078547161755
SYNRG,0.2610344411167269
FAM106C,0.26099333017419485
DOCK2,0.2609392805490764
TWSG1,0.260918139024798
AJAP1,0.26091722881833773
PCDHB13,0.2608912157775095
DDHD2,0.2607464696835397
TPSB2,0.2606570580154604
NAIP,0.2605766027135604
APC,0.2604628678122166
HSPB1,0.2604501066592561
MDGA2,0.2603589133504827
SPEN,0.2603367222914358
TLR8,0.26029571603228596
ZNF559,0.260254705925764
ZNF549,0.2602385519148763
SYDE2,0.26015697873425003
LCOR,0.26013044580321565
KRT33B,0.26012711446445397
DCX,0.26008528342411985
KCTD20,0.26006844342808083
VPS8,0.25986103673607236
REL,0.2598325437712469
GABRQ,0.2597993189840708
CTSZ,0.2597864270494277
BCL9,0.25977804839707536
GRINL1A,0.2597759906548347
PPP1R9B,0.25974991744494785
POLR2A,0.2596647476332403
KRT34,0.2596563702507454
ART4,0.2596445156126894
CACNA1B,0.2594937755835575
RBP1,0.25948310720905626
HBP1,0.2594754040534925
SHISA6,0.25945871752807276
NETO1,0.2593908463338175
EIF2C1,0.2593552533818036
PRCP,0.25925991140782984
ARHGEF33,0.2592363308331715
TMEM65,0.2592069491798439
C17orf102,0.2591837045716505
C1orf101,0.25917757565971655
ASPRV1,0.2591731389624799
DTX1,0.2590970339721466
DNAH11,0.2590836375619053
ARHGAP42,0.2589704290965027
PI15,0.25892318368707956
CADM2,0.25889606336027626
HOXD11,0.25887354050836126
TPM4,0.2587895176287683
PJA1,0.2587379060914487
SLC30A3,0.2587286754409303
FAM150A,0.25863063460194224
ZSCAN20,0.25857870534247573
HECA,0.2585375247392842
SLCO1C1,0.25852542607834444
LRRTM4,0.25848699573615114
S1PR2,0.2583346049394834
LOC100272216,0.2582750231588381
YPEL3,0.258250076980617
CPE,0.2582419853465793
CD302,0.258188296261275
GPER,0.258185043895765
GPR20,0.258126346727521
C1orf192,0.25808063942276643
GALR1,0.2579415474927122
KCTD1,0.2579347256358942
ZNF710,0.25785161867746215
TGFBRAP1,0.2577575666759098
SLC22A16,0.25773013162986175
FABP3,0.2576539633310562
PDE4A,0.25763099654901267
PTTG1IP,0.25760877717275066
SDS,0.25755008440446003
HOXD9,0.25749568301150266
HHEX,0.2574634821835505
ZC3H11A,0.257385257684008
MYOT,0.2573581643057543
NDUFA4L2,0.25735072128648323
MPHOSPH8,0.25733613949240486
TRIM4,0.2573208730731669
CASKIN2,0.25731809902961733
PLOD1,0.2571480921118285
LPL,0.25711966949454473
FLJ42627,0.2570805719058336
GOLGA2,0.256980789669984
LOC100101266,0.2569357418079898
WNT10A,0.2569092311704856
MED12L,0.25688780725395544
SLCO2B1,0.25682290018129117
WNT6,0.25677596837118793
CUL4B,0.2566051394521728
IQUB,0.25652574794301125
RGS3,0.2564646527384597
IFNAR2,0.25640169935336327
LOC151174,0.2563939781055903
PER1,0.256376227289101
CYP26C1,0.2562812300154144
FMN1,0.2562503164211097
ZMYM3,0.25622995899306417
KIAA0947,0.25616538209328277
LRIG1,0.2561314064192794
LEFTY2,0.256045457872842
SGSM2,0.25603656368730393
NGRN,0.25603147834314544
STIM1,0.25591935209327316
ABHD8,0.2558977025905827
PAX1,0.2558788164448332
HIVEP1,0.25585718476142966
MAGED2,0.2558045304899394
DLX1,0.2557683789551932
SH2B3,0.25575499419007647
PHYHIPL,0.2556168378597104
SLC39A10,0.25559952744971853
NDST3,0.25559186460499267
C12orf69,0.2554745719294881
LOC729678,0.2554379153215497
TXNDC2,0.2554303660124029
LOC651250,0.2553851604963631
C11orf30,0.255343023691134
KRT3,0.25530149386482853
RAPGEF6,0.2552227425788656
ZPLD1,0.25520310846183275
LOC100134259,0.2551980348254683
H6PD,0.2551618367966024
EMR4P,0.2551283502350676
FOXO1,0.25511616490497474
SACS,0.2551051605338039
RIMS4,0.25504237689207554
ELANE,0.2550205964744941
ADRA2B,0.2549788773081329
BIRC6,0.25497337996373104
APOLD1,0.2549338706178711
DKFZp566F0947,0.2548054361064404
ZNF623,0.2547916409937164
TMEM88,0.2547238560233426
RRAGB,0.25471880236901717
GOLGA6L5,0.2547033406945059
MED1,0.2546688533009472
KBTBD7,0.2546224661791814
CREG2,0.2546115878574722
MTUS2,0.25444635483316297
TRPC2,0.25444143067723785
CYP2U1,0.2544226088896135
MAGED1,0.25437827220464004
ZNF429,0.2543745104021744
GRIA4,0.2543542736122125
ALAD,0.25428402443856113
TAF1,0.25427887490863876
SCRN1,0.2542599516852167
RIN3,0.25422887680262746
RSPRY1,0.25420893958408464
ADAM21,0.2542014169664919
LRRC70,0.2541946060129692
FAM162B,0.2541811450866932
CELSR1,0.25417885393000006
CD180,0.25414767892744955
TACC1,0.25413624038260485
TMEM185A,0.254053500821151
CDK19,0.253903970383249
ANKH,0.25385351359249314
HAPLN3,0.2537181703196621
ADAM22,0.2536539808494659
RTN4RL2,0.25358196486501056
KIAA0494,0.25356181846206755
SPHKAP,0.2534594019655403
PRSS53,0.253373019485668
TMEM196,0.2533576721879486
PDPK1,0.25333565107251305
IQGAP1,0.2533351124248357
ZMYM2,0.2533301623247045
ARID1A,0.25328005266245784
C9orf170,0.25324709693389214
C6orf59,0.2531302903754479
RSPH9,0.2530526070302152
GOLGB1,0.2530441222067578
ZNF211,0.2528856240006256
FGL2,0.25286813989334467
SFTPD,0.2527988736320494
LAMB3,0.2527928777061825
RCVRN,0.2527609360682198
LOC100128288,0.25260948063981203
SLC15A3,0.2525504485718532
LMTK2,0.2525441617141303
TLR9,0.2525053956902365
C6orf168,0.25243749167611423
LOC100286793,0.2524233881315416
CCDC144A,0.252384121268678
C3orf59,0.2523114430524309
LRRC48,0.2522923498422652
ADAM10,0.25215076569792344
CCNDBP1,0.2519177869727319
OR2A1,0.25188781576379443
C15orf28,0.25184640818833154
AGAP11,0.2518455607941074
ZC3H6,0.2518314421521092
NYNRIN,0.25158111468636624
CPA3,0.25148488034604116
TCF23,0.2514520395926753
KIAA1486,0.25142156950755834
FAM120C,0.25139811505638693
SLC38A11,0.2513971137247637
ST18,0.25137093838456986
PIAS1,0.2513665301195407
RAB39,0.25127427971536587
FBXW2,0.25125678910298527
BTK,0.2511027840315443
SETD1B,0.2510656831862058
EYS,0.251013106845302
AIF1,0.2509636548900098
DYNC1I2,0.2509559330349027
MEIS3P1,0.2509235110951028
CLDN10,0.25089937701117676
AKAP11,0.25086258947898066
MC5R,0.2508623425889943
DOCK3,0.25080454237458183
C4orf39,0.25063808760462997
TNFSF8,0.2504945598827582
DENND5B,0.2504081487046307
TBCK,0.2503800879412
LGALS12,0.25032153210061886
APPBP2,0.2503084533384972
POMC,0.2503006763030818
SH3BGR,0.2502503347504749
LOC283174,0.25025026612135814
MC2R,0.2502341510062814
LRRC7,0.25013501035659014
CYSLTR1,0.25013444125928097
ZNF334,0.2501108777955709
SEPN1,0.2501074089954019
ZNF500,0.250085426965128
IGDCC3,0.2500297464135123
DDX24,0.2500020371739514
RBAK,0.24996495445508324
BTRC,0.2499394903386781
ZNF678,0.24993485692887454
C1QB,0.24991882359087997
CRTAP,0.24981105391238684
RANBP9,0.2496851897787443
DCLK3,0.24959358723483407
CSMD1,0.2495931134805772
SEZ6,0.24957431702479968
PBX2,0.24953818397000607
ETV3L,0.24950354654546184
PGBD1,0.24946875447506328
IL1RAPL1,0.2493870880161385
APOB,0.2493506323954694
LOC401463,0.24934309166115404
LOC100190938,0.24929345927988422
CARD9,0.24924366586053817
CCDC106,0.24906890255100902
SNX19,0.24896579866738858
FBXO39,0.24867645877938885
TBC1D17,0.24859265616051007
FOXO3,0.24858503965832573
LOC100132288,0.24848271192613897
PDCD1LG2,0.24843036225428025
ZC3H10,0.2483884662505717
PARVG,0.24824966723214342
VSTM1,0.24818308638397427
SETD7,0.24813859111316944
CUX2,0.24811303303786067
PRR12,0.24808416887351303
KAZ,0.24803363800379263
ANXA1,0.2480119175443596
LOC100240735,0.2479999358263838
HIST2H2BA,0.24796709721573215
TP53INP2,0.24796597993992098
PSKH1,0.24791563778916165
CGB5,0.24778284862301814
C14orf43,0.24777265816160807
GATSL2,0.24772705904354048
ZNF98,0.24771800932434546
LRFN1,0.2477126407095682
GBE1,0.2476845201218274
METT10D,0.24764004421840036
SETD5,0.2476104217498722
NCRNA00182,0.24760351211545367
DGCR5,0.24758847177987728
LOC100170939,0.24749400126170903
ARRDC3,0.24748273992952735
RIMBP3C,0.2474701298969428
ZYG11B,0.2473979590471957
SLC38A2,0.24739191322218573
ZNF883,0.24738276632125164
SP1,0.24737910575372585
GPR156,0.24735228330065917
GNAI1,0.24726339109017695
ZNF585A,0.2471467836941659
LTBP4,0.2470750829333116
SMAD3,0.2469574654158473
MON2,0.24695248466657596
SAMD8,0.2469420480897512
NPHP3,0.2469409951297332
LOC554202,0.24690505576013352
TNKS1BP1,0.24685397710700688
WFS1,0.24683941173644267
PHOX2A,0.2468209619513315
CSF2RB,0.2468182438473603
HABP4,0.24675536409800256
SLC35E1,0.24654829070535386
FLG2,0.24647331610998144
ZFP28,0.24642998238548858
S100A4,0.24639537595342095
RHOBTB1,0.24635249631746156
GLP1R,0.24623647518850295
TOR1AIP2,0.24619539948951596
ZNF430,0.2461455930226209
FERMT3,0.2461434262979765
PCDHA7,0.24610846790069466
SNN,0.24593457141495972
VENTX,0.245865454702212
KRT80,0.24582894717044385
SIGLEC10,0.24578479933526323
TPSAB1,0.24578290013655316
CLCN6,0.24578098011999602
ADCY7,0.24573337228313416
C15orf38,0.24567712983432635
WIPF3,0.24561928135391417
NOV,0.2456116486542355
FAM73A,0.2455516500660606
DENND3,0.24554499725448928
SMOC2,0.245408482715411
RNF130,0.24540054166286523
ARHGAP25,0.24536603018607026
UPF2,0.24523408937476854
RB1CC1,0.24518258019831113
ICK,0.2451043990141672
ZNF618,0.2450185926980799
CITED2,0.24495911729530268
POLK,0.24493404797148838
RHBDL3,0.24486438090432028
ADH1B,0.24484678950995584
HOXD3,0.24481949100547118
ZFR2,0.24472525741928944
LOC100129034,0.24470549086550128
MYO1E,0.24468074127879333
LOC653786,0.24459464919916132
TIGD7,0.24441558550954814
ZNF284,0.24441307298662235
RTF1,0.2444092633790538
ZNF704,0.24440472013227646
C20orf197,0.2443413044907518
SNX1,0.2443111459056625
HOXC6,0.2442341236811733
NPPB,0.2442174401647999
ZNF397OS,0.244115957978707
RGPD1,0.24392571379852862
C15orf54,0.24387024292268483
CHST2,0.2438250778520771
C16orf81,0.24366337086836445
PTEN,0.24360709889226487
FBXO38,0.24359430811505192
EVI2A,0.24357719260293156
GRM7,0.24339120178105741
RAB42,0.24334375457379087
SPATC1,0.24330533611415214
INSR,0.2432518214216739
LIPN,0.24324769520856282
ZXDC,0.24321478302513275
RASSF5,0.24320913312381975
PCDHA13,0.24312885369806359
TSC22D2,0.24312138852894785
FAM127A,0.24304247118084205
ZNF257,0.242958694749076
FYTTD1,0.2428703378265369
MARCKS,0.2428368319760937
FAM78B,0.2428226870596125
LOC283392,0.24281930947530825
SELPLG,0.24277308682326446
KCNS2,0.2427728679457153
ZNF81,0.24263355454877547
MARCH8,0.24262685789051805
ECE1,0.2426265816691116
CD37,0.24254028863053934
LRP1B,0.2424266189414554
PCDP1,0.24241790647778916
SPATS2L,0.24234205910287202
LOC284440,0.24233169235510973
ZHX1,0.2421479174602942
KLHL10,0.24200431834415237
ZYX,0.24198130288414169
SNX31,0.2419802642074444
SERINC3,0.24194786606682017
TMSB15A,0.24185013721966764
IL10RA,0.24185003247310097
TXNDC3,0.24183684001371808
RNF168,0.24173525377135557
NGB,0.241720723341409
GPR107,0.24167427389856336
EXTL3,0.24163348108588273
HCFC1R1,0.24162080179036316
CDK13,0.24159026056181476
EN1,0.24158454669399765
INPP5B,0.24150585441299338
PTGFRN,0.24147394121821447
RASGEF1C,0.2414355987904405
CNTNAP4,0.2414270509594685
GSK3B,0.24142431708350073
PGAM2,0.24135277124292848
EEF1A2,0.2413011861727399
TRH,0.24127744121486866
LOC121838,0.24127196965679812
EHBP1L1,0.2412109038064567
SIX2,0.2412045855814307
COPA,0.2411492966842791
ARMCX3,0.24113950188496
LOC387647,0.24111292511203375
ADARB2,0.24105519506217668
SIRT4,0.24105160516279164
ITGB8,0.24104169418577048
RGP1,0.24087950327933036
PLAG1,0.24074417097204345
EMP1,0.24071939872211423
FBXO30,0.24071217802293024
HOXD8,0.24056664120376858
MYLK4,0.2404751183620947
SCEL,0.24047500327632862
FRMPD1,0.24047313293730893
PLOD2,0.24040393276037803
CERKL,0.24038167092136808
GJD2,0.2403683010759252
GNRHR,0.2403659142011841
S100Z,0.24028324142809213
FOXI2,0.24024224069090985
CGGBP1,0.24021064584246563
SNCB,0.24020421335509418
HOXA4,0.24003665723511
KDM3A,0.2400308893348236
KIAA0556,0.2399759612689304
MYOZ2,0.2399433288658518
NCS1,0.23993446216372397
BRD4,0.2399171893594475
NPTN,0.23989825892742775
CCR2,0.23986612955066458
C17orf60,0.23957767462493224
CCDC144NL,0.23954729193170848
FAM190B,0.2395382599155511
GRIP2,0.23953284212453937
SEL1L2,0.23952990781829475
C15orf17,0.23949582933308444
ANKS1A,0.2394084548997973
LOC441208,0.23940393132864476
PRR24,0.2393748844691471
KCNG1,0.23936348627620413
CTNNA2,0.2393022911780874
BMP3,0.23928834548242517
COL7A1,0.23911353840448052
ZNF292,0.2391111600529246
CD300LG,0.23901803421846732
ZNF268,0.23895572898795586
BBS10,0.2388996130291544
FAM176A,0.23879794380988711
C10orf25,0.23873961326315765
SERTAD2,0.23867170739335342
ACER2,0.23865439831038576
FAM120B,0.23862309045530253
RSPO4,0.23855189805741345
TNRC6B,0.23839039519032393
KLF11,0.23835012456811533
HILS1,0.23819972888896304
C17orf51,0.23816688336402825
GFRA3,0.23815364690028748
ERMAP,0.23806127563208346
FBLIM1,0.23805754608394802
KBTBD2,0.2379401148112484
XIRP2,0.23792258074396386
HSPA1L,0.23791511611368324
RPS2P32,0.23783397052267025
CETP,0.2377565823436918
KDM3B,0.23773739825141274
NFIX,0.2376301513150667
NRCAM,0.23760710601928714
CD209,0.23758527573782154
SUPT3H,0.2375005604007757
RUFY2,0.237437393634785
HCLS1,0.23730572180445247
OR56B4,0.23725994559572597
ZNF347,0.2372581561906953
MTX3,0.23721961063667182
EP400,0.23710984198110083
CIDEA,0.23708113580603613
CRYBG3,0.23707523289530172
PLTP,0.2370734650176966
ITFG1,0.23706924058712342
CCBP2,0.23702488907110975
EFHC1,0.23699748202847482
KIAA0467,0.23698871629032955
TECPR1,0.23694151692410542
SLFN5,0.23693806812924242
ZNHIT6,0.23691423937720876
SMYD1,0.23691137739370657
LOC284688,0.236909662955199
RCSD1,0.23690107596126847
YY1AP1,0.23688666997093988
SYT12,0.23684429506802518
CCKAR,0.23679271328125343
EZH1,0.23677757506839373
GJD3,0.2367772902697707
INSRR,0.23676028680766253
MGEA5,0.23675235105585063
SBSN,0.2367398920040831
KIRREL3,0.23671507822859408
FBXO21,0.23670221951631604
SRGN,0.23662351309430046
C1orf26,0.2364433290146217
GLIPR2,0.23637290892997148
CCDC144B,0.23636638641593705
PIK3CG,0.23636477157634866
SNTB2,0.23636259558491465
ZNF34,0.23621611925289945
ITGA8,0.23618749967186417
GABARAPL3,0.23618223931469653
AGRN,0.23615171691844541
C3orf34,0.23611034340893874
SCPEP1,0.2360841253561471
ELF2,0.23607354066347325
CTNND2,0.2360263167847474
TLL2,0.23600947376031847
HOXC8,0.23587752557269884
C5orf24,0.23583894500333705
WAC,0.2357199941801185
LSM11,0.23568735991487536
C1QA,0.23565133337250807
PELO,0.23554869587977614
HEATR6,0.23550838520493836
PRDM11,0.2353138772032508
LILRB5,0.23526319196476594
SNPH,0.23521516965002373
STX2,0.23517091650291796
APOL5,0.23513088368112944
TUG1,0.23512292469606122
HFM1,0.23509674821904528
ARAP3,0.2350754893959089
MNT,0.2350635765422166
DNAJB9,0.2350212017339908
GPR137C,0.23491640999012744
ZNF550,0.2348745366042934
FAM184A,0.23483692369667403
SLC16A4,0.23480155792136642
RYBP,0.2347848481600126
WNT7B,0.23452683496562587
SGPL1,0.23450538860703135
TREML1,0.23448469783850828
POGK,0.23446813293080304
NRG2,0.2344610022606163
TMOD1,0.23444853022795503
RENBP,0.2344450183300856
CHST6,0.23440909467920654
ARNTL,0.23436651370236677
CACNA1A,0.2342494343790905
TSPAN32,0.23420084778078318
PTPRA,0.23415294478682888
CLIC2,0.234117468181347
PROS1,0.23411351781898845
LOC149837,0.23408799004345848
ZBTB1,0.23406155155714278
C2CD3,0.23405122065047693
CYP8B1,0.23399044488774678
DSCAM,0.2338666872928593
ZNF286B,0.23372815712980033
PCDHB14,0.23370835833286696
ABCG2,0.2335574492858058
GPR64,0.23355112950531037
SPAG17,0.23351306625981452
SSPO,0.23339689848021955
ZNF287,0.23334576053412162
LRRN1,0.23333531251247294
MRAP,0.2333350533014518
RFPL4B,0.23330682218993573
MESTIT1,0.23325475288605152
RRAGC,0.23320024963856417
ARL13B,0.23319354125903213
PDGFA,0.23305081873159253
WNT2B,0.2329641294039269
CAB39L,0.2329589699407277
MYO1C,0.23293051279904928
KANK1,0.23286141488024467
NEDD4,0.23285023404511535
NFE2L1,0.23281012669500462
EPB41L1,0.2327975874773854
C10orf68,0.232647009591517
PIK3CD,0.23262202317814218
CASC3,0.23257731193090211
RAPGEF4,0.2325675560272178
ZFAND3,0.23255940664787156
TAC1,0.2324925168519225
PCDHA9,0.23247742045779604
TEAD2,0.23241528217732918
MARCH2,0.2323372192652541
XG,0.23228771144766994
KCNMB3,0.2322796903971357
NBAS,0.23227224557587922
SH3GL3,0.23223407453104686
IGFBPL1,0.2321110097850165
FAM109B,0.23205767145345474
WDR37,0.2318536152869661
TRAF6,0.2318125263705554
ZNF791,0.23169028168779116
UBL4B,0.2315265455418662
KCNK12,0.23152490366776118
LUZP2,0.23151710483774188
LOC441177,0.23145332048330236
MYO3A,0.23145261775894752
PHIP,0.23144003504979446
CCND1,0.2314013358040701
WNT16,0.23138048606093137
ELMO2,0.23137267768204003
DPCR1,0.23136048332740441
ATP10D,0.23135478860814276
ZMAT1,0.2313420367088862
HSFX2,0.2311346745096541
PLD2,0.2310843795733217
C14orf102,0.23106274597886997
DYRK1B,0.23106258568310212
PRRC1,0.23104943103069095
CTSG,0.23102542737103798
BRD3,0.2310214961030891
RICTOR,0.2310072867507896
FAM65B,0.23085036988837462
ZNF426,0.2308171328593754
ADAT1,0.23072218661211918
ZNF397,0.23067921350278828
APBB1IP,0.23063351106659968
PRPF8,0.2306233153633021
ST6GALNAC3,0.23061153247385835
ASGR2,0.23055800644592783
NRN1,0.23048188564558417
SSH2,0.2304816665448656
MGAT1,0.2304497474494473
TMEM133,0.23037947402367925
CLEC4G,0.23035391580406614
TES,0.23029597176273314
COL4A4,0.23016746483951492
KCTD2,0.23016542329773554
TTC17,0.23015530926149066
ZNF445,0.23008242539411997
TRIM39,0.23004798997254775
PAR-SN,0.2300300609964014
TBX5,0.23002030097647913
UNC45B,0.2300031561329322
NFE2,0.22998021268348576
GGCX,0.22992312889305
GRIK3,0.22992225412137224
ERCC4,0.22990777010934751
BTBD8,0.22981307609593882
IGSF1,0.22980538548319804
ARHGAP5,0.22977732009298138
IFNAR1,0.22971025355351093
CCL11,0.22969421437093887
MAP1LC3C,0.22964103824273355
SKIL,0.22958481625263763
PLK1S1,0.22954646612284582
AMDHD1,0.22954604284079982
EMID2,0.22951878037740545
CFHR3,0.22949403028848867
KY,0.22947515481167563
SLC2A12,0.22944211214978075
RABEP1,0.22939972307102238
BPGM,0.2293984685058911
SPTA1,0.22936619096649355
KIAA0226,0.22932630337785145
ALS2CR11,0.22931054714100124
TMX3,0.22924363745882256
MYO10,0.2291397326605932
CGA,0.22911171024948024
RAB11FIP3,0.22909375792418749
LOC257358,0.22909287519731322
MPZL3,0.22903244853940666
IGFL1,0.22892949787974903
MTMR2,0.22866270492999397
RAB2B,0.2286596555541807
SPRY4,0.22862611217485243
LST1,0.2286159637299315
HLF,0.22861169922686234
ISYNA1,0.2285948380468516
LOC100130691,0.22858762432505322
LOC283267,0.22849427063227137
ESPNL,0.2284580552796144
STRN,0.22845586813470425
DICER1,0.2284526606835788
ZCCHC12,0.22843374906284747
SMAD9,0.22842928473307827
PAK2,0.22836696061282366
FOSL2,0.22835508711034802
RGS16,0.22835420435148499
PGM2L1,0.22835393873684326
KLHL3,0.22833337561391878
SLC18A2,0.22831849504565735
SH3BP5L,0.22831835976761725
C16orf72,0.22825253125227327
PLCD4,0.22819572048769235
CD59,0.22814624372706385
PTPN23,0.2281443851547475
HOXB4,0.2281325344714586
CPN2,0.22811871013574
CCDC141,0.22801322278354075
CAMTA2,0.2280069689269948
FAM78A,0.22788540909109017
STK10,0.22780876110199694
GDF1,0.2277245345298652
MRGPRD,0.22768678283572183
FRG1B,0.22760434216183598
GTF2IRD2,0.22757948850661608
ARHGEF11,0.22754941098999387
CHST8,0.22744041401620113
IGSF6,0.2274281480400229
FAM157A,0.2273921881038555
SLC25A30,0.22724089503840725
MIA3,0.22717185715788302
LILRA5,0.2271558510674443
NRXN2,0.22714938722110353
XKR4,0.2270965526908089
SORBS2,0.2269607052790012
SIPA1L1,0.2269060291773651
ACSBG1,0.22679257245148068
CFI,0.22677237608993114
SEC62,0.22675614480960146
EFNA5,0.2267404673226474
ZNF821,0.22670787859417124
INSIG2,0.22665279279534004
IGFL2,0.2265957709128936
DOCK8,0.2265686742180114
ENAM,0.2264745003089766
KIAA1109,0.2264248902998327
BRPF3,0.22640526949456422
CYSLTR2,0.226230606225175
RAB3GAP2,0.22619737221317052
PHTF2,0.2261836758806909
PLXNA1,0.22616670494679803
CTCF,0.22615383075899465
CEND1,0.22613701623574786
SDCCAG8,0.22612779129957788
DNALI1,0.22607305529148788
CD53,0.22596252047522275
VAMP5,0.22592230575443453
CCL18,0.22589418960463523
C2orf42,0.22576456482694218
ZNF148,0.22574752758832925
LOC642852,0.22571858302505254
P4HA2,0.22570022959211208
SYCP2L,0.225693162285662
CP,0.2256694890000303
SNRNP200,0.2256353475233128
TULP4,0.22557194057118204
DMP1,0.22554597432733145
FAM182B,0.22552596250044646
MCOLN1,0.2254936469217139
DPP10,0.22547756777378689
DDX6,0.22539359335468667
CSMD3,0.22534180864584197
GNG3,0.22516376702476526
METTL11B,0.22510374214861242
SNTG2,0.22507111990351272
ANGPTL4,0.2249516252347054
ARHGEF9,0.22487564582760644
HOXC10,0.22480864985304475
PGBD3,0.22478807671716314
RNF185,0.2247741430541636
TRANK1,0.2246067642478675
MPL,0.22456711944891405
SLC15A4,0.22453520485137496
KIAA1429,0.22447477044349926
CDC20B,0.22439261789909218
ZBTB41,0.22433720179407132
CEP63,0.22419334054235462
NOX5,0.22416246630233524
IL17D,0.22404916642659412
COL23A1,0.22402225589854594
KDM6B,0.22400537295934664
NPC1,0.2239826672425136
GCOM1,0.22397509179093292
WIT1,0.22396160746184993
USP8,0.22391125490614178
RCOR3,0.22383827829253403
GPR183,0.22377800084428695
KIAA1328,0.22371473901771338
GOPC,0.22362977563385958
KCNMB2,0.22354911923068835
MLXIP,0.22349006418566625
ROCK2,0.22347552261670917
CLTCL1,0.22345220946111571
ZBTB37,0.22343353628213997
MCF2L,0.22334310185420528
PLEKHA5,0.22329169128874554
SLCO3A1,0.22318934157971024
JAK1,0.2231654470790393
PIK3R1,0.22311663086513261
LOC145783,0.2230567163115982
TAGLN3,0.22296198763811817
PTGDS,0.2229121967987223
CNTNAP5,0.22288398521173783
FNIP2,0.2226427559821601
C2orf81,0.22262417928100084
SNRPN,0.22262038887021238
RGS7,0.2225078865620923
ZNF876P,0.22246545912727522
SFRS2IP,0.22243391977620508
SLA,0.22236997326545194
CHGB,0.22233409734082302
FAM151B,0.22228667581530775
TET3,0.22224968062810446
ENPP6,0.22219997567505417
UTP14C,0.22216545804201135
CSNK1G1,0.22215784150295054
NACC2,0.2221318413976503
LOC342346,0.2220330316800187
PTCHD2,0.22191213911789495
C10orf55,0.2218784495350572
SBK1,0.2217644504947066
CDC42BPB,0.22148702256802943
KIF5C,0.22147394153113628
ACVR2B,0.22143958220989313
C9orf50,0.22140878522642907
GUSBL1,0.22126809093120967
KIAA0652,0.2211863485986775
FAM189A2,0.2211256369149718
TCTN2,0.22107472932856323
CGB7,0.22102055906768953
TNFAIP2,0.22098856318016033
UNC119B,0.2209643152327838
SIGLEC14,0.22080834034467617
FAM178A,0.22079249147869198
DMRTC1B,0.22069831662262915
TBC1D13,0.22068337642086025
EPOR,0.2206726152506291
PHF20L1,0.22066095480100595
RPTN,0.22063651774196877
ALOX15B,0.22054323530432002
ADAR,0.22053850730864008
TNFSF14,0.22052660920394002
VPS13C,0.22043306766030302
VIPAR,0.22041784512908694
TMEM194B,0.22041761793531425
TNR,0.2204022767198826
C1orf187,0.22038523019655804
POM121L8P,0.22037755985843727
DOCK6,0.2203252495529763
EID3,0.22030966989523298
ATP9B,0.22027093624924535
ARHGAP30,0.22026571363385739
CCDC75,0.22025710947117144
CLCF1,0.22023113612966763
KSR1,0.22017710502593835
PDE6B,0.22015450440399797
ARRDC4,0.22015222118243116
CNST,0.2201466063634447
MACROD2,0.22012667434396158
ZNF697,0.22012169152229305
EGFL7,0.22011019916341398
ARHGAP21,0.22009413758085175
HCN4,0.22006104415845426
PLD4,0.21999460484843794
USP32,0.21996506817902675
HRNBP3,0.2198721404740921
SLC6A16,0.21984835572492034
CD200,0.21982707765267429
TNFAIP8L1,0.21981399097156987
SUV420H1,0.2197808314240322
PCDHGA10,0.2197691253469069
C1orf51,0.2197562345104598
GALNT10,0.21973932582142547
KIAA0831,0.2197063449044932
ZNF844,0.21970102544938047
PLCB1,0.21966924297317514
SLC16A6,0.2196316999189964
PRDM8,0.21945683260920562
MAPK7,0.21936145310928884
PLCB2,0.2189871276473907
ARHGAP15,0.21895324388162338
KIAA1377,0.21894335322663366
BNIP3L,0.21893161918870202
TMEM109,0.21886923967640734
SRF,0.2188617818220484
ZNF689,0.21875654882483822
CRTC1,0.21873722867480488
ROBO3,0.21862312762362177
OSM,0.2186090715463911
TRRAP,0.2185796342795617
FLJ33360,0.21853912578617385
ITSN2,0.21847728906048552
POM121C,0.218476997677677
NME7,0.21829701364600626
LPXN,0.21822793253380415
POPDC3,0.2181609670321029
HTR1B,0.21811656445696814
NR1D2,0.21806193075690553
GCK,0.21803525321063266
MCF2,0.21796943882801864
GATA3,0.21784628438872988
KIAA2018,0.21781464867593334
PGBD5,0.21744058620057527
ENTPD3,0.21731696522712352
FAT2,0.2172481795207102
USP35,0.21723823843030543
TOP2B,0.21720737410345575
LARGE,0.21719624941961674
PIM1,0.21714952168646093
NFYB,0.21711070674921573
C1QTNF1,0.21708890965766725
MCART6,0.21701509131855096
STXBP5L,0.21701081053668372
DMXL2,0.21699297706836373
SRL,0.21695284028984044
MAN2B2,0.216917167878413
SMG1,0.21688318119798583
ZDHHC20,0.21684655312419587
PRDM10,0.21684092765997998
CMA1,0.21679382646684198
ERO1LB,0.21679189184269512
SCN4A,0.21675863720568228
HIPK1,0.21670096909103156
FADS2,0.21663514575692802
UBE2Q2,0.2165951975787807
PFKFB3,0.21656022891181437
FAM22D,0.21654177580617132
WASF1,0.216541139952853
ELF1,0.2164853591019216
LOC284276,0.2164694868654517
ZFX,0.21643597870578873
PTBP2,0.21641543342710196
VPS37D,0.21640371543154552
CEP120,0.21638460097310797
C7orf41,0.21635696573613655
LOC285593,0.2163421939616828
ASPA,0.21633730135316187
CMIP,0.2163022403720889
MOCS1,0.2162670297256131
NCDN,0.2162539112642396
NDP,0.21624832134371877
LGI3,0.21616411835372895
C16orf89,0.21608246409535034
ARL15,0.21603308166410803
ZNF775,0.2159556202597569
C14orf39,0.215887133904592
GDF11,0.21588707502857762
MORF4L1,0.2158038947312643
NRIP1,0.21573152824403447
GRIP1,0.2156524918731174
CCDC91,0.21557884488268717
ZNF732,0.2152613620200721
ATP9A,0.215228731621206
TOM1L2,0.21519840323752068
NDEL1,0.2151876906404715
ADCY8,0.21517603428724658
SCN10A,0.21505121822201284
CLEC4A,0.2149670742038912
UBQLN2,0.21495493846921698
KCNK4,0.2148418258785817
C14orf174,0.2147637063219193
ZNF17,0.21475847383462882
CROCCL2,0.214712235050032
ANO5,0.21469263138253183
FIGF,0.21467889809701932
RGN,0.214661615857598
LGI4,0.21466109992264312
MX2,0.2145998505456806
CSF2RA,0.21458741229005288
VAV1,0.21454899656801285
TSPAN5,0.21452860368286014
ZNF37A,0.21451821614006444
CCNJL,0.21447994838430887
KCNN2,0.214449050292187
SIPA1,0.21433611126099164
RBBP5,0.21431693659913598
P2RY6,0.21430277229900574
DCBLD1,0.21427013241202197
C1orf58,0.2142574794852678
SPRYD3,0.2142542288274529
UBTF,0.21423289670748213
TNFRSF4,0.21420314221880746
RBL2,0.2141793608549066
KCNJ12,0.21415292111856166
FGF19,0.21414713939946045
TMEM150C,0.21413868269539402
FAM178B,0.21412951704665031
FAM181B,0.21406345104642668
ADAMTS19,0.2140193725633114
MKX,0.2139911589183674
DKK1,0.21388315603642713
ARL11,0.2136285709802779
VGLL1,0.2135341329957295
KCNG2,0.21350084352984544
RCBTB1,0.2135005954190743
OLIG1,0.21348745398500846
BMI1,0.21341513903200282
RNF19A,0.21339782065503204
A1BG,0.21334303162562818
ALX3,0.21329102214331513
IFT80,0.21325287477304777
DPY19L2P4,0.21318936093908525
TBC1D20,0.21318655186463104
PCSK1N,0.2131824630267908
MBNL3,0.21313591528210518
KCNF1,0.2131089685458814
CHST9,0.21307899660259427
C5orf36,0.2130414589203005
NR4A3,0.21299252744416003
ZNF501,0.2129812789794748
TK2,0.21298005543062565
C2CD4C,0.21297947576467235
SF3A1,0.21297933811989223
FGD2,0.21294331251898296
STX1B,0.21290068826885908
CLEC4E,0.2127997129006144
CCR8,0.21277963981956624
ZNF286A,0.21269195553438833
ACADL,0.21264004264098338
ECEL1,0.2125984533876718
SYT2,0.2125900378171862
RP1L1,0.21249924209364862
RBM23,0.2124121908150527
FSTL4,0.21232643268344784
CCNI,0.21231154107993808
MS4A6E,0.212301113244109
CPA1,0.21227577276992388
SLC13A4,0.21221069511173615
PCDH11X,0.21195391143279008
CSDE1,0.21181526554612518
SEC14L4,0.21177617268235505
C4orf6,0.2117564104294099
C20orf94,0.21174930220685595
KCNH3,0.21172706235125469
ZXDA,0.21169392790327626
DNER,0.21159985360826464
RAB12,0.2115995504119216
UBR3,0.21152425168409095
ALOX15,0.2114555094576648
P2RY8,0.21139592345181546
SHPRH,0.21136722404400848
LRRC29,0.21134220062933692
ANKRD34C,0.21133458773800765
WNT5A,0.2112152318486986
SYN1,0.21111763725956156
VPS13D,0.21110947337366132
RIF1,0.21110919025856972
ZSCAN21,0.21106853038332746
PRKACA,0.21085994865709984
GAA,0.21084671026581162
FOXJ3,0.2107873330445018
G0S2,0.21077264985816233
LY6K,0.21068904152963927
TEP1,0.21067995472994833
LOC349196,0.2106449652002849
GRAMD1B,0.2106250841966306
CLASP2,0.21060821067827987
FUBP3,0.21057422695480021
KIT,0.2104903926765763
KLRAQ1,0.2103741858412624
VSTM2L,0.21034940504711183
BCL2L11,0.2102982422574122
LOC283314,0.2102939146329993
RGL2,0.2102796117304102
ADAM11,0.21027906858329692
MC4R,0.21027800390003237
RTN4RL1,0.2102439032770193
AIF1L,0.21009553196586248
UBL3,0.21002828676379712
PVALB,0.21001844001657594
CCL23,0.21000682114969701
C13orf26,0.20997652117139262
UPK2,0.20985203016373644
C3orf47,0.20978394646471538
C14orf149,0.20977393782474932
NR0B1,0.20975418711983404
MGAT3,0.20960194312613126
HSPA1A,0.20958142961269127
PPIC,0.20954951554732518
MGAM,0.20948543732113575
EIF4G3,0.2093929465754868
NCOA3,0.20938673094057608
HPD,0.20926978561331658
EXT1,0.20924761656913515
NAB1,0.20919331793773138
ZNF177,0.2091262577555087
ZC3H12B,0.20909421930061511
C3orf15,0.20905624978855303
C5orf51,0.2090364520344137
ZNF484,0.2090108028824971
TEKT3,0.20900700290336102
CD82,0.20895996993555632
IL4R,0.20878622937946106
NT5C1A,0.20877250788927887
OPRK1,0.208738454789869
GRIK1,0.20872342127092472
TOX2,0.20851469550987117
LOC100132707,0.2085127640404551
SUSD1,0.2084856938321447
INHA,0.20840266406213923
ALKBH8,0.20839271761015588
CELF6,0.20836622148727385
ZNF33A,0.20819969304783995
OXT,0.2081628908778159
SHROOM4,0.20812105338377776
FOLH1,0.20807485931384487
CLOCK,0.20800032366539356
KCNN1,0.20799261944137962
CAPN6,0.2079689683687141
STK32A,0.20795654005553607
OPTN,0.20792987095438092
ASAP3,0.2079055090371603
CDIPT,0.20786735198209152
SOX8,0.20782786459291205
C15orf39,0.2077736498004014
YPEL5,0.20776600665716377
KCNJ6,0.20776224721323663
PCDHA5,0.20775937253966004
C5orf40,0.2077415958455795
RBM16,0.20765626883353022
HAP1,0.20760100784083865
SLC6A2,0.20755288610244554
SEMA3A,0.2075355409427163
SOCS3,0.20753104841436587
PER3,0.20748873350556468
LCP2,0.20748074397315375
FAM122A,0.20747183928770022
SLC30A1,0.20746594501009388
TMEM163,0.207440149730169
FRMD4B,0.20740932542220752
SCN1A,0.20739218279159766
ATP11A,0.20735481025178637
NCRNA00189,0.2073356356312198
SPN,0.20726706194598737
KLHL33,0.20723071654442915
HIF1A,0.2072049523550359
FCN2,0.20711107532541534
LOC286367,0.2070168551704388
C14orf49,0.20696756647366346
BRPF1,0.2068796369446651
SIGLEC8,0.2068383612268127
GNPTAB,0.20678859690991483
VPS11,0.20675101840972707
NPBWR1,0.2067505839010848
SERINC5,0.20667952578725265
F10,0.2066623660803186
TRAF1,0.2066528376383115
ZCCHC11,0.20658681505284665
ATAD2B,0.20655956469703726
RGPD3,0.20655146589241527
SHANK2,0.2064935842431735
ZFYVE16,0.20647793931357847
PDE4D,0.2064436017006437
SPAG9,0.2063749316210122
KIAA1549,0.2062423696693798
EXOC5,0.20620483933001052
SMARCC2,0.2061959052990413
PCDHAC2,0.20618848918688684
TNFAIP8L2,0.20600308728213576
SLC38A7,0.20594684001666086
CREB5,0.20591989406542965
SNX9,0.20584354074931538
QRICH1,0.2058152968055962
FLCN,0.20580398535876943
TMEM184B,0.2057971053796077
KDELC2,0.20563570580725632
FGFBP2,0.20563077071779196
INTS4L1,0.20559887915709768
ZNF770,0.20555556558143423
TFCP2,0.20555455898454408
OSBPL9,0.20553506236954555
NBPF15,0.20545751689035102
MPZL1,0.20540094138323423
LCP1,0.20532992477822815
RSC1A1,0.20531341552054036
ANKFY1,0.2052948400374127
C1orf9,0.20528403770369114
RPLP0P2,0.20524949249696764
C17orf87,0.20520613815083286
ABI3,0.20504941412827743
HIST2H2BE,0.20504737863176775
CCL13,0.2050326301740452
UBN2,0.2049547450062296
LOC150622,0.2048772037633622
DLL4,0.20485662810178668
CENPBD1,0.2048443951613498
PCDHB9,0.2048249571841847
C1QL1,0.20477261392549725
ZNF45,0.20477081884237003
PCDHAC1,0.2045699986971526
FLJ40852,0.20450953802803204
SUPT5H,0.20439701196735294
TP53TG3B,0.20433397073635182
TACSTD2,0.2043305493776139
BARX1,0.2042927078595309
LDLRAD3,0.20425233329859477
WIPF2,0.2041875435926349
NMNAT2,0.2040878319143534
KRT222,0.2040256740907414
AMMECR1L,0.20397661046948806
INTS4L2,0.20397296233336848
CAPRIN2,0.20394174751883445
DNM3,0.20384428654856337
MLH3,0.20383982984005297
GPR112,0.2037865486684834
ACTL6B,0.20377023536804542
ZNF638,0.20369454990360425
KLHL6,0.20367440699886252
NBR1,0.2036718318810666
C14orf180,0.20366870710833684
SEC63,0.20361014218475196
SCARB2,0.20358253429719164
CECR6,0.2035348608144562
CACNB3,0.2035326869472321
UNKL,0.20353254614905938
ZNF510,0.20349874697258571
SMPX,0.20346263210091847
DMRT3,0.2034584123623427
EXOC8,0.20341435376683822
ZNF608,0.20333739062722722
ZNF740,0.20327487573614217
RANBP10,0.20323428946531774
RPH3A,0.20302225669826385
HMG20A,0.20298218036885216
LNP1,0.2029258888901946
DCUN1D3,0.2028841312645064
DUSP1,0.20286542797133666
MORN3,0.2028424330966862
FLJ12825,0.20283313316823173
SLC12A8,0.2028243868692814
ZNF2,0.20279579352826702
PPP2R3A,0.2027470189746776
BAHD1,0.20273638301386207
DYRK1A,0.20261341120277412
ACTBL2,0.20260436796161208
FAM114A2,0.20255274805543702
PRDM1,0.2025303071153812
ZNF594,0.20240058915825637
FLJ45079,0.20238404273690655
ARMC8,0.2023781699009949
ODAM,0.2023628377182281
OXR1,0.20235194033529733
GRM1,0.20222772617533954
NUCKS1,0.20206636528395697
LRRK1,0.20205921219244585
JUB,0.20203928681735808
UBASH3B,0.20201048346018494
FBRS,0.20200203215450602
STRADA,0.20198558003603692
WASF2,0.20196498435092708
STX11,0.20195320918831106
CCL26,0.20188386155990234
CMTM1,0.2018694619829512
TAOK2,0.20186366667368788
IL18BP,0.20173289750843562
C1orf85,0.20171875832992855
RAPGEF3,0.20170553889005108
NOD1,0.20161596492575545
ZFP1,0.20161338558593156
FPR2,0.20160680885952073
HBD,0.20158926706899194
AS3MT,0.20155460802200675
SYNJ2,0.20154058106444228
FOLR3,0.2014249041047618
MYSM1,0.20141016320684801
ZNF665,0.20135617258353622
STK33,0.2013206808311866
PTPRE,0.20129810663941644
AGRP,0.2012378917767263
KIAA0087,0.20115086711150992
SNCAIP,0.20104459526570637
SOX2,0.2010439037531322
CSN2,0.20102956879106162
C16orf5,0.2009498580221893
LAPTM4A,0.20094881731926895
LCN1,0.2008884863177375
ARMCX6,0.2008647766079664
RBM12B,0.20082249340622096
ATP6V0A4,0.20081650917881522
KLHL14,0.20076186531184656
WIF1,0.20074566172808248
YWHAG,0.20072563443815952
RASL10B,0.20071953093538134
MCFD2,0.20069626836563428
TIRAP,0.20065988419651562
LOC440461,0.20059519262415748
HCG22,0.200593169372609
SLK,0.20058053200084164
NKAIN1,0.2005366833800946
FAM119B,0.20053566629113262
LAMB2L,0.20052507036348197
MYO15A,0.2004140945225109
DAPK3,0.2003713243230476
CTTNBP2NL,0.20027139686266907
ALS2,0.20026559141317818
EFR3B,0.2002371392005347
RNF217,0.20022995519002135
C1orf173,0.20020131999174973
GIMAP7,0.20018029019659428
ALS2CR8,0.20017947014841955
DHX8,0.2001073852566332
IFIT1,0.19999995626153927
SIAH3,0.19998918428060086
ZNF813,0.19998120338677253
KIAA1033,0.19995465245710284
NTN4,0.1998481617469484
MARCH6,0.1997675167211077
DUSP22,0.1996739616618919
SLC6A3,0.1996557298496975
MME,0.19960664875474454
FBXO15,0.1995953090397231
ZFR,0.199415928781163
CDKL3,0.1993913013960243
CHM,0.19937476863029005
IL4I1,0.19925565820383717
FAM193A,0.19921969204762024
SYP,0.1991869447533977
GTF3C1,0.1991632211086582
OTUD7A,0.19915711407310924
C7orf69,0.19913201831745853
KLF14,0.19904848099260913
FRAS1,0.1990080330103529
SCGN,0.19900478719804876
ZNF606,0.19897961331562566
EPHA4,0.19881856927641187
VANGL2,0.19878180589443561
INO80,0.1987441544743309
NCSTN,0.19874186401382052
PM20D1,0.1987315000038083
OLIG2,0.19872477996434776
NMBR,0.19871592951377082
BDKRB1,0.1986718911586049
MOG,0.19863273241781765
STXBP4,0.1985706574457401
C21orf96,0.19856706406248428
ZNF805,0.19855647341081964
HUWE1,0.19855265698375157
MPP4,0.19848370290470274
MAP3K9,0.19839879841559765
KLHL11,0.19835966238913297
POLI,0.19833972881921738
SBNO1,0.19822598597422325
TMTC2,0.19820973768721853
NXNL2,0.19819570354633048
KIF3A,0.19815933884406323
PCDHA4,0.19804412438457528
DNAJB6,0.19799368981625456
PEG3AS,0.1979382017332028
RASD2,0.19779587494581552
GPR179,0.19776416136573063
SHISA7,0.19774742731441108
TMCO3,0.19772958933713622
ICAM2,0.19769653325305578
ST3GAL5,0.1976763595005764
COL19A1,0.19765411088848858
DHX36,0.19763791461235555
HERPUD2,0.19748876041608518
GRK7,0.19742900746600728
ACAP2,0.19741709894626006
SGEF,0.19737611629553622
CNN3,0.19732430817397162
SEZ6L2,0.19731033105615522
SETDB1,0.19726791328049473
BCL2A1,0.19725774972250973
FAM70B,0.1972230869686884
SPRED1,0.19716786991833832
CD300LF,0.19715623175296035
GSTM2,0.19714411743612742
CCDC40,0.19712837001131447
ZMYM4,0.19705219639879032
AMIGO1,0.19692594516326034
UBE3B,0.19692391770145673
TMEM229A,0.19682695071224376
FGFR2,0.19678363524290363
ZNF780A,0.1967542212177376
KIAA0408,0.19674658973732034
PRKCB,0.1966833217344698
NCRNA00110,0.1966359998668909
SYT17,0.1965736259926207
B3GAT1,0.19652655845240916
POU4F2,0.19649296308851652
C9orf139,0.19645106323821604
ADAMTS8,0.1964291347569962
SHOX2,0.1964246066309505
ZNF687,0.1964003248074538
TNFSF15,0.19638258547250537
NHEDC2,0.19631211080598973
C17orf68,0.19613848402687076
WDFY4,0.19612622424716938
ZNF248,0.19596579380574677
MAP3K7,0.195955126998795
C1orf113,0.1959445979576648
BDNFOS,0.1959001132011697
COBL,0.19584327288333447
CACNG4,0.19579012344005797
MSMP,0.19577733634691105
EPS15,0.19570259931263814
CCDC39,0.19569114397882936
SLCO2A1,0.1956733395649968
KLRG1,0.19566187363814289
DEGS1,0.19565506804500624
DCAF7,0.19564716307335156
POLR3GL,0.19563282554560102
SYT5,0.19560676623196122
TNRC18,0.19556790431811139
PRLHR,0.19552450979496894
PALM3,0.1954916240002553
PPP3CB,0.19548835019204497
ZNF862,0.19547346510958802
NCOR1,0.19545589555107631
ESRRB,0.1954526054138093
LOC145845,0.19542214123887142
GNAZ,0.1954000214319843
SVOP,0.19538267574972354
FAM90A1,0.19536161164925084
RGS18,0.19531795834188473
PHOSPHO1,0.19525754874205306
TBC1D1,0.1952539504958644
CCDC151,0.1952292976332913
TRAPPC6B,0.1951573928259561
KIAA1199,0.19506933912345764
TRPM7,0.19505490300142161
A4GNT,0.19505095250392854
COL29A1,0.19504541605880307
DLK1,0.19500140221529974
FUT9,0.19499017387269432
C6orf72,0.19492482344889908
TREML2,0.19485362881186416
DPY19L2P2,0.19485120188768396
NCALD,0.1948333330145886
LOC374443,0.1947821802485191
MMP21,0.194751747824614
LOC116437,0.19474622846203343
ZNF117,0.194697517173702
S100A1,0.1946974823405693
EFHB,0.19467390181844088
INS-IGF2,0.19466006925734206
TPSD1,0.19463588336136065
ZKSCAN2,0.1946240838349968
LANCL1,0.19461614572027092
GRLF1,0.19461112522976667
ZER1,0.1946035349482755
ZNF391,0.19458991752901142
FLJ37307,0.19448719935415604
DUSP7,0.19446470997890336
HTR1F,0.1944605577947595
C21orf122,0.19444867402045393
C8orf58,0.1943614232134073
C2orf67,0.19427637421581548
HDC,0.19426237350739517
PHF14,0.19420336215491024
ZNF776,0.19412572550706592
MPO,0.19410382045387772
FLII,0.1940290127963061
ZNF785,0.1940093564482499
STX6,0.19393434539659413
TBC1D16,0.1939291100772298
CD83,0.1939122634588843
SLC2A6,0.19388316673536005
XPC,0.19387367087450488
MDFI,0.19379138618452685
ZFP14,0.1937325476289053
TNFSF11,0.1937153587756599
RSU1,0.19368712643843414
LIPC,0.19366675121475316
FAM5B,0.19366185771310754
ACP2,0.19358358968563966
NEURL1B,0.1935003093412124
LOC641298,0.19349508961510226
CNTLN,0.1934939502798749
VKORC1,0.19339157089636447
SPTB,0.19330306335897776
POFUT2,0.19329350386046973
C3orf63,0.1932778912958376
OR2A25,0.19320278081077616
IFT140,0.1931963972972288
ZNF507,0.19317687645972484
GCKR,0.19313802935396268
DGCR9,0.19312946765556566
MATN2,0.19306485349899344
ZKSCAN3,0.19305458548616752
ZNF398,0.19296074126557425
MYT1,0.19293172631701339
MYLIP,0.19290682676231816
RNF20,0.19289249360217514
SERPINE2,0.19284647094113605
ZSCAN22,0.1927820347845046
TGFBI,0.19258370388156829
KCNAB3,0.19251176328471542
MXD4,0.19247286014976686
RMST,0.19246914888478397
RFPL2,0.19246443374147731
IL10,0.19232523446664848
DNAJB2,0.1922214714619619
GRIN3B,0.19220377976171918
TTC25,0.19217873503094648
IGSF5,0.19205459435720842
CD72,0.19200035778114868
FAM66A,0.1918783974653796
CEP110,0.19182758173174125
LOC284441,0.19181958448533765
MANBA,0.19180325592390834
AKAP10,0.19153906433291085
HKR1,0.1914889673576686
GAPVD1,0.19144990824281483
PACRG,0.19144590927952368
PAK7,0.19136930846656816
GP1BA,0.19134035097776644
CCDC144C,0.1912825439872013
INTS3,0.19127381801969953
PHF3,0.191244976037618
DOK2,0.19121897975889723
C21orf88,0.19120126584941918
SCD5,0.19103716268402218
DLK2,0.19101237553391684
PROKR1,0.19099474997989244
LOC162632,0.19098180216562102
CCDC93,0.19098127811296844
PRKCE,0.19095928784069915
IMPAD1,0.1909232619165807
SV2C,0.19087558208106553
SCN3A,0.1908557492997939
ZNF187,0.19085569554830217
CASP4,0.19072113206259364
TMEM150A,0.19069019690852634
CEP97,0.19068668739979236
MTMR10,0.19068044470325496
TMEM179,0.19062380156409864
TSPYL1,0.1905859193636334
UBR4,0.1905570904370865
PI4KB,0.19053866420243676
KIAA1147,0.19042177625324203
IKZF2,0.1903831732760271
ZIM2,0.19035659002407176
ACCN4,0.19031070168920164
WAS,0.1902973989037663
PCDHA8,0.19028211307283155
PLCH2,0.19021674830099627
ZNF567,0.1902119991605266
GRB10,0.19013164376810832
ASB14,0.1901275163728867
CACNA1S,0.19009721138324934
AZI2,0.19008856741616623
RASA1,0.19006913025486377
SOX13,0.1900028703526743
NME5,0.18996632316747644
LBXCOR1,0.18996380952006914
CLC,0.18992373675645718
LOC100233209,0.1899203210319082
ARHGEF37,0.18991678528932648
MKLN1,0.18984704059862134
DVL2,0.18984169962605496
GALNTL4,0.18984013909720351
WSB1,0.189813277218967
TPRG1,0.1896839974163243
C9orf21,0.18962709587422236
IFNE,0.18959936948165082
TFPI2,0.18954643231635865
PHACTR3,0.1894727484355762
HLA-DQA2,0.18944264484878434
TRPM3,0.18941610834986075
NPAT,0.1894111610498936
CAMK4,0.18934295538187154
CHRM5,0.18933734876314498
SOX21,0.1892877016378192
KRT13,0.18925802162855002
BTBD9,0.1892238357442974
TTC37,0.18916599977559653
CPEB3,0.18916402326353196
SEPT3,0.1890764650508691
IGFL4,0.1890367793032337
ADRA1B,0.1890268769362832
GRIN2C,0.18900293704072202
C17orf39,0.18894842744266416
TBL1X,0.18891199014012514
NFX1,0.18880891359919957
ZNF12,0.18880786980134448
LOC90246,0.18879311028499188
DNAJC27,0.18874815211410803
ALKBH5,0.1887174376729213
LOC283761,0.18871572042186294
MSL2,0.18869500356000488
ASB3,0.18869008710038146
EFCAB6,0.1886205510308203
APBA1,0.18851388274213277
ITGAD,0.18849543329264326
KRT4,0.18849404792765523
CTR9,0.18847540660222098
TAS1R3,0.18836216794285016
AFF2,0.18824489234608296
PLEK,0.18822178407199827
LPAR6,0.18821444114229985
KCNS3,0.1881477399222142
LAMB4,0.1881331120634609
ZNF773,0.18807274895125925
GALNS,0.18785401230987664
LOC100128164,0.18783584531316067
PZP,0.18782686745086782
SC65,0.18770846874073416
ZMYM5,0.18766919641340776
FAM22A,0.18758062239275872
H1F0,0.18757288049135046
CD1C,0.18746972814617627
OVCH1,0.18743081231956754
TROVE2,0.18741982508276495
TLK1,0.187331903901931
SYTL3,0.18728394540662216
KDM4D,0.18721583939871414
ALOX5,0.18716708170861096
ZNF786,0.18714697864250854
APOOL,0.18711356661712933
RBM26,0.18710745707591317
DCT,0.18707569029618243
C11orf21,0.18707197942398074
ATOH8,0.18696729590873687
MAS1L,0.1869227545650757
KLK5,0.18690156506184186
RGS11,0.18686410371457166
FBXL17,0.18681330156706763
CHPF2,0.18676836168043656
NAGK,0.18665292982473183
C1orf186,0.18662425873202174
APLP2,0.1865675964490374
ATP6V1C1,0.18656576313773862
HOXD12,0.18654727972530336
TRPM8,0.18652502466422619
CWF19L2,0.18647110409449896
LOC541471,0.1864539792992748
FAM135B,0.18641179112484724
SEMA4A,0.18638363903579755
LOC100133669,0.18630518580122096
RNF2,0.18622831148147218
ALDH8A1,0.18622266884293504
PTGER2,0.18606093515972003
ATP6V1A,0.18606073298422052
CAMKK2,0.18595502521001697
RBP4,0.18594850689373266
DEFB124,0.18576775116484093
SMCHD1,0.18570140077162886
IL1RL1,0.1856743700935134
UBE4B,0.18564237403045225
LXN,0.18561343174582623
MDN1,0.1855576289475302
ZNF599,0.18552949661783913
SLC1A2,0.18550239900508594
PUM2,0.18547161105429993
LPA,0.18546770677768018
ADRB2,0.18546594171588324
ATG9A,0.18540324261654395
KGFLP2,0.18537589111046548
MIA,0.1853498165231842
LOC338758,0.18532932185460868
USH1G,0.18527894106710016
ZFYVE9,0.1852639794912948
ARHGEF7,0.18526370683322568
IL7R,0.18524122511714192
LCN10,0.18521753250470605
SRRM2,0.1852141477553949
FOXO4,0.18519775798544802
PNPLA8,0.18511108663160983
ATP1A4,0.18509602972519645
FAM159A,0.18503396401800654
PLAC2,0.1850230225912027
FKSG29,0.18502156082209242
BDKRB2,0.18497511879673906
LYPD3,0.1849212496462963
PLD1,0.18489475111793913
GRIK4,0.18487761760095275
CADM4,0.18487395325549652
THAP2,0.184816171500214
DPPA4,0.18479594633054533
SLC9A3R2,0.18477831027362965
LOC647979,0.1847759866049424
FLJ10038,0.1846820926341864
UCP3,0.18463341161453486
ZNF846,0.18462785683167873
SF3B1,0.18461595133160646
PPT1,0.1845781517265598
S100A8,0.18456373618982397
VWCE,0.1844635060463529
LOC387646,0.18441876483096148
KRIT1,0.18439752916195712
LOC647121,0.1843828472986023
ANKRD55,0.18432000862221123
LMBRD2,0.18428913908906694
LOC100271836,0.18428417109641246
PGA4,0.18415305660313877
REEP1,0.18415086499710276
CALCR,0.1840819453143313
TLX2,0.18408181515664845
LRRC49,0.18406308144922046
ZNF492,0.18395603150343848
OSBPL1A,0.18395433087255555
NCRNA00175,0.18392777411611652
SAP30L,0.18392304785686003
TRIM63,0.1839168509877043
ZNF655,0.18389632827375435
NTF3,0.18387687721269091
C12orf63,0.18386898903725088
CXorf1,0.18379146843540112
CD1D,0.1837410152261249
ZNF329,0.183684713087802
ANKRD11,0.1836625768570958
PDE6G,0.18359495516394253
PPM1K,0.18356163829350797
ALDH1A2,0.1835196593733746
CARD11,0.1835190624654639
PLXNA2,0.1834524368129644
C13orf30,0.1833704839627026
LRRC3,0.18336763891595434
HRH1,0.18335019454965595
ASAP2,0.18330633109124897
XIAP,0.18329138740668227
CCDC13,0.18324431545726927
PTCHD3,0.18324360328898667
LOC375190,0.18318684858018833
VAT1L,0.18316863783338835
TNIK,0.1831039656918238
PCF11,0.1830880494132872
TNFSF18,0.18306929482129566
HEATR5A,0.18301600263555176
RAPGEF5,0.18289746172949767
LPAR1,0.18280014037864534
LUZP1,0.1827146338441432
TNNT3,0.18269793967733786
CLCNKA,0.1826615257717686
IL34,0.182633835307469
SLC38A6,0.18261791117237386
RRM2B,0.18258209594234368
CRB1,0.18257057856871062
CXCR1,0.18255182380326504
CAPS,0.18251385252829702
DDHD1,0.1824839926307769
KIF1B,0.18247831906164227
IRX3,0.18245279509854911
TMPRSS9,0.1823816867639132
IRX1,0.18237321302596618
SKAP2,0.18221886307778545
CDC14C,0.18220858795104583
MPP1,0.18219077491014812
CYP27A1,0.18214990941034453
CCR3,0.18202948779897934
LOC100130264,0.18201289950007965
NTN3,0.18197409180114466
TTN,0.18194740924765956
RHOU,0.18192566942429297
SMOX,0.1819143469438045
TMEM198,0.1818897439767699
LRP10,0.18185946639146894
LOC93432,0.18173926036528326
MGRN1,0.1817209856094069
TNNC1,0.18171032662948117
DSCAML1,0.18168000589934472
TPPP3,0.18159462847716804
LOC148824,0.1815171267207805
CCDC30,0.1814645955746704
CELF1,0.1814597961684955
TMEM39A,0.1814421890469036
C15orf41,0.1814324373729374
CTNND1,0.18138294627292795
C1orf107,0.18132589339096578
TMX4,0.18131727603797632
CFLAR,0.18122940721028638
PTPRQ,0.18120547140037344
HERC2P4,0.18112690496293854
MORC3,0.18107795554474776
COBLL1,0.18105292646902252
PDS5B,0.1810072034725719
HDLBP,0.18098742985017324
LYPD1,0.1809740684807057
ZNF554,0.18095501099516012
ICAM1,0.18088153445289734
TSSK1B,0.18083323373795473
CCDC54,0.18080331441532804
PCDH15,0.1807659105409642
IL16,0.18076426329717407
ZNF512,0.18075268120005603
ARPP21,0.18070607267496266
UBQLNL,0.1806939846254949
ANKAR,0.18058465387555556
SERPINB2,0.18057233084492016
ZNF322A,0.18055983373267323
BDP1,0.18051467289816595
MUSK,0.18051110792579045
POU3F1,0.18047740429013245
PTCRA,0.18044400790864382
SGCB,0.18036982570451598
TAGAP,0.18032242484447775
CECR2,0.1803130541681455
FMO4,0.18031003823961603
LAMA1,0.18025110154007004
PHTF1,0.180249160042372
DFNB31,0.1801494391140509
FAM19A4,0.18006553977663897
DHX38,0.1800436377833838
KIAA1310,0.18002750386476488
KRT16,0.17998091918707376
CASD1,0.17997492031965745
IFIT2,0.17997229711700707
PRKAR2B,0.1799685804553114
SEC14L5,0.17995083572823803
KIAA1324L,0.17988736687513754
KLHL2,0.17982617738211265
GATSL3,0.17982472878035793
UBAP2L,0.17979824931071997
SLTM,0.17975356047080027
SLC27A3,0.17969650611858584
PRKCA,0.17962612567461939
FAM155B,0.17955383873038924
ESPNP,0.17951440587167022
USP12,0.17947646074409165
PAX7,0.1794615598123408
DCP2,0.17941098046756568
CASC4,0.17936865360954588
PSG5,0.1793254698733534
PHLDA1,0.17929511682916321
SLC7A3,0.17929432004913629
LOC285768,0.17928227550665254
C12orf54,0.1792577191336755
PAPOLG,0.17923148625303564
C2orf71,0.17922257575698403
BREA2,0.1792089428057771
CTXN2,0.17920044944379804
ADAD2,0.17918741266124824
OBP2A,0.17915738283096933
RPL32P3,0.17913014135437208
PSG2,0.17906996242551915
FOXP3,0.17899791230608092
NAP1L5,0.17897316897805665
RHBDD1,0.17894680154674322
MEX3C,0.17893917663921516
EPHX1,0.17892578158066158
RGS1,0.17888720143150977
FAM123A,0.1788733123779242
ISL1,0.17884889242723725
ZNF490,0.17883489295130117
DNAJC14,0.1788312854134791
SLC10A4,0.17882892678277945
ZNF132,0.1788145038261581
NOS1AP,0.17880186417961272
AKR1B1,0.17873281780588923
DOCK7,0.17870857640692214
CDH4,0.17853535458999387
TSC2,0.17852451097505545
RBM46,0.17850237105800268
CD28,0.1785018589684658
CRTC2,0.17846736176398162
HOTAIR,0.17844732053418794
ZNF99,0.17843595212252578
VPS24,0.17838267343757971
C5,0.1783623526485033
RUNDC3B,0.17835933203894494
PAPSS1,0.1782093564594591
FZD10,0.17816076903211342
GDPD5,0.1781553384790464
MLL4,0.17808794873694864
CTNS,0.17807047149000013
VPS54,0.17804340289752746
PSG3,0.17803905496799852
C1QTNF9,0.1777676670528677
INPP5K,0.17769739360354062
COL4A3BP,0.17767711819454612
INO80D,0.1776708296511538
MICAL3,0.1775807705208583
SEC24D,0.1775649495232653
GRPR,0.17755271148253285
GPR65,0.17753937380584484
ZNF260,0.1774567319057446
IFI16,0.17742187863279937
SPRED2,0.17741659033078636
ALLC,0.1773693849252184
DDX43,0.17736307192351872
WIZ,0.1772523041470939
HLA-DOA,0.1772394882619626
ARPP19,0.17712801516714505
CYP26A1,0.17709661989005718
UBE2Q1,0.17709308569110688
BRD1,0.17699375744066292
FLJ13197,0.17695871622286574
APOBEC3C,0.17692977816606695
DACT2,0.1768865291451522
SEPT6,0.17687503140318991
FAM164A,0.1768611057396956
TMEM155,0.1768369395334487
ZNF404,0.1768318522654421
RP1-177G6.2,0.17679768775166535
ZBTB10,0.17678940657737108
STXBP5,0.17673324479249283
KIAA0196,0.17672864462621624
PI4KA,0.17671874082288216
MAGEC3,0.1766998739656946
GABRA3,0.17668034682605435
GPR142,0.1766263094394666
ZNF747,0.17662096532198265
MYLK3,0.1766177186814046
GHRL,0.1765802010923992
CTXN1,0.17655226664605211
WDR35,0.17652544150249636
NUMB,0.1764911761583931
USP25,0.17645543407701506
CXXC4,0.17640706033404707
BAT2,0.17633133698179834
ZNF615,0.17632468493661257
USP49,0.17632437617824306
CLDN9,0.17631034460891068
SLAIN1,0.17625197301557044
C2orf54,0.17619278443783948
C9orf3,0.17616532549792896
CRELD1,0.1761228792255497
RXFP2,0.17608739574387158
PADI4,0.17604050566499488
CYP2E1,0.17597362217394505
GLCCI1,0.17592710443769874
TGFA,0.17591080575809728
GPR56,0.17580343189500425
PINK1,0.17579895350458746
ZNF654,0.1757821820074732
ZNF619,0.17577993741701597
ADORA2A,0.17572646705375747
TAS1R1,0.1756487428954887
TNFRSF11B,0.17558358767728535
GLS,0.175504624886706
TGM2,0.1755011318175882
FAM149B1,0.17540934149770462
FAM195B,0.1753163621316271
FLT3LG,0.17530855881828378
PIK3C2A,0.17526959509353898
ESM1,0.17520004898723035
ANKIB1,0.17516650553693666
DNAI1,0.17515354051314713
PAN3,0.17512364436995037
HOXD4,0.17508924332531844
KIAA1529,0.17507378828555376
ZNF142,0.1750685808545811
DUSP5,0.17506196524531953
CRHBP,0.1750044551812347
ACBD3,0.1749857011108596
GNASAS,0.17497348842878577
LGALS8,0.17495337056477547
POU2F1,0.17494597609761067
RNASE6,0.1749392868447912
PTENP1,0.17488784751077796
TAS2R3,0.1748214573836637
DHFRL1,0.1747260626208405
ASXL3,0.174705476374373
TBKBP1,0.1746646185379762
CDC14A,0.1746454265686259
SOX6,0.17456210380444834
LLGL1,0.17455577644146403
TMSB15B,0.174435005313731
ELL2,0.17442790290110075
GNB1,0.17441156340027347
HEPACAM,0.17441078970825244
BRD2,0.17440167049356403
POM121L1P,0.17438187651158876
PHF17,0.1743658990683048
PITX3,0.174341863521852
SPATA6,0.1743326908692714
PTH2R,0.17431818679448344
ISM2,0.1742883288648603
CCDC74B,0.17424820882614178
TUSC5,0.1742459291296985
CLEC12A,0.1742363604380378
DGKH,0.1742051218156602
EIF4EBP2,0.1742033646207905
SLC16A10,0.1741909445360365
INTS4,0.17417625504516893
ADH1A,0.17415997561149824
ZNF136,0.17415404324790806
RUNDC2C,0.1740869611429847
ZNF157,0.17396245209640399
CPS1,0.17392165330654427
MYEF2,0.17388744220850386
LOC646214,0.17387928873510175
NPY,0.17382297719875633
GPRIN3,0.17381228805630614
LOC400927,0.17377592326527075
BAZ1B,0.17376795388977273
ABCC5,0.1737614513679655
EMB,0.17374910008007013
JHDM1D,0.17369762875105718
TSTD2,0.17367446372741635
TTC9,0.17358119655235005
BET3L,0.17349787886227372
C10orf90,0.17349066855568124
KRT14,0.17347873749759377
FAM7A2,0.1734631197169466
PCNXL2,0.17341787557317156
CEACAM21,0.1733501573521682
MLANA,0.17326547755915964
TMEM170B,0.17323662749893903
GPR83,0.17319480745303892
MAPKAPK2,0.1731490952374077
ZNF84,0.1731483557041947
ZNFX1,0.17311119714679954
PDE4B,0.1730935458062238
C16orf70,0.17307037069132572
INSL3,0.17303423592280703
PMS2CL,0.1730141161841186
EEPD1,0.17300066012705273
MAGEA10,0.17296118938584215
ZNF254,0.17295992351913303
CHRNB3,0.17290752677538224
ZZEF1,0.1729004527748434
OR52K1,0.17289030420504034
MYH1,0.17284514124186892
ATXN3,0.17283816296700796
IMPG1,0.17283347179104727
MTSS1,0.1728180972489267
SCAMP5,0.17281536359161853
LOC340508,0.17279913509710584
KDM4B,0.17279532449559346
S100A3,0.1727759044642547
TMEM232,0.17276902616110337
DSPP,0.17276434419584455
ELL,0.1727210419608421
ZBTB11,0.17258557484653445
TPTE,0.17257298376578728
TOM1,0.17257227807061795
TOX4,0.17254657489014827
KIAA1586,0.17249438328596092
IL31RA,0.1724889374073501
VPS18,0.17247276098775555
SMARCAL1,0.17242006733957632
YIPF5,0.17236345912475495
SORBS3,0.17229187885873798
EPB41L5,0.17228553166208163
RS1,0.17219361303488853
AMBRA1,0.17218450211317674
MAPK12,0.17214028422593058
LOC151162,0.17208206351989694
EVI5,0.17205274965138945
MED23,0.17193720449200464
MLLT10,0.171864460879205
PAEP,0.17185776147980925
PTGES,0.17177578021586226
MYO1G,0.17172450288346325
GTF3C4,0.17164747664937344
SOCS7,0.17163950986845194
RANBP2,0.1716371475252056
MLLT4,0.17160239439276098
ZC3HAV1L,0.171559065279701
SORL1,0.17147783134694883
SETD1A,0.17145584917840695
CCDC146,0.17145506759307025
SLC8A2,0.1714305125392874
LOC100188947,0.1714185847681806
CACNG7,0.17135462576353702
LRRC37A4,0.17130304185089507
TRIM56,0.17126584839165088
AP4S1,0.17123859941842887
PLCG1,0.1712030418495837
SLC2A5,0.17118823460532862
CLEC10A,0.1711820924968276
GAL3ST3,0.17118118369402766
FLJ26850,0.1711659223034147
TDRD6,0.17115521203587855
RPS15AP10,0.1711545597582753
HSDL1,0.1711363448490027
HTR1E,0.17111055436061456
LOC645752,0.17107493841614907
ZAK,0.17107276195209564
NPC1L1,0.17106147423667017
ZSCAN12,0.1710580902658474
ZNF71,0.17102554893667474
ALS2CR12,0.17100899298753186
LOC285033,0.1709053641832971
AUTS2,0.1707673071251903
TMTC3,0.17071121417036414
CFHR1,0.1706993881113309
CHIC1,0.17068728999055935
RTP1,0.17068442704807452
NAPSB,0.17066818380961837
HERC5,0.17061712843603494
SPINLW1,0.17058125957138154
CNOT4,0.17050425587716206
SRPK3,0.17046479045275525
TSHB,0.17042572438099465
GGT7,0.1703945950519344
PROK1,0.17033007244662496
B4GALT1,0.17030574697434203
ZBTB39,0.1703033839235229
LOC100130776,0.17027248763551983
NTRK2,0.17024188694829753
ZMYND8,0.1701814643386686
TMEM132C,0.17009712881385497
TERF2,0.1700386326945491
HCG2P7,0.17000008449331008
TET2,0.16995005334748114
SLC22A2,0.16994455417226284
LOC158376,0.16989625709070758
PRSS27,0.16986478900228275
GDAP1,0.16981819100344248
KIAA0040,0.16981304556479046
NCF1,0.16977255443119824
IVL,0.16971672121206988
DKFZP434L187,0.16969024802652477
TREX2,0.1696652096537712
ARRDC5,0.1696035672229369
LPHN3,0.1695925817735197
CEP164,0.1695477350399421
RREB1,0.16954470623940998
LOC100132111,0.16950644995254957
CLK4,0.16950387786142984
EEF1DP3,0.169491794450335
DSG1,0.16943421785213844
NUP214,0.16940077468671652
ARID5A,0.1693877074588899
FOXP1,0.16937952286990002
MAEL,0.16936442878046423
ELAVL2,0.16933330188732804
RFX1,0.16925829678828236
LOC148145,0.16921599774727597
SPTY2D1,0.1691836785508188
UNC45A,0.16917021814906447
KHNYN,0.169152336877182
BTN2A3,0.16913917823312255
MAN1A1,0.16910501346625775
DDAH2,0.16902600506421855
EIF2AK4,0.1689588174273752
EVI2B,0.16887992589831474
MAN2A1,0.1688723677843183
SEC24C,0.16885553634226852
DNASE1L1,0.16881656327290886
HTA,0.16880997522963406
LOC100133545,0.16880958623141157
POU3F3,0.1687582222897604
ZNF256,0.1686783085369138
CX3CL1,0.1686691708791623
NCKAP5,0.16866180648338605
GABRR2,0.16860508032667626
C5orf58,0.16858627949811958
C2CD2,0.16856479498672766
ARHGEF3,0.1685536852402053
UTS2D,0.16850966379308288
FREM2,0.1685061399264552
TNFSF12-TNFSF13,0.16838228051282367
UBR2,0.16813495471180354
LILRA4,0.16810251860143716
TGOLN2,0.1680960238873091
C3orf16,0.16809544205098909
HPSE2,0.16809414370395998
C7orf70,0.16809139519553018
C6orf201,0.16794309207566907
RAB41,0.16793333765863552
LRRC58,0.16792144454191382
ENTPD7,0.16787795108120196
ZSWIM6,0.16784317970767706
PTPRJ,0.16782443622548268
ZNF267,0.1678067405671818
HS3ST4,0.16778284444024075
OCLM,0.1676881433560303
CSNK2A1P,0.1675926120324386
MEFV,0.1675672619891892
MAGEA8,0.16755914129303495
STK3,0.16754001583797948
FBXO11,0.1674925513122438
TEX15,0.16747842597330162
IL17RA,0.16746839451531895
PXK,0.16735946674008095
ICAM5,0.1673380841335206
TINF2,0.1672331107121448
KIRREL2,0.1672026184876762
GNA13,0.16718036741882064
KTELC1,0.16714185904469547
CDK2AP1,0.16714001169045314
SGK223,0.167130432491956
DYNLRB2,0.16709218971242493
SHF,0.16706742985270207
EML3,0.16703564758758394
GABPA,0.16691205873744006
SGMS2,0.16691144796377427
C6orf142,0.16686052334627324
EIF2C3,0.1667284929236905
CNP,0.16663530994935824
CREM,0.1666126950889911
AGXT2L1,0.16656668477529057
VOPP1,0.1664852721892854
VWA1,0.1664659295428158
GM2A,0.16638698677681865
PCDHGA1,0.16638503617874306
AKR1C1,0.1663730171827361
EYA3,0.16630331765264997
ZNF621,0.1662299283198935
OTOR,0.16622899636356453
JRK,0.16621422758942017
MTMR15,0.16620072345804987
ARHGAP18,0.16604243332418497
NCRNA00176,0.16598575841560984
ZCCHC6,0.16596356743358065
NUDCD3,0.16594299678792376
LRP5,0.16586527715314459
HIPK2,0.1658542751751253
TBC1D8,0.1658491022613175
LOC100128675,0.1658363498333912
CCL8,0.16578471735215133
EIF4ENIF1,0.16572096460426733
PGBD2,0.16570791738008472
SLC39A1,0.16567343758987674
SNX32,0.16565468319082968
KRT81,0.1656443676648142
SORT1,0.16563549934001232
FAM138B,0.165627927592474
FMNL2,0.16562407825595463
ZNF461,0.16558470350605659
RGS12,0.16555327513833845
ATP6AP1,0.1655410419220673
RGL3,0.16551143321100775
MYBPC2,0.1654934240325791
LOC100216001,0.16544389451120292
POLM,0.1653723341092893
LY6G6C,0.1653588121845553
RPL23AP64,0.1652855040639046
GPR158,0.16526194852424084
FKRP,0.16525144038145798
PCDHGB8P,0.1652324919043334
MYL4,0.16523093308256817
RPL13P5,0.1651945730968295
ZNF705A,0.16519089971940973
ITM2B,0.16515725266066114
USP4,0.16510020118909138
CAPN2,0.16504373611037884
HSPA13,0.1650426044687985
ACSL4,0.16502510488271033
C6orf106,0.16501940197468434
NFKB2,0.16497496428255687
CRABP1,0.16495908929394973
ZKSCAN4,0.16495205076839253
LOC646762,0.16493361858166108
LILRA3,0.16493025108484155
PTPRK,0.16492965549893496
MSLN,0.16489003447447306
MGC16121,0.16488295634586364
DLL1,0.1648699159243221
ARC,0.16479196799026166
ARL8A,0.16473997448475142
CACNA1I,0.16470107367450057
FLJ34503,0.164698942768278
C6orf217,0.16464596144326782
KCNH6,0.16461484386333855
PRRT4,0.16460421382460086
ZDHHC1,0.1645369537064931
GCC2,0.16450248883245466
FADS1,0.16449741811511484
SGSM1,0.16449499593400876
PTGER1,0.16447675880036586
FGF20,0.16445261601660627
CES7,0.16443714852324307
BMS1P5,0.16443308652432712
ZNF547,0.1644317009826474
ALCAM,0.16437141204139047
RBP5,0.16432739512157732
ZNF836,0.16431295987322483
BHLHE40,0.16430841232835616
CYFIP1,0.1642321156592735
FGF16,0.16421246063326897
USP20,0.16412003206786954
RNF160,0.16405421786709168
NCF1B,0.16403707014891192
MUCL1,0.16403139062642091
ARCN1,0.16398214154398946
TAF2,0.16396510067985406
C15orf33,0.16393866025933143
SNX13,0.16385629254600143
C9orf144B,0.1638485612924118
COL11A2,0.1638329672330225
STXBP1,0.16380840160248086
PIP5K1A,0.16379168665614344
DAZL,0.16376830350428845
GLIPR1L2,0.16368225908863376
KCNH8,0.16366427475470605
SUN1,0.16363509342006993
CLEC12B,0.16363505730966896
EFR3A,0.1635765579831672
KCNQ1OT1,0.16356838706729204
SEMA3C,0.1635381301352995
PRRT2,0.163507171062668
SELL,0.16347460376071757
LHX8,0.16345443024012832
RNMT,0.16342590512149352
NINJ2,0.16342525073803513
CDKN2A,0.16338535935961407
KCTD18,0.163263991733094
SLC12A5,0.16322589099019383
HMBOX1,0.16318532484507478
TCN2,0.16308257729038272
KAT2B,0.16308232949763318
IL6R,0.16303719204143574
CYP3A7,0.16287071336476933
ZNF536,0.1628440012680677
EMR1,0.16279724574077636
INPP4B,0.16279552544052375
C1orf116,0.16276201157519132
SLC44A2,0.1626913868569207
SLC13A5,0.16268890112946172
FBXL18,0.16264157211247787
LOC284100,0.16261146134490956
WBP2NL,0.16258456607044672
ZNF517,0.16243221543952674
PLB1,0.16240150635420839
HOXD13,0.16237345019905075
FCGR3B,0.1623186336143199
PKDCC,0.16231619660611102
CTSD,0.162273317150163
C14orf28,0.16226331351537646
SLC35E2,0.162233931752984
LIMK1,0.16216932022842526
PAFAH1B2,0.16216085296036944
RARG,0.16213196763812446
MYCBPAP,0.16210224443714888
TNKS,0.16205125727716388
TP63,0.1620388210373262
TNFRSF8,0.16202984726687927
PAPL,0.16199635173551635
SMYD4,0.16197569392027572
GPAT2,0.16194013020408085
APC2,0.1619091498119347
TCTN1,0.1618619678921703
PKD2L1,0.16183606196624223
EIF4B,0.16180289546958462
ELOVL3,0.16179707196649598
IFFO2,0.16179404854268065
TMEM67,0.1616709309028381
ADRA2C,0.16165556711590326
TMEM167B,0.1616196386615302
KCNJ9,0.1616101840556374
SIRPD,0.16139409203116817
PTPRN2,0.16136058472856973
ZC3HAV1,0.16132961831305134
IFT81,0.1612551747529257
CGB8,0.16110064663937348
MON1B,0.1610921578040568
CEACAM4,0.16108722812521908
TRDN,0.16107588970438144
LMBRD1,0.16101807464872722
AP2A1,0.16101299148682785
ZBTB26,0.1609129153484334
LOC283999,0.160896568809049
TMEM215,0.16089401897764127
SOST,0.16085729957349482
MAPK14,0.16078978318135403
GOLGA7B,0.16078583621067122
SLC2A4,0.16075749408761653
C17orf105,0.1607416624005886
PHF20,0.16067576968035083
FAM53C,0.1606730503239454
ADRA2A,0.16066041610937176
AQP7,0.16064905772214422
KSR2,0.1605414258612309
EPHB1,0.16053739284757956
ZNF529,0.1605208384022069
WT1,0.16049607338269206
USP6NL,0.16048101199356968
GNA14,0.1604803012971876
R3HDM2,0.16040802890067116
LRRTM3,0.16030126374096035
CACNB2,0.16029064228615558
ART1,0.16020620399769128
ZNF790,0.16010826152389734
RNF113B,0.1600556415911607
ZNF792,0.1600025718304087
PKP1,0.15998331814516273
SPTBN1,0.15994617808273123
KMO,0.1599075936909008
KIF27,0.15989786173744766
MYBPH,0.15985500045776851
IP6K3,0.15984294433419996
TRHR,0.15982982443585153
C20orf201,0.15978878759265133
DHX33,0.15974578293650035
PRUNE,0.1597132671992926
PSD2,0.15970836275691355
LOC100131551,0.15968097004864487
GPR81,0.159675851041579
GRN,0.15958059186972842
MAN2A2,0.15956661475713516
A2ML1,0.159530030637687
C12orf39,0.15951104465267152
MBD6,0.15947812388388802
KCNA7,0.15941692535281057
FEZ2,0.15937520263383978
GABBR2,0.15934258978856058
GPR87,0.15933420662449532
ABTB1,0.15930594367468734
ZNF551,0.1593056504746709
NLRX1,0.1593020023742409
SARM1,0.15926470268263945
DENND1B,0.15922046857822938
ATG9B,0.15919362865956993
ADC,0.1591802922149119
CASC1,0.15917566169095368
DNAH9,0.15912602501908618
ANPEP,0.15911560271727596
ARL6,0.15911266655312953
TMC1,0.15909255047813337
KBTBD13,0.15907136873104566
STAU2,0.15901462991666118
TOX,0.1590100624760874
TBC1D9B,0.15898732147070063
HDX,0.15895004009456556
SETD2,0.15890472917565135
C12orf23,0.15882681238136087
ZNF420,0.15880530747786825
STMN3,0.15880361355327552
TREML4,0.15874927352664542
NCK2,0.1587443744541863
HMOX1,0.1587432039209062
RASA4P,0.15871504117229385
ACTN3,0.1586971231239639
ZNF185,0.15867386967361238
MT1L,0.15864923205564
C1orf127,0.1586078052493725
FYB,0.15859505890808845
KIAA0174,0.15855519805132415
TOB2,0.15852853289639948
LRRIQ1,0.15851635656861404
HOXA1,0.1584924954836935
AATK,0.15847536815099597
KCNQ4,0.15844864551002094
VCPIP1,0.15840921800054505
DDX42,0.1583974963538106
JAG2,0.1583857062920043
ZDHHC7,0.15837145487981197
SYNPR,0.15836527246577325
PTPRF,0.15832929067022114
FGFR1OP2,0.15828177737549812
SULT1E1,0.15824365822786254
LDHAL6A,0.15823532152685196
SAMSN1,0.15814933230729647
C6orf165,0.1580808730220745
SLC7A9,0.15807644763440906
C8B,0.1580212222681864
BRWD1,0.1579145201190622
RAET1G,0.15787220576686586
ZBTB33,0.15782547701917782
HLA-DPB1,0.15781973935591423
SS18,0.15780709755627711
C10orf11,0.1577880005548512
ABAT,0.1577803519130067
HERC3,0.15777433786298303
TUFT1,0.1577325307187309
C13orf29,0.15772944548861026
WDR48,0.15770408262148072
ASXL1,0.15768330661723393
ANKRD17,0.15767755931215416
LUC7L2,0.15761638457725613
RD3,0.15754111705374305
IFLTD1,0.15740859860640688
CST11,0.15740778021547802
ZFP37,0.15737130796571094
KIAA1683,0.15736822296333675
SLC29A3,0.1573546432023184
PURB,0.15734419905832203
ATXN7L3B,0.1572697476146307
AMICA1,0.1572334395669091
USP13,0.15723142216276742
NANOG,0.15722788728962175
C7orf52,0.15722275214350925
TMIE,0.15721140537642306
SLC35F4,0.1571927002708948
BCO2,0.1571477292994367
OSBPL5,0.15713726481693757
CPM,0.15712184000912682
TMEM132A,0.15703638322673957
TMEM110,0.15700405281564314
ZNF41,0.15684088651065756
FERD3L,0.15681412728070157
ZNF227,0.15678365980453723
LOC253039,0.15672089499156286
IRF5,0.15668544963658723
DRAM1,0.1566420391347995
ZNF498,0.15663191472222843
TM4SF1,0.15662606865686635
P2RX6,0.15661364812193296
GUSBP1,0.15656694387098727
SLC26A4,0.1565438204343139
TMPPE,0.15650941056657297
C15orf34,0.15645589742768284
SNX27,0.1563886616008469
GJB2,0.15633534532234206
PLGLB2,0.15628243142882087
LOC158572,0.15623299836022492
CCDC126,0.15616173872909236
C13orf31,0.15614531280507257
ZBTB22,0.15607049744771026
FAM50B,0.1560648307181483
ONECUT1,0.15605155646916866
BTN2A1,0.15594591063110402
NCF1C,0.1559415308104045
CARNS1,0.15593923453914446
TSPAN10,0.15588876687947104
WHSC1L1,0.15587243169268014
RMND5A,0.15586467436282214
USP19,0.15585885079315606
ZFP41,0.15582592907974577
MAMSTR,0.15582228657166133
CNGA4,0.15578153324885236
CPEB2,0.15573602931961653
STAG2,0.15573306975101725
ADNP,0.15570965858619346
YTHDF3,0.15565236806478536
C21orf49,0.15562593994980375
PABPC1L2B,0.15560438637955987
HIST4H4,0.15557079721389244
DENND4B,0.15555623597714846
IRF6,0.15555497966669893
ZXDB,0.15555110029633484
PCDHA1,0.1555471862501083
MYST2,0.15554108281364037
PRUNE2,0.155481674973095
C9orf84,0.1554497177256254
KIAA1826,0.15544755772046692
C17orf47,0.15534751210775025
RBM5,0.1553234946299318
TACC2,0.15525549973938352
CCDC33,0.15524523902960569
C1orf129,0.15524014455937435
RHO,0.15518898639154458
SLC20A2,0.15516737437703737
ASB8,0.15510903141299048
ARFGEF1,0.1550347231553407
TXNDC6,0.1550297244917951
EXOC7,0.15502162373469983
UPK1A,0.15499892047854566
NHS,0.15488486718374725
PSTPIP1,0.15488217586786468
LOC100240734,0.1548570068302323
TAS2R10,0.15485381308515045
SYNE2,0.15482470813585736
NUFIP2,0.1548114238962209
TPST2,0.15471860358561018
SLC26A11,0.1546897941366136
RPL23AP53,0.15466440946654503
NAV2,0.15462090817630267
KEL,0.15461321303597317
LOC26102,0.15460890762677898
SLC6A12,0.15460478980377215
BDH2,0.15460317550601543
HRH4,0.15458722242325237
FAM99A,0.15458513611192026
C16orf73,0.15452646596953917
TDRKH,0.1545183396281906
VSX1,0.15444577564191114
C10orf129,0.15443199195821591
FLJ10213,0.15442698433803628
SPIRE1,0.15433252604815972
TRIM33,0.1542766225025633
RTL1,0.1542552438338034
CDH15,0.15424832492318727
PTMS,0.15417769041053858
C9orf106,0.15416396514095487
KIAA0586,0.15415234911752146
GNAQ,0.15412604983540826
C21orf91,0.15405275962968415
PRSS23,0.15404290386227998
NUCB1,0.15403993571072438
APOC1P1,0.1540257088275438
FLJ36031,0.1540235053251656
FAM102A,0.15401569808980747
CPLX2,0.15400823039179207
LOC90110,0.1539599077974868
C10orf12,0.15390880084337039
KRTAP3-1,0.15390238271998966
DDX17,0.15389342094211336
C4orf3,0.15388315667865374
C16orf71,0.1538686960187347
CRLF2,0.15381023358520293
TSLP,0.15373039817267253
DNAH1,0.15370879812562566
UBTD2,0.15367119932051962
TNFRSF10D,0.15363168366392455
SLC2A7,0.1536002626580238
ORAI3,0.15359550665045546
ZNF746,0.15356954078271093
WDR63,0.1534608385443747
CYTH2,0.15344908766452747
POM121,0.15344361446625374
NLGN4Y,0.15343319192222235
NXNL1,0.15337442832401393
LOC84740,0.15336987504193406
DCC,0.1533564611229434
P2RY13,0.1533297369365592
SMARCC1,0.15330105977728653
NBPF1,0.15319903333441193
AHRR,0.15317165581638265
NCRNA00094,0.15317006490799615
FAM69A,0.15312918608964904
EDC3,0.15311956257118367
LOC283922,0.15301880592743256
RALGAPB,0.15297890093730246
GATA1,0.15297320153663094
F7,0.15295735793714593
IPO13,0.15294539081525954
NINL,0.1528701381059051
POU3F2,0.1528198676661078
FNIP1,0.15277192546300655
PCSK1,0.15273752543340685
LOC285205,0.15266896780207348
CPA4,0.15265202093211394
ZIC4,0.15257842471412747
RAP2B,0.15256198762023
SLN,0.152549349336898
C20orf186,0.15244084380343334
GUSBP3,0.15243386144195734
C5orf62,0.15240667176933867
DSP,0.15234500229521777
C20orf177,0.15234393708497676
ZCCHC2,0.15226584715263522
PHF8,0.15226118014779183
RHBDF1,0.15225928680590847
NXF1,0.15225016215438877
VEZT,0.15220662722630487
DOPEY1,0.1521934503919652
FURIN,0.15216908034302862
TMEM114,0.15216576043669208
MOSPD1,0.15211573005587992
SHOC2,0.15211277832989775
ZNF155,0.15207029309561887
TPPP,0.15206390365640227
LOC728024,0.1520421731712932
ZNF212,0.1520132046768779
NR1H2,0.15200119611567098
PPP1R3G,0.15190530879214814
C6orf122,0.15183871551350286
FBXW8,0.15180930531532066
RALGAPA2,0.15178424933369208
SNAP23,0.1517787286821149
GMFG,0.1517689540476208
LOC388387,0.1517209378448216
FBXL3,0.15163592245993665
CCDC11,0.15156147957670252
KIAA1211,0.1514874869018334
ZNF85,0.15138795868684035
MYH16,0.15136703970516271
TPTE2P1,0.1513473859181765
YTHDC1,0.15133579386296517
ZNF197,0.15132575366198114
TLE2,0.1512832281690445
VCX3B,0.15127521924009762
YIPF3,0.1512459310883026
FBXO42,0.15116135902161834
SYNJ2BP,0.15103842355411246
HPS5,0.15095083591345354
CACNA1D,0.15094958770176825
MTMR9L,0.15093824251213195
ABCD1,0.15092016322157611
SAMHD1,0.15086525886771956
RNF215,0.15075245888596864
C11orf74,0.1507197231178166
ITIH4,0.15069859608415545
SCN8A,0.15067381863731735
PPM1E,0.15062905670845386
CLRN1,0.150610533903978
CRKL,0.15058855369424837
ACIN1,0.15055364855349473
SENP1,0.15051465047042123
SH2D5,0.15043591842394008
PAGE4,0.1504303705315533
SRRM5,0.15042933454867563
GJD4,0.15040819784609594
ZNF317,0.15032270188288188
LOC646982,0.15027058629583456
C20orf141,0.15024047180077724
KREMEN1,0.15023356156088774
ZNF217,0.15008038559155545
IVNS1ABP,0.15006714373437435
NUDT17,0.15003111996007631
KRT76,0.15002431239006092
CIRBP,0.15002427065949764
RSBN1L,0.14999371530842348
S100A12,0.1499118378666383
CACNG6,0.1499093793429485
CDH26,0.14988539199397558
C2orf58,0.1498802703949724
LOC652276,0.14986640344841906
FREM1,0.14981322020231716
SPATA4,0.14976608780965356
BMP2K,0.1497378829828438
RCAN1,0.14973534053429322
PYROXD2,0.14970024097181028
ZNF555,0.14969558229015695
C9orf96,0.14965630980910855
KIAA0802,0.14962704743932567
P2RY4,0.14958482683123214
LIG4,0.1495770701564757
PROC,0.1495560981072055
SUMO1P1,0.14953791487724086
KCNS1,0.1494961762683172
LUZP6,0.14949177169851396
MAK,0.1494199494871938
GNB3,0.1493910424969018
SGK1,0.14935705890330994
KIAA1609,0.14931925593542839
OR7A5,0.1493075501909562
P4HA1,0.14928828681674822
ZNF75D,0.14927551247204085
SNTB1,0.14926783882307462
LHFPL1,0.14925991383297788
FBXL5,0.14923578345042177
DNAH17,0.14921238702968456
NPTX2,0.1491980986005755
FAM174B,0.14918151544181493
ZNF285,0.14917955868079222
GOLGA3,0.1490268394257289
GRAMD1A,0.14899734183366253
ANKRD31,0.14899396837921564
SEC24A,0.14899052401937996
CNIH2,0.1489633206631429
OR5K2,0.14896086801835776
PACS2,0.1489587910206945
OR1L8,0.14895770668682753
COL20A1,0.14893152603255422
PPPDE1,0.1489126327553407
XPR1,0.14885267348198084
SPOP,0.14884964511624696
C7orf64,0.14882696684657154
ARHGEF1,0.1488244743968529
STAC3,0.14881630230044138
SLU7,0.14874637642999336
KIAA0513,0.14873048989321389
LAMC3,0.14869827705359767
GIMAP5,0.14865854005253135
OPA3,0.14862938223404074
LMF1,0.14857944646835816
SEPT10,0.14845786286769985
NRBP1,0.14844139366870387
ZNF543,0.1484248508599872
DAB1,0.148416139185022
FLYWCH1,0.148389496047936
CASKIN1,0.1482705296439513
RNF13,0.1482291484805974
ATE1,0.14822261302646866
IL5RA,0.14821166394207316
TDRD12,0.14809610686806485
MGC16384,0.14795708321603993
WDR11,0.1479000226399914
FBXO3,0.147887611941416
MYH7B,0.14783619149762006
LHX9,0.1478266237949101
KPNA1,0.1478196115112811
GRAPL,0.14780537827048346
PACSIN1,0.1477993892786639
LOC644172,0.14779379748776114
KCNA4,0.14779324351921636
APOL4,0.14778076912609248
ZNF83,0.14777822561169554
TAOK3,0.14770372268949014
ZNF23,0.1476797244474705
KATNAL2,0.14763922226601553
TCTN3,0.14757282602513622
KCNAB2,0.14754238180527496
NAA30,0.14731223883005629
EIF4G1,0.14731216365451416
MORN4,0.1472511718242801
PHC2,0.14723968406400803
C1orf126,0.1471626670907098
ZNF629,0.14711725103912907
RAB38,0.14710839113606072
EVX2,0.14710461341542916
AP2A2,0.14710398169472708
SLC26A7,0.14709242876812945
B3GALT4,0.14709053073302494
RRN3P2,0.14704897110911794
DKFZp779M0652,0.1470083735731885
FAM75A5,0.14699380880913274
NPHP1,0.14694961552216168
AQP3,0.14694008320154756
ALMS1,0.14692972876400764
ST6GALNAC6,0.1469074158829185
SETDB2,0.1468819171833446
GPC5,0.1468814796840495
CTDSPL2,0.14682623080938706
ZNF146,0.14678012449842592
ZNF230,0.146779030274026
F2RL2,0.14674418294418615
EDEM3,0.14672090245851305
EMILIN3,0.14671745813145615
ZBTB12,0.14671157158122616
ARHGEF18,0.14668433345659398
COX6A2,0.1466788756537502
ZNF16,0.1466377919480434
IL23A,0.1465867083319958
SHISA9,0.14655056523023935
LOC729799,0.14648642460254027
PLIN1,0.14638017731921368
KCNK17,0.14637824379397407
PLAUR,0.14636599460262764
LOC100124692,0.14635763866867169
TBC1D25,0.14630984361607136
IREB2,0.14630589846503678
LMO7,0.1462980917242686
SLC35E3,0.14629291890795734
TMEM131,0.14628351431235473
GLUL,0.14627450492341343
NTF4,0.14624359940433945
SPOCK2,0.1461905549458476
HIST1H4H,0.14609128454124326
PGA3,0.14597217224634343
RNASE13,0.1459719014947044
PTPN11,0.14575177593246622
KIAA1009,0.14565565338762362
GAB1,0.14565305878677914
SLC12A1,0.14558984176354525
SLC31A2,0.14552009954020576
LPIN2,0.14546977658963364
ZNF717,0.14545803857230008
MYL7,0.14545692044105465
STT3B,0.14544151891722135
GPR109A,0.1454029617794036
GLB1L3,0.1453576985011597
CPVL,0.14534015340294304
BAG2,0.14532050097818539
SLC1A6,0.1453127313723414
MEX3A,0.1453003831547708
ARL2BP,0.14522278829433624
CD1E,0.14518260686572762
KCNJ1,0.1451800460636114
PPP1R13L,0.14513730108621611
ACE,0.1451347445216776
KIAA0753,0.14513376676850143
CD81,0.14511429185706548
KRT1,0.14507489259046571
LOC728323,0.1450688988482393
HCFC1,0.14506108362205028
C10orf28,0.14500751921034571
ANKFN1,0.14489434690704941
PDE3B,0.14485392549562048
FBXL13,0.14482290919950214
WNT11,0.14471349021275703
IRAK2,0.14469534805822282
PEX12,0.14467792523263248
KHDRBS2,0.14467243436620444
GLTSCR1,0.14467143424384102
ERCC5,0.14466197881259765
PRG2,0.14465041292147415
ZNF302,0.14459257966583589
C1orf111,0.1445309297925678
VN1R1,0.14450418853818545
UHRF2,0.14447936912390016
NCOA6,0.14445898009593494
ADRBK2,0.14443142434277434
CORO1C,0.1444132621899258
KNDC1,0.14433339716766067
SLC16A8,0.14432229472836194
IFT122,0.14430035983789313
CCNG2,0.14429500296259037
DOPEY2,0.14422106980825192
PCDH8,0.1440754022559397
OR3A2,0.1440530647350585
LHCGR,0.14404523409391815
GATA2,0.14403192824448027
ZNF518B,0.1439770670321423
TEKT2,0.14395072751629684
RBM33,0.1439119490808179
C3orf70,0.1439004153189382
GTF3C3,0.14388318108859907
PTPRC,0.14379089755696928
ICA1L,0.1437349594151919
SENP2,0.1437298921988959
MGC16703,0.14371877508010153
PCIF1,0.1436518008587176
SLC5A3,0.14361179736693813
NR1H3,0.1435979641903661
DHX29,0.14359731766394587
ATP6V0A1,0.14344824188942346
MCOLN3,0.1434455593957288
TMEM212,0.14343833221918778
ZNF583,0.1433983287518107
C14orf21,0.1433467800137619
ARHGEF10,0.14329647287655933
C13orf39,0.1432917083222723
CTDSP1,0.1432595277373241
FAM180B,0.14321281156176946
PRDM15,0.143191633769584
AURKC,0.14318299865094922
AQP7P1,0.1431549007696832
MAFK,0.14313981292958405
RUFY1,0.14312228231403432
FCHSD1,0.14311170109545995
AMTN,0.143100844074698
NCKAP1,0.1430302449409221
SYT1,0.14298596836116903
TNPO3,0.1429840937601772
STARD3,0.14297263646797856
LOC100190986,0.14297234698038322
SIRT1,0.14295379733890554
KIAA1539,0.14289538284936168
PKN1,0.14288218387128637
AMHR2,0.14276765326645385
TEPP,0.14274072325264503
PCLO,0.14272217048029748
ANKHD1,0.14270690900191776
HFE,0.14266358411929952
CDH22,0.14263015218455033
HEATR7B2,0.14242551285187932
HIST1H3E,0.1424073702905578
NDRG1,0.1423848515150473
FAM106A,0.14236344594936406
CHRFAM7A,0.1422703127085264
CRK,0.14225464185746894
XRN1,0.14223393785483043
MYL2,0.14221798416086925
TMEM71,0.14213363043419835
CALHM3,0.142097258337755
EGR3,0.1420802694989736
ESYT1,0.1420605009760572
CYP4F3,0.14205454146644428
BTBD12,0.14201244187186152
PKIA,0.14194818707580528
NCRNA00028,0.14192063934961732
BGLAP,0.14190934445363534
ZNF235,0.14190657127542125
OTUD4,0.14190564293992491
C21orf29,0.1418871217720893
CAMK2G,0.14179207382383188
TCF12,0.14177810411802533
CBX5,0.1417770076751536
TCERG1L,0.14173969747876672
TOP3A,0.14165643137130643
HLA-DQB2,0.14163092639499802
PHAX,0.1416150915675224
USP24,0.14160012765447802
ANKK1,0.14157536496334805
WDR44,0.1415548126811887
TNNT2,0.14152416340626425
LOC91450,0.1415222109841825
FLJ42875,0.14149653925113156
C6orf164,0.1414872546273742
TTLL5,0.14145533740139454
ZNF396,0.14144311596634876
HOXA6,0.14139300770254656
CLUL1,0.1413817385324786
FBXO18,0.14135280155466484
BTAF1,0.14134765978155764
EIF3A,0.14123646962221403
MAP3K4,0.14119454237817033
FCF1,0.14118849871101793
UBAP1,0.14117347980939987
DSG3,0.1411636976612036
ZNF439,0.1411538487824088
USP6,0.1411077496222617
PTPLB,0.1410914647297307
LPAL2,0.1410580719830736
CLK1,0.1410070666594087
CDR2,0.14098617951491269
C1orf55,0.14084629171609406
ANKRD26,0.14078423225205203
AVIL,0.14078405521816473
C17orf46,0.14073404260650263
COX8C,0.14072558397754584
ABCA4,0.14069590859255168
TRNP1,0.1406862766002877
GRID2,0.1406568767925204
CCR10,0.14059316742196845
ITM2A,0.1405738054468401
SLC6A11,0.1405723463359673
C20orf26,0.14052292803277328
OGFRL1,0.14048300782866208
MARCH4,0.14047775920548253
ZNF19,0.1404494673822341
ZBTB38,0.14042137297757362
PRDM16,0.14038588716523398
IGSF3,0.14036440353867138
AQP4,0.14031498423300728
COL9A1,0.14019838154752998
KRT5,0.14019190759358305
CDK12,0.14014112381891808
CNTFR,0.1400842980087708
IPO9,0.14001481204745123
ZNF10,0.13998779366958447
PLK3,0.13994903916059176
CP110,0.13994622995790212
OPRD1,0.13986530934494706
ZNF224,0.13980000546765342
PPP2R2C,0.1397667383321734
KLF15,0.13972530136802697
ZBED1,0.13969632158079398
SNX16,0.13968080263764843
ZNF383,0.13964051244219627
ATXN2,0.13962370630050824
PPP1R16B,0.13956534302081622
C22orf45,0.13956308683597188
CHST13,0.13954470962429227
SPANXN3,0.13942599730237681
ANKRD45,0.13936572201404765
SNX12,0.1393413202499114
MS4A3,0.13930441771847946
S100B,0.13930388352313602
LUZP4,0.13926719127732698
PRSS38,0.1392647935074846
NEDD9,0.1392616470972048
KCNH5,0.13919997783096724
SMG7,0.13919455315430562
PER2,0.13918615208933027
GLRA3,0.13915280958096424
C11orf42,0.13915170136078908
ZFP91,0.13912289542966105
AMOT,0.13911761174789178
PRSS37,0.1391152766989839
PLCD1,0.13898399437673664
COL4A3,0.138977134280153
DNAJC24,0.1389317436107793
PLCL2,0.13891967896389334
ZBTB42,0.1389057859445215
VGF,0.1388361308561881
ZNF43,0.13879272799485068
LHFPL4,0.1387785027952973
TUBGCP5,0.13873781156012255
ACVR2A,0.13868946844681873
STRN3,0.13868659950184514
IDUA,0.13868088635497478
CDS2,0.1386523621244686
LOC100271722,0.1386219898201808
HEPHL1,0.13862163868285093
C4orf47,0.13861815394312646
IL1RAPL2,0.13860128980066286
FAM138F,0.1385913363237473
MFSD6,0.13858032874184692
ADRB1,0.13853051007161654
FLJ43390,0.13851420351133473
HNRNPUL2,0.13848140236278236
FAM21C,0.13848087054225425
GABPB2,0.13844516594837794
ITIH2,0.13843776141475825
RAET1L,0.1384368092385002
JARID2,0.13840969989373755
FOXP4,0.13832534532410917
PSG4,0.1383141911863454
OPN3,0.13830757799051047
RAB33A,0.1382099428327537
ZNF441,0.13817638147780295
SERPINI2,0.13812467597896297
TRIM49,0.1380179253368185
SLC4A11,0.13801698813447819
BZRAP1,0.13801084594710866
PTPN13,0.1379497515516844
LOC168474,0.13789112524153596
ANO2,0.13784748262209848
ELF5,0.13777730991177647
ZC3H4,0.1377727064064221
GPR109B,0.1376680404197661
MYL6B,0.13764848746495195
RELB,0.13760715807611143
NLRP6,0.13759555125300038
SPOPL,0.13758749775256895
PSG1,0.1375036302495037
LOC729603,0.13748655314055466
GALNT2,0.13740855956786274
NEK5,0.137405580129214
CAPS2,0.1373954376366283
DPY19L4,0.13738517730016644
KHDC1,0.13737309104465667
KCNA2,0.13733060485443688
MARK1,0.13731817160676182
ZNF250,0.13727294626421466
AMPD2,0.13726632068253028
IFNA13,0.13726254094803553
HPN,0.13724509912803393
CNGB1,0.1372201430240258
C3orf58,0.13717447014044348
SMEK1,0.13713164716142612
TRAM1,0.1370190316131055
BNIP3,0.1370162098162761
CCL3,0.1369325225019833
LOC728989,0.13690097847206717
PARP11,0.13685836161654022
CLEC4D,0.13685105850848484
HOXC11,0.13684461854267183
FRMD7,0.13684311261974824
SIGLEC12,0.1368287978238209
KBTBD4,0.1368136371777226
SLC35A5,0.13677930701299587
LPGAT1,0.13674472065284227
ARHGAP17,0.13670677419050814
CPO,0.13669809087929802
SPTBN5,0.1366975075792115
CCR4,0.13666367694253284
ZNF271,0.1366462547769863
CHAT,0.13660946329219087
RAB5B,0.1366041367781128
TTLL11,0.13659419570818035
ZCWPW1,0.13654320033245892
ZNF737,0.13652880394736439
CCDC48,0.13650126360612133
GSTT2,0.1364443860535937
CYP7A1,0.13641791717985027
BAIAP3,0.13640045125004774
FLJ45340,0.1363407207523144
C15orf26,0.13634013823501784
CNGA1,0.1362709406156277
KRT25,0.1362665588523661
FXR2,0.1361928819174546
DLX3,0.1361823835599517
DPF2,0.13617624512454324
JRKL,0.1361643699461465
ERBB3,0.13611296075086743
SLC4A7,0.13602622082099605
DTWD1,0.13600512659998848
MYO1H,0.13598851122471245
C21orf63,0.1359656630774105
GRAP,0.1359499172113154
GFOD2,0.13593263946115394
MTMR12,0.13593077105928617
ACRBP,0.13589076619929635
CCDC82,0.13587421334121547
PTK2,0.13584551543685805
CDCP2,0.13581040757302956
ZNF605,0.13578955074479157
ZNF222,0.1357601662723116
ZNF649,0.13575148337862847
RGPD5,0.13575015637903132
EPB41L4A,0.1357483548855628
GADD45A,0.13570854737448426
VWA5B2,0.1356169617373061
SYT10,0.1355814751092223
STL,0.13557180324750404
KLHL29,0.13546538157103
CHST12,0.13546153572415806
NDNL2,0.1354582422621341
HIST1H2BF,0.1354494354817735
PIK3C2B,0.1354430147199825
SMOC1,0.13540171073162222
LYPD2,0.1352887436893542
HOXC12,0.13524890436949563
KLHL15,0.1352243189458895
MOBP,0.135216013543672
LOC728819,0.1351863163824826
CDH18,0.13517336843370784
ZNF384,0.13512138203596205
ZC3H7B,0.13507308364279255
KLHL23,0.1350296011463312
PION,0.13502226017772725
C20orf202,0.13482862872919615
NOD2,0.13479977605893514
TRIM17,0.1347890522328905
FNDC7,0.1347610804995364
FAM46A,0.1347353869931867
ZNF503,0.13472351865965349
OR2L13,0.13470299314135623
GFOD1,0.1346807421597058
CUL9,0.1346588887118161
LAMP1,0.13465691353075407
IQCG,0.1346516276783115
TMEM104,0.1346188258781782
LRRN4,0.13461422098726977
CDK5RAP2,0.13458252879852856
HEXA,0.13456490600577084
ZNF841,0.13455873376107935
RALGDS,0.13455163788895474
FBXO40,0.13453909910407294
CXCR2,0.13453764364547138
GLRA1,0.13450564370727075
UBFD1,0.13448322439151356
TNFAIP1,0.134466339910064
EYA1,0.13446360619538067
MFAP1,0.13443381152671652
VPS45,0.13442750617529578
SFRS12,0.13437374435027194
LOC389634,0.13436004632807205
FOXK1,0.13435057730206912
CCDC65,0.13433374454043537
GBP6,0.1342933483222991
CLEC16A,0.13426667204761752
UGGT1,0.13426247546229328
DIO3,0.13424433299638486
NEU3,0.1341928829972222
GLYR1,0.13416799478527439
TDRD1,0.13415557760885108
CCNT2,0.13403650423680466
LOC84856,0.13402805410512122
EXOC2,0.13389232744371513
S100A9,0.1338159588671652
INTS6,0.13373831765769434
INPPL1,0.13368201468668403
GJB6,0.13364936287186288
APLF,0.1335922068515751
GVIN1,0.13358769444214272
CAMP,0.13358611404835863
LRRFIP1,0.13354063747634096
PAG1,0.13347605209857819
JAK3,0.1333730916540859
ASB18,0.1333216505657626
IRF2BP2,0.13328990653652018
KCNIP2,0.13327557664704573
ACVR1B,0.13327422615035503
NKX3-1,0.13324751837260407
N4BP2L1,0.1332417084502417
KPNA7,0.13321348973166466
CABLES1,0.1331744604951672
BIN2,0.13317443124071393
MORF4,0.13315998282208172
SLC9A10,0.1331434649411739
SCG5,0.1331163248477089
KRT31,0.1331014905489172
ZBBX,0.13309558594703647
ZNF280A,0.13309049552939736
KRT27,0.13307652589110675
C2orf62,0.13307387699368933
ZNF24,0.1330132856352287
PKIG,0.13300312889483004
MCF2L2,0.13298483952432588
RNF214,0.13298196600025947
GJC3,0.13294911808003027
OTOF,0.13288993591768938
IKZF1,0.1328886515104616
STON2,0.13288408766265528
RNF182,0.13287739629489156
UBXN2B,0.13285971718692322
C15orf37,0.1327913833277374
C1orf189,0.1327858655062682
PEX5L,0.13278102513771325
ZBTB43,0.132780076636075
IFNA1,0.13276864284103074
LOC643955,0.13276447945332706
KRTAP2-1,0.13274889366469544
S100PBP,0.13272374819068514
TULP2,0.1327139765748459
EFCAB2,0.13270660409010115
ANKRD7,0.1326295878194208
GNG12,0.1326227186504222
SLC41A3,0.1326098366119045
KBTBD6,0.13260189383497234
INPP5A,0.1325816200386696
KIAA0100,0.13255674303350196
LOC399744,0.1325163263710223
SERPINA4,0.13248229268990763
ITGA2,0.132455601666977
CDHR4,0.13236817987900798
RHBDF2,0.13229520332529388
ANKRD34B,0.13224346057417838
SPDYE7P,0.1322309549219661
C22orf34,0.1322111705552413
BBS4,0.13218351213695878
FAM71F2,0.13217564777421678
FXYD2,0.13212043423712877
HLA-DQA1,0.13209827350873873
PLEKHA9,0.1320398753344657
RAX,0.13200272218408907
RGS6,0.13198829122096803
CLIC3,0.13195890244396005
ZNF470,0.13194441710795773
BAMBI,0.1319216430774816
MUC16,0.13189428485989105
ASB11,0.131815174943373
C16orf54,0.1317698644517208
OSBPL3,0.13176866145630706
TMEM185B,0.13176859295611884
CD70,0.13175927947825475
ZFAND5,0.1316727651910081
VTCN1,0.13162570900586715
TFIP11,0.1316165482071207
ADAM29,0.13159360391221195
CAD,0.1315818020586979
POLG,0.13155459703395234
ZNF860,0.13153464484771224
PLA2G4A,0.13152449150589218
GLYATL3,0.13150891375254126
CREB3L4,0.13150577592323745
ABCA17P,0.1314865199600322
NCRNA00202,0.13144634345079445
FAM157B,0.13141013861152284
PML,0.13136120330383239
MGC21881,0.13131530332875985
MICALCL,0.13129692596920273
MPPED1,0.13126711637494112
JDP2,0.13124055350054004
DRD2,0.13123241657443713
DET1,0.13121572840591375
UBE2W,0.13121254474774457
MRPL42P5,0.13121005498523872
ACAD11,0.13108826986718428
HLA-DPB2,0.13103722592427983
EGOT,0.13098791991277478
GLT8D1,0.13090731710882336
MAFG,0.1308539091111873
PPP1R2P3,0.13081329232443578
FAM66E,0.13080708983033357
AGAP3,0.13075293676869465
LRRC37B2,0.13071321892344254
TM9SF2,0.13067508422782115
KCNK15,0.13066586787911924
DEDD,0.13062660992594335
ACTA1,0.1306033734475699
RHD,0.13056592811273532
EGLN1,0.13054537076910147
SP2,0.13051068106305808
FAM38A,0.13051054051179853
OPN1LW,0.13050026951681454
TCEB3B,0.13049089283491871
MYOM3,0.13046715623551047
RRN3P3,0.1304266149096911
TRPC7,0.1304171678115225
KIAA1244,0.13037346073934844
PACSIN3,0.13036728745447165
OR2C3,0.13035656977815877
ZNF764,0.13033640881297473
TF,0.1302874633488058
MTHFSD,0.13028053276289292
TP53TG5,0.1302719536910483
LEPREL1,0.13021614959484773
CROCC,0.1302043162809918
C1orf183,0.13015545272035803
LAMP2,0.13009778866038724
URB1,0.1300903981371953
SMAD4,0.13008510047981514
C10orf131,0.13007577632863074
SIAH2,0.1300400602382512
LOC284798,0.13003956623913757
C1orf88,0.13003798364884317
ITFG2,0.13003738444721732
TMF1,0.1300352727315032
ZNF345,0.1300062617141464
OR2C1,0.1299918268421041
TMED7-TICAM2,0.1299847665796773
CCDC135,0.12996432796523275
DLGAP3,0.1299150073001119
EDAR,0.12987026335793272
DPY19L2P1,0.12984258175343066
TDH,0.12979904500068645
ASZ1,0.12978178521574602
REEP3,0.12974260069155996
CUX1,0.12973989631477947
TSNAXIP1,0.1297142332906772
GOLGA6B,0.12960128216012082
PPP4R2,0.12956722318586625
SLC30A6,0.12955303648084185
KPNA6,0.12953916021512263
SH3BP4,0.12952988133189783
GABRG3,0.12947617036995068
GNGT2,0.12946754096329227
MUC15,0.12939682716938003
MBTPS2,0.12932255863160402
C21orf121,0.1292935843234293
HP,0.1292785830939103
LGR5,0.1292588383367305
COG8,0.1292521049675418
IRGM,0.1292128219263701
SLC4A1AP,0.12919524466548482
ELK4,0.12918878561271885
ADAM21P1,0.12918067174442058
NODAL,0.12906389095693582
TAS2R38,0.12905028658179288
CYP2F1,0.1290185079218372
KIAA0317,0.12892921459741297
TGM5,0.12888808722374942
GAST,0.12886661959115406
PNPLA6,0.1288009577109167
DDX3X,0.1287993403603658
DMKN,0.12877009181141855
C19orf18,0.1287136396847554
TAS2R4,0.12869286771971664
TMEM2,0.12869147679663484
CYP2W1,0.12865391630386055
PKHD1L1,0.1286091543234576
CTDSPL,0.1285675451645259
BAG4,0.1284857096044194
ANKRD42,0.12847412192791083
CLK2,0.12846410818687734
MPZ,0.12846190418304054
PLXNA3,0.1284508874520185
SIGLEC16,0.1283977268165681
SLC38A3,0.12839452349571895
SEPT2,0.12839027880133108
CDSN,0.12835194096708322
EXOC4,0.12833674876728593
PRICKLE4,0.12833122130971122
CDC73,0.12829462489324545
NCRNA00174,0.1282806401982608
KIF16B,0.12827694664113196
RBM24,0.1282579915011072
KIAA1715,0.1282484588574901
DGCR10,0.12821989626601385
ARFGAP3,0.1282186620934268
OTUD1,0.12821118291260558
CYB561D1,0.1281523825690853
CCK,0.12812112098905992
C11orf68,0.12808685173995463
DIP2A,0.12806112730592467
LOC284379,0.12803980592481745
SEMA3F,0.12800403096434973
ZFP2,0.1279788331753568
NCRNA00086,0.12795868546729935
VAMP1,0.1279559448139273
TBC1D8B,0.12792577478930542
ITFG3,0.12791101072796712
ZNF525,0.12782491999415715
VAV2,0.12781655332921607
GNAS,0.1278152481281359
GOLGA6D,0.12778851932404356
FOLR1,0.1277543598693288
NCRNA00162,0.1277363350608341
RILPL2,0.12769968596298623
SLC22A4,0.12768151816313555
TLR4,0.12763229372708293
ACSM2A,0.1276185575701096
CD1A,0.12760370038086638
HSPC072,0.12760064921033099
SLITRK1,0.1275731708059608
NGFRAP1,0.1275539872813315
EFNB2,0.12754899525885732
HYAL2,0.1274963698426763
TMEM220,0.12747271564434023
TMTC4,0.12738074840237332
SNAPC5,0.12735504434552505
UPF1,0.1273491943016699
DDR1,0.12731986675528262
SUGT1L1,0.12730075571436864
VNN2,0.12729892265529907
ADAM28,0.12726151232614533
KIF26A,0.12725563545978225
C20orf12,0.1272534624494761
FUZ,0.12723102559730004
SRPR,0.12722100459508223
NKAIN2,0.12717431858260655
PSEN1,0.12716480674128233
EGR1,0.1270787851804199
SP100,0.12705541472082507
ZNF701,0.12704785853708814
NPC2,0.1270302568828394
SLC29A4,0.12693030260587806
CUL5,0.126926667911441
TPCN1,0.1267756362481104
AVPR1B,0.1267625756934698
TAS2R40,0.12675405817583593
NUP153,0.126741452466171
LOC400759,0.12662912260561915
POMT2,0.1266080067132656
IGF2BP1,0.12659006096311512
PPP4R1,0.1265652215894307
CELA2B,0.12653218392626184
CPA6,0.12649756617782337
ARSK,0.12644171853637323
ZNF300,0.12639930350837864
AQR,0.12634310352684017
NKX6-1,0.12628352147745744
CYTH1,0.12627487867396228
SLC2A1,0.12625017640034403
ZNF223,0.12614459679701406
EPS15L1,0.1261341104117185
ZNF417,0.12608284961731323
ANKRD52,0.12606508666913685
LOC493754,0.12598421408531418
NPL,0.12596159145259025
OR52K2,0.12595267943532382
CGN,0.12591257275817563
NR6A1,0.12589845733191732
IL21R,0.12586995848345633
ODF3L1,0.12583264463408148
GOLGA5,0.12574722101662075
XKR7,0.12573652629463544
TTC14,0.12571407951853764
DAG1,0.1257136410556909
XPO4,0.1256908483535684
ATP2A2,0.1256855821589912
MKNK1,0.12568523329615292
GNG8,0.12564969867044526
KRTAP10-9,0.12564253093229688
CHRNB1,0.12562529660181196
ZNF707,0.1255950562746517
TRAK1,0.12558178381918803
RNF10,0.12555383273443932
PNLDC1,0.12553031326063716
POM121L4P,0.12549417309432404
FGF23,0.12546309039699413
PRKACB,0.1253421526565007
TTC30A,0.12534079848360696
BIRC7,0.12533700231839867
PATZ1,0.12533164006363365
ARRDC2,0.12530325868845305
ZNF193,0.1252874445537221
CD5,0.12526799387444446
CACNG5,0.12525503822177067
SFTA2,0.1252289923157959
LPCAT2,0.12518968946854586
ZNF566,0.12517757171969285
CLSTN1,0.12510223674888424
LOC100132215,0.12508767522413322
TAF9B,0.12504319179269996
IQSEC2,0.12502915447618307
CPD,0.1250283696509477
FOXL2,0.12499648998196473
SPDYE2,0.12498254891971598
MORC2,0.12495645178119189
MAP3K13,0.12492671748182785
TMOD3,0.12488818148213467
RSAD2,0.12486724004172331
PPYR1,0.1248289893451718
COL6A4P2,0.12479956612769322
RIPPLY2,0.12478800013576832
ARID3B,0.12474037753286181
ZNF343,0.1246719130690209
AOC2,0.1246676761153051
TFAP2B,0.12450282655773977
ARSG,0.12450274106468748
PYGL,0.1244888318840412
TMEM87A,0.12448287612520063
ACTR8,0.12445129925580124
LIPI,0.12441466188245656
TUBA3C,0.12439610346649327
SLC13A3,0.12434913733788767
HPVC1,0.12434780418919587
TMEM40,0.12425676785069725
RFX2,0.12425617884333945
POU6F2,0.1242030880192474
C7orf16,0.1241904304338233
PLEKHA2,0.12416159690937285
PLA2G16,0.12414341419309892
SYCP2,0.12413598693362057
FAM200A,0.12403592748980072
LOC650368,0.1240176251091629
C8orf37,0.12399451234362667
DBH,0.12398531780859222
PRKAA1,0.12390395327173001
FZD6,0.12389841624806766
HCN1,0.1238814526980911
UNK,0.12376766492799425
TPH1,0.12375629457474398
DLG1,0.12364713540722021
TMC7,0.12358538678428733
TRIP4,0.12355147887268028
SDR9C7,0.12353336595334861
C8orf39,0.12340301063245565
FAM10A4,0.12336205685346109
ULBP2,0.12328140554501682
ICAM4,0.12324614736200136
ZAN,0.12322515963261182
PTPN1,0.12322040541009467
MOSPD2,0.12320694437229941
MBOAT4,0.12320601418403473
NUPR1,0.12320540364746645
CYP17A1,0.12320073793517325
RELA,0.1231349386296068
NAIF1,0.12312447206204674
ANGEL1,0.12312163069100758
ZNF114,0.12310779821867056
MGC12916,0.12307534680728059
CEP135,0.12307037070384443
UCKL1AS,0.12303454215254708
EPM2AIP1,0.12299707673648663
PPP2R5E,0.12296838906326205
WFDC8,0.12292894178221755
RXRG,0.12286362443093633
C17orf91,0.12283553197667556
CADPS2,0.12282931938680805
C4orf50,0.1228276645681341
FIGLA,0.12280739798791081
GNG4,0.12275196344263507
TTLL8,0.12272996193174644
CCDC55,0.12268779912508607
KLKP1,0.12267953878601129
CYP2A6,0.12264539474068051
GPR153,0.12256866533172489
CHRM3,0.12251853049806
C20orf123,0.12251714127030952
ZZZ3,0.12245645085700631
PSG9,0.12237129309137301
C10orf118,0.12235650818735783
C9orf131,0.12234999211273075
NDE1,0.12234350701235952
CD207,0.12231650064515552
APOC4,0.12230265742550424
SNX21,0.12225396605847831
UGGT2,0.122216694149745
EXOC3,0.1222064665320805
PRKD3,0.12219783488295591
SOX3,0.12218585114913338
PPARD,0.12213070430304346
MIMT1,0.1221166254703399
TYW3,0.1221050246680442
INHBC,0.12205891285789473
OPN1MW,0.12203134619605414
C5orf54,0.12194920193848548
CAMK1D,0.12191651673478866
KLK4,0.12189087582041115
ENOX2,0.12185162224502326
ATXN7,0.12184874317196659
LOC221710,0.12179238030643667
ASB10,0.12178128790730829
FAM186B,0.12174532038762154
LASS6,0.12173307156881061
FLT3,0.12171133610728417
NCOA4,0.12169822883746553
OR10J3,0.12169390966660096
EPPK1,0.12166277382299802
KLHL22,0.1215982532568883
TFEB,0.12157767319457799
SPANXC,0.12156069431384392
NEK10,0.12153439590015783
TSC1,0.12151964342172826
BCL2,0.12150678291350785
BLZF1,0.12150122006131775
ASIP,0.12147445609812836
IL12RB2,0.12139807944231916
KRT6A,0.12129599974256652
OR2AE1,0.12126453142701246
SLC25A36,0.12121415912239554
BAT3,0.1211340587735459
GSG1L,0.121113559143309
TPCN2,0.1211021053960552
CCDC67,0.12107833734601306
WDR60,0.12101633143826493
ARL8B,0.12098924954306464
ATL3,0.12096806997505163
HS2ST1,0.12095216454707859
GPR50,0.12093490975223364
DDX58,0.12091257185102594
SH2D4B,0.12082601091526286
MFHAS1,0.12070484302166896
LOC728723,0.12067108513658605
TMPRSS12,0.12067044913160335
ZNF143,0.12066546410988109
FATE1,0.12066530937750962
SPDYE1,0.12056744180468268
CFHR4,0.120549863491437
NAPB,0.12051455771827116
RNF115,0.12050943693824989
C20orf132,0.12050363360391539
PQLC3,0.12040099951397557
RPL23AP7,0.1203695183804743
WWP1,0.1203471897006662
FAM131A,0.12034451755181336
C3orf21,0.12033257906250437
PIK3C3,0.12031306117015532
NPY1R,0.12027150984774708
THAP8,0.12026185828472853
ITGA2B,0.12020407040093851
PLEKHF1,0.1202006810964382
SLCO1A2,0.12018496327307449
LOC202181,0.1201718005301667
EPDR1,0.12007355092859143
CLN8,0.12007205270128973
ABCA10,0.12003163826329179
GP6,0.11996796092261879
KCNJ10,0.11992363476981754
LOC285456,0.11990711465795859
TUBGCP3,0.1198971092381106
C1orf175,0.11988823935995614
HMGXB3,0.11984687252999923
CACNA2D2,0.11984226150744064
TRPV3,0.11982767984658231
RPTOR,0.11978708916853574
AQP2,0.11977968599718636
PACSIN2,0.11971154986854401
KCNA3,0.1197044328557618
HEATR4,0.11969766922060451
APOBEC2,0.11959571212791688
SCMH1,0.11958251437370206
CBLN1,0.11952201045804636
LRTM2,0.11944379737224277
ATP13A3,0.11942415221806164
MED29,0.11940526557741263
KLHL7,0.11939373143727568
FOXD1,0.11937787291001398
VKORC1L1,0.11929424319346478
PLEKHA7,0.1192875135438675
TMEM178,0.11927209918771033
KLRF1,0.11920946550494385
ZNF251,0.11917884634293377
UHRF1BP1,0.11910781166739805
C7orf65,0.11908877712157995
HCST,0.11908863429204826
TMEM84,0.11904258367965816
ANKRD29,0.11902574069611559
LIN52,0.1190234847497583
ZNF419,0.11902137463297895
MAG,0.11897545008755955
PSCA,0.11890781244184095
KRTAP4-4,0.11885718094515908
C5orf39,0.11885563812679928
LDHAL6B,0.11884632879420477
KIAA0776,0.1187877574070958
GPATCH2,0.11875271931179049
CDHR3,0.11871372506487521
GSDMC,0.11870776984686376
NKX2-6,0.1186884921658234
GPR82,0.11867571436911246
STAG3L1,0.11863676476328694
OSTN,0.1186333764660465
CNTN5,0.11861440469804536
FNTB,0.11861276225944624
FER1L5,0.11858306585045329
AP3M2,0.11855250500364059
PPM1A,0.11855160084721482
CBX1,0.118482391485629
OPN5,0.11847366349420588
LASS2,0.11842193669381859
ZNF274,0.1184021918258435
ATMIN,0.11838445221205302
ACSM2B,0.11836576766814902
CTRB2,0.11823610882976836
GMCL1L,0.11821953978087935
VPRBP,0.11814503840811759
TRIM3,0.11813267891743284
FADS3,0.11812469663241955
NEB,0.11810613272485494
RBBP6,0.11793991385800745
CLEC4GP1,0.11792156015214518
HNMT,0.11790975285666815
KRT35,0.11789730561004545
ARRB2,0.11789563003629812
ALG10B,0.1178061642156265
CASP8AP2,0.11777407433647294
OLFM3,0.11777387211170548
FAM189A1,0.11776386169318137
SPATA8,0.11774410799559959
KLK6,0.1177058613681523
WDTC1,0.11767032461448569
FLJ23867,0.11764452455196386
POLR3A,0.11756592375091093
C6orf195,0.11750009239251638
TMEM158,0.11746903027326928
TRIM22,0.11743524208699918
TMEM181,0.11743253000845164
KCNH4,0.11740067443323167
CREG1,0.11738963400568302
NIPAL3,0.11737209637773985
THRSP,0.11736464981999288
LOC150786,0.11730188475830026
KRT38,0.1172876870490991
N4BP2L2,0.11722727872652357
BMP7,0.11721126110599384
PRINS,0.11716453365476577
C2orf27B,0.11715057987084153
RBM41,0.11713158040096275
GK2,0.1171206558567026
SPRY3,0.11699573374096538
DSTN,0.1169534370280401
BFSP1,0.11691272132518521
ZNF577,0.11688484441263665
C6,0.1168590536856718
SAMD9,0.11685868509261048
IFI30,0.11683050298223083
GRK4,0.11681563382372302
COLEC10,0.11680088809242473
TCAP,0.11679904194910756
TFAP2C,0.11679721971840785
USP31,0.11673615813803348
OR52L1,0.11672693645409822
LOC100286844,0.1167175054336466
STX12,0.11670277981838971
MKRN3,0.11668017053007954
CTXN3,0.11666665743299916
ZNF708,0.11663103797081005
DUPD1,0.11661268113431118
KRT74,0.1165761712109076
LOC220429,0.11656673592510379
EEA1,0.11651780720762536
TRIM42,0.11651596286631355
NPHP4,0.11648338851244953
ZNF323,0.11647623533460674
FOXD4L5,0.11646131765610596
TRIP6,0.11644174294099509
POLDIP3,0.11641497760859201
SOAT2,0.11631738433907289
TRIML1,0.1162740227364783
OPN4,0.11623627134494945
HLA-DPA1,0.11622669362883761
LMNA,0.1161412097222335
TAF6,0.11612067650225241
IGFBP1,0.11610741828631244
OPN1SW,0.11608355680705801
SOAT1,0.11607114153759687
QSOX1,0.11607050352472431
LOC285780,0.11605778274035988
FXYD7,0.11602367458242051
LRP2,0.11600481570352737
GATM,0.11593558389466137
SNX2,0.11582104697924196
SLC38A10,0.11580623584132604
TBC1D24,0.11578943685209911
LOC100190939,0.11576777534901873
MAGEA5,0.11574974464835866
ADH7,0.11571949489632943
PPRC1,0.1157128128363263
SLC20A1,0.11568741803655125
ACSL1,0.11568706320728243
PLIN2,0.11562965104971401
OR2W1,0.11562627338626073
DCAF10,0.11562122736380961
UCN2,0.11560828776184351
IL6,0.11559739043158138
LMO4,0.11556793453410485
FAM40A,0.11554878870623954
CAMKV,0.11548444552496126
LOC643923,0.1154824783034985
TMEM145,0.1154298174623237
RGS8,0.11542632622635425
SRPK2,0.11540290779836657
IL2RA,0.11538278173273368
ALPP,0.11533663980852925
WDFY1,0.1152800242438941
RIPK1,0.11526963893585675
RLF,0.1152584421255755
PPP1R2P1,0.11523497336344848
LEMD1,0.11519403380157839
CD22,0.1151540735226261
MT4,0.11514351517128842
KIF1C,0.11513820601295995
SLC10A3,0.1151018161913231
DEF6,0.11510097292631348
OR1E1,0.11507846367756902
ATP6AP2,0.11507288550926047
C15orf2,0.11506714370277618
DNAH10,0.11505496178133583
MAPKAP1,0.11504884274424124
GLYAT,0.11503159484471608
LOC441601,0.11499223841279217
SMC3,0.11497591418550138
HNRNPUL1,0.11489457525211119
OR5B21,0.11485247478671295
GNPDA2,0.11473820818654264
RAPH1,0.11471200078390466
PPFIA1,0.11469337753056322
SERPINA10,0.11469090596106857
LRP2BP,0.11467960481812936
LRRC57,0.11466258789738536
CCL3L1,0.11461920368613948
KRTAP5-8,0.1145800468976404
ZNF33B,0.11456148050397988
ASPDH,0.11452232209264603
IRGC,0.11452155718057454
AMAC1L3,0.11451763979585697
HMGCLL1,0.1145075938753321
ZNF627,0.1144906484651939
OR9A4,0.11447186016568052
SERPINA3,0.11445645988723623
FAM59A,0.11445060853977368
DDX59,0.11442409694758542
ZFP64,0.11436789910788121
KIAA1671,0.11432822064907835
PRR4,0.11429416831302092
FAM150B,0.1142877110908638
SERPIND1,0.11425980794873147
UHRF1BP1L,0.11422887917937369
HS3ST6,0.11419676428461574
ARFGEF2,0.11418864626634452
BEST3,0.11411294507542451
OR2T12,0.11407773771305603
FBN3,0.11404718601590191
ABCC1,0.1140289996707576
ARL13A,0.11402535197476733
LINGO3,0.11398297093929985
C14orf86,0.11396838704479283
HOXA5,0.11391993561697292
NHEG1,0.11389955611704825
NRTN,0.1137594775873646
ZNF234,0.11374434945499637
C20orf166,0.11369743260799255
VWC2,0.11363643048633311
CLTC,0.11358217400716673
RGNEF,0.11358170540414435
HRASLS,0.11355352210303765
C9orf171,0.11354198690424806
RBM27,0.11352126629380226
C1orf204,0.11352054359088304
LHX1,0.11343511512633145
RABGEF1,0.1134200020838708
SIRT2,0.11338585708247025
LMAN1,0.11333009955903287
DLX2,0.1132974536721487
FGF3,0.11327826921427332
ZNF214,0.11324382747836942
DSC1,0.11322889689593946
LOC286359,0.11317476675280062
RPS6KA6,0.11315778490965436
COL9A3,0.1131139034382438
FAM138E,0.11310934726744118
NUP133,0.1130118652684292
ZNF845,0.11299671080592898
SEC23IP,0.11291613861573384
C1orf227,0.11291327922014989
NCOA5,0.11289251132706815
FAM182A,0.11287267164535729
NIPAL2,0.11275476875782545
ZBTB6,0.1126746825760191
LY6G6F,0.1126707957593607
RNASE10,0.11265399363586041
GABBR1,0.1126437021668826
CCDC114,0.11262269537076056
DNAH12,0.11262234474149323
ATP11C,0.11260434045402906
DIS3L,0.1125975533535866
ENC1,0.11255838299170272
FIBCD1,0.11255638989233392
C11orf45,0.11255511323791424
LRIG2,0.11255131830476812
CHRNA7,0.11254760425705802
RSRC2,0.11253961175912046
FAM48A,0.11250586449401286
C11orf36,0.11250386667283278
RRAGA,0.11249760470911292
VMAC,0.11246774077959394
MTOR,0.11245912350310526
GJB4,0.11244618594098024
WSCD1,0.11242364217987709
C20orf195,0.11240641104901317
TMCC3,0.11240589249585424
KRT28,0.11240239173941358
DIDO1,0.11239809448539982
MMP28,0.11239644570074896
LOC643719,0.11235183164500656
OR6K3,0.1123510501894385
UBE3A,0.11234517022461381
RBM4B,0.11234437596688852
EIF2AK3,0.11232680682633685
ZHX3,0.11231337563345116
LOC100268168,0.11227074663890713
DNAJC10,0.1122578637264958
ATXN2L,0.11224061569000408
FLVCR2,0.11222794929225569
DHDPSL,0.11222361868887071
EPHB4,0.11221389108495976
RAB21,0.11220784543827664
RBMXL3,0.11218431764075082
ADAMTS15,0.11213238359982435
BTG4,0.1121171671385141
EPB42,0.11209244865624018
GFI1B,0.1120610643619636
BBOX1,0.11205690883182451
IK,0.11205661064346827
TBC1D23,0.11204323041121195
ARHGDIB,0.11203773298471155
GALC,0.1119785497426829
PLEKHG3,0.11196984175426382
LOC388242,0.11193900838445922
CACNB1,0.11193356554862352
NKD1,0.11192959928894539
EDEM1,0.11192110356285888
MRGPRX2,0.11187853192453052
REN,0.11186231759807203
CORO1A,0.11183789792575186
FMO6P,0.11183588813198557
C20orf112,0.1118166129472561
PRSS55,0.11180534003076395
MSL1,0.11170543535809911
FAM117A,0.11169605312319272
CSNK1A1P,0.11168973569928256
FAM134A,0.11166163882968913
FAM154A,0.11164782705799658
BAIAP2,0.11164504596201442
CYP11B2,0.11162960210501026
PTGS2,0.11162652056848439
B3GALT2,0.1116259799403547
SPRYD5,0.11161157662251558
RAP2A,0.11153698957259141
HCG4P6,0.11152255711970067
GANC,0.11147210004616057
SLC39A12,0.11145614336186506
CXorf64,0.11144405877032665
NPFFR2,0.11138851729951522
ZNF669,0.11138050429527102
ZBTB8B,0.11135218377336889
LZTR1,0.11131385833905658
TM4SF4,0.1113088643139588
ZNF350,0.11128502034291796
TYR,0.11126119008349523
ZNF282,0.11125788712292607
SMAD5,0.11125704169184553
C1QTNF9B,0.11121578130558046
CHD7,0.11121469511472241
VWA2,0.11118587963913873
OC90,0.11108568416705214
FAM160B2,0.11097987042497238
C10orf18,0.11096153598068643
EDN1,0.11095884636588615
HCG9,0.11091830692907594
CABP5,0.11086907617748955
DUSP18,0.11083772700664699
RASEF,0.11082851161628227
PARP4,0.11081960303136003
PPT2,0.11081031712673628
KCNT1,0.1108091150882354
SLC1A7,0.11079940762792756
DHX40,0.11079781005941747
SLC7A8,0.11078738274099226
ST8SIA5,0.11076660643181573
PRR18,0.11075248451414096
FAM190A,0.11074365281552527
RPGRIP1L,0.11072851951801133
C11orf65,0.11071718984500226
STK4,0.11068331863522515
KNCN,0.11065689479048031
UBE2R2,0.1106033011185843
STK35,0.11060072011263104
FOXB1,0.11056862574456457
C13orf35,0.11054330546862717
CHRNA2,0.11050996357069864
ATP1A3,0.11049351133887696
CCR5,0.1104683133840464
AFAP1L2,0.11043364997121824
STEAP2,0.11038575025217717
HIAT1,0.1103768939992517
H1FNT,0.11037494128141938
SGCZ,0.1103630313637965
KIAA1908,0.11032790605721113
DVWA,0.11022167351151553
TAF8,0.11021836340774376
CAMK2N2,0.11019841593332728
SLC26A9,0.11012897726834793
FAM153B,0.11011369141827614
TNFRSF10C,0.11009439150541894
PCDHB1,0.1100470843930416
SLC9A6,0.11003489901462081
SLC7A1,0.1099970312133089
KIAA0922,0.10998340395760987
TSNARE1,0.10996422626126359
DKKL1,0.10989856943956772
TOPORS,0.10988183079283909
KIAA0562,0.1098041767114081
ZDHHC9,0.1097887962815048
RSPH4A,0.10978075930864391
WDR38,0.10976464872940908
UPF0639,0.10973488738764522
SLC33A1,0.10973230737993919
DCAF17,0.10971917107272589
DCAF12L1,0.10971288279986907
ZNF79,0.10969113775280105
EIF4G2,0.1096852850366206
TCTE1,0.10965592937142325
GAS2,0.10963907374331867
PIK3CB,0.10962886699946289
NWD1,0.10955470609081606
XPNPEP2,0.10954810964658039
SNAPC1,0.10953318754210802
SLC26A5,0.10950195240512849
HPS4,0.10948376692549423
LDLRAD1,0.10947012165559751
SPTBN2,0.10945859318339497
MGLL,0.10943762655498852
SH3GLB1,0.10942466210030838
TMED4,0.10937804144286895
ANO8,0.10935100617474093
MIER2,0.10932849701401615
MTDH,0.10931186390226502
UEVLD,0.10930327384459403
DEFB132,0.10930230342811534
TMEM51,0.10926886373991938
FAM167A,0.10926102793420361
SASH3,0.10919839046731544
C1orf14,0.10918409687206043
GUCY2D,0.10917949115253574
TTF1,0.10916014933771183
KIAA1279,0.1091556382121747
SEC14L2,0.10914524029937424
HEXIM1,0.10913363610177383
F11R,0.10912665962146836
SPATA1,0.10898148388197183
PLEKHA3,0.10896554816112138
GSTA1,0.10895924085886982
ADAMDEC1,0.10888624866256189
PLGLA,0.10888051585573535
ANKRD20B,0.10885413354675014
LOC730668,0.10884178652993848
HDGFL1,0.10881066541839611
LITAF,0.10880481255574923
HAS2AS,0.10880157809037024
TPP2,0.10879752123388364
PPP1R12C,0.10877098703092831
DUSP10,0.10872149355682456
OR1N1,0.10871513253435086
FAM18A,0.10868948480344945
LMBR1,0.1086606557099603
FAM75A6,0.10859519261101937
FOXQ1,0.10858967925554498
AGAP5,0.10856036459589641
APOBEC3A,0.10855662559333593
GRM3,0.1085451653205681
MTF1,0.10850123788323301
KRTAP1-3,0.10849840237090767
PROK2,0.10847080788338768
PP14571,0.10845618995279613
OLAH,0.10844273276271076
RNF170,0.10839828426605608
KIAA1407,0.1083672470990436
C9orf129,0.10830319383237536
DSC3,0.10828564199227171
ZFP112,0.10826385562188191
TTC7A,0.1082494963231615
CHRNA1,0.10810548379598774
CWC22,0.10809054467940599
OR14I1,0.10808663393794202
FGL1,0.10803033115376712
OR11H12,0.10797422665497818
FBXO28,0.10796890853053086
TMC3,0.10793438180500337
SERPINB11,0.10793148810739639
CLCN7,0.10792671405547627
ZNF318,0.10792255490006741
CTNNA1,0.10787364005615625
CXorf48,0.10787126750397528
PITPNM2,0.10786394361465755
KCNK9,0.10778819154233285
IRX5,0.10775593837759799
RNF219,0.10768235464789387
TULP1,0.10765539584499118
HIST1H2AC,0.10765123460794099
EIF2C2,0.107629425111654
CD80,0.10757127396368216
CFP,0.10756923515656476
POLR2J2,0.10756258856025329
BBS5,0.10748900441446953
IFT46,0.10745686477081065
NOTUM,0.10735811695264634
ENTPD4,0.10727088210412736
C1orf87,0.10726935114974101
SLC2A9,0.10725436495275466
OSBPL11,0.10724530505794348
MAPK1,0.10722406703342299
FCGRT,0.1072061034007307
TKTL1,0.1071889155075228
KIF13A,0.10716492972631031
DENND4C,0.10713522417771004
LYSMD1,0.10711229285519981
GOLGA6L10,0.10710517170999288
SEMA5A,0.10710140085937175
SMAD2,0.10701248966906564
PATE2,0.10698372543068468
LOC152225,0.10695853211203321
GALNT9,0.10694301115264172
FLJ40292,0.10684602214269032
THEM5,0.10680074224824562
DKFZp686O24166,0.10677496172339009
SNAPC3,0.10675967387025712
ADIG,0.10669673005312738
DPRXP4,0.10668703009456053
SCAND2,0.10667014826027015
MYO7A,0.10667012200862341
KIF6,0.1066638634720125
KIAA1383,0.10661245572642562
LOC338651,0.10658763551034142
DDX50,0.106586136220472
OR7C1,0.10654876500982967
C7orf71,0.10652912499274166
LRIT1,0.10651266436999188
CLEC1B,0.10648493218549536
C9orf91,0.10647961423925872
KRTAP12-3,0.1064320714702587
POLN,0.10640252961870454
MAP3K6,0.10639131230642566
CBFA2T2,0.1063831927826893
MSI1,0.10637909925953218
PPTC7,0.10637153922721566
ALOX12B,0.10636304778272238
MUM1,0.10632039636545988
CLDN6,0.10627906270852941
FAM125B,0.10617719486261053
PPP3CA,0.10614342304419756
EIF4A2,0.10611791704426181
C7orf42,0.10609464144913577
EHMT1,0.10606440539282803
AVL9,0.10605574344529986
KIF5B,0.10604863562208089
FLJ45983,0.105972705688846
LOC401431,0.105964418611105
C11orf66,0.10595751241633143
PITPNA,0.10595517764990098
LOC338588,0.10594648118459088
GOLGA6A,0.1058988993483012
TMEM151B,0.10589778685736378
PLEKHA1,0.10585489093051297
CEP290,0.1058239670810217
LIPM,0.10574533115051249
KRT23,0.10572405910405874
PRKAR2A,0.10572336786526187
STAM,0.10566851150881894
FRMD5,0.1056492421978036
BATF3,0.10561514349432924
STK36,0.10561390063025444
ATP7B,0.10560983821483116
OSGIN2,0.10552943966151647
RNF44,0.10552415554697564
TNK2,0.10552022785178523
CACNG1,0.1055197735992631
KIAA1958,0.10550019775304925
C1orf66,0.10547943370603473
SNAI3,0.10543471064227265
ANKLE2,0.10543399363123811
LOC550112,0.10541038421412223
FGD3,0.10537414434509768
KRT83,0.10536520857452847
MTMR6,0.10531562754348323
ALDH6A1,0.10529384968437987
KIAA0182,0.10528212727279816
PPP1R15A,0.1051999942939044
TTTY14,0.10519496995831008
FLJ35220,0.10518972321892209
VCX3A,0.10515775229939878
PKHD1,0.10515445640118884
ACOT2,0.1051220147207074
SRCIN1,0.10506880364151018
SLC12A7,0.10497547354845826
CT45A2,0.10492062005753296
ADAMTSL5,0.10491996014994107
HIST1H2BD,0.10486470013626374
ARL6IP5,0.10485359532793513
SPATA22,0.10484310168912316
HERPUD1,0.10483666916871544
CALN1,0.10482559059984435
HIST1H2BG,0.10478396822576432
PRDM9,0.10478035887142913
ABRA,0.10476181175893595
HCRTR1,0.10476083837850894
FUT7,0.10472218761113246
FKBP1B,0.10470948055035864
IL1RN,0.10469457453317535
SLC25A21,0.10465929490330525
LAT,0.10465469175206216
SLC29A1,0.10465244070545301
IL13RA1,0.10465195122096947
TMEM81,0.10462134684924305
PRKAG3,0.10460239272184571
C4orf42,0.1046014330087261
MAVS,0.10459838611937271
MED15,0.1045739049397197
SPATA7,0.10457187014353833
CYP2B7P1,0.10457116689023763
PDCL,0.10457101108702732
JMJD5,0.10441576919716
PPP1R9A,0.10441112615599077
MYH13,0.10438923415564734
DGKA,0.10435815028044247
GRAMD3,0.10435724033580471
LOC643677,0.1043444990613692
TCEAL8,0.10433267442963738
ZNF763,0.10432870760304418
SLC2A11,0.10432427573924793
PCDH20,0.10430675676152758
ZFP161,0.10430041342900243
XAGE2,0.10427744774562749
PPAN-P2RY11,0.10424857092380978
RAB5A,0.10424247995132602
LARP1,0.10424227053787201
HTR3A,0.1041828479229533
MYO18A,0.1041817752144687
CXorf49B,0.10415485829255476
SLC5A12,0.10407677676873013
PRAMEF18,0.10407607999948859
MTMR1,0.104042165349305
LOC55908,0.10395271057535757
FOXD4L2,0.10393609939449758
C1orf106,0.10388153773309793
BTG1,0.10383412124508447
C6orf48,0.10379012913435981
ROPN1L,0.10376455944298213
MAP4K3,0.10375927443385707
C9orf172,0.10374029258111477
FLJ43860,0.10364446707027464
ETV6,0.10363433107451019
SPDYE6,0.1036157415300076
UGT1A3,0.10360053098239543
MSLNL,0.1035876539752229
NAALADL2,0.10353209730882033
HACE1,0.10349861854571353
C20orf106,0.10345809171862343
BLID,0.10340783430896673
KRT36,0.10339267514619419
ANKRD26P1,0.10337814543321594
HIST3H3,0.1033766867892289
KTN1,0.10328205777643742
LOC92973,0.1032787872052609
HMX3,0.10326117034025559
GABRG1,0.10323280370470822
THRAP3,0.10313894102503976
ITCH,0.10313013087457913
STX7,0.10298284920511439
CHFR,0.10293377147663953
CLDN16,0.1029073845833101
SLC25A12,0.10290519344364076
SEC61A1,0.10289428318008505
ARHGAP19,0.10286302756791862
CLEC4C,0.10284594356669301
SENP6,0.10284207348521429
MGC2889,0.10283567326197196
TCEB3C,0.10283190352754533
TUBA3D,0.10282115512870386
PIGK,0.1028117727433549
TRIM13,0.10279892554008171
FSCB,0.10278319194514976
KRT7,0.10277463331427786
ACCN1,0.10272702593877774
ROGDI,0.10269452477482856
HDAC6,0.10264351802523969
FAM126B,0.10258510273207701
KRT6C,0.10258485680453377
ITGAL,0.10256596144935419
USF2,0.10254736321654136
TCAM1P,0.1025406520373367
GIP,0.10248345784423794
DNAJC3,0.10242324432262621
MED22,0.1024052274714677
LBX1,0.10235644729894708
FAM81B,0.10232720944840375
ABCC8,0.1022672587300028
CCDC74A,0.10224972913564741
SPDYE5,0.10218481095155219
STK38L,0.10217718431436155
SNAR-G2,0.10216644756736741
CD226,0.10203534230900882
ABCB1,0.10198380109306832
MBL2,0.10187680651924154
FOXI3,0.10187100926640318
ZNF460,0.10183979742078093
KRT33A,0.10183609259574784
CHML,0.10179835872285582
GNAT2,0.10173863970800408
RLTPR,0.10166662793991016
PNLIPRP3,0.10160398087881185
ACTB,0.10156907114063322
KBTBD12,0.10155573899375017
ZNF879,0.10152781373305969
FLNB,0.10152161653213874
B3GALTL,0.10145032603811989
KCNH7,0.10144556859414185
CALHM1,0.10143512725817941
C9orf53,0.10143427910011034
OR4D6,0.10129833836918042
SCGB3A2,0.1012639337414885
BSX,0.10122121392388546
SYNGR3,0.10119617196115266
RG9MTD3,0.10119570268742932
LELP1,0.10112573119841967
ONECUT2,0.10108060832133435
AVEN,0.10102140014850418
VEPH1,0.10099200802750839
ZBTB2,0.10096550200874113
KLF10,0.10096347864799114
GABRR1,0.10094222787455351
LMX1A,0.1009195446875489
NTN5,0.10091410192484815
TIMD4,0.10089344026989856
POTEG,0.10088910217816074
OR51Q1,0.10085662436802251
SERPINB10,0.10084538499297512
PPBP,0.10081937441051936
PDE11A,0.10080425829414542
NAGA,0.10077995310586825
HMX2,0.1007637029929873
RNASE3,0.10072371327439639
BMP8B,0.10068006293765551
RGS9BP,0.10066297492122815
STAM2,0.1006573698740444
LOC642826,0.10064648261690386
NFIL3,0.1006266978106736
KLK11,0.10060715029075061
KRT85,0.10059801155793822
CAPN11,0.10059742580018022
GATA5,0.10057522141067743
KIAA1274,0.10057284683546912
MPP5,0.10056922064418537
ZFC3H1,0.10053321984898946
TEX13A,0.1005185821935701
ATP4B,0.10050726348090815
PRSS42,0.10048988878428097
SNX10,0.1004583905169514
NELL2,0.10035268558923613
ZBTB49,0.10033582504967255
NMT2,0.10030146797541821
FXYD5,0.10028579259763133
AOAH,0.1002377897586255
TAF1A,0.100207063923869
EXOC3L,0.1002052267236035
OPTC,0.10019544176144209
ABTB2,0.10015457745392085
C21orf125,0.10007336651735053
VWDE,0.10005308979697645
SLC30A8,0.09999127052731574
WEE2,0.09993853570859025
TYW1B,0.09991905098850276
ZNF442,0.09990936823668868
CELA1,0.09988456853423011
FOXR2,0.09986955460839904
ZNF213,0.0998606543394754
MYF6,0.09985112254736964
MAP3K15,0.09982715066156221
FBP1,0.09977529765938843
PSORS1C2,0.09976906458308132
STBD1,0.09975711441555828
RARRES1,0.09966025571392874
RPRD1B,0.09961300927342097
ZBTB8A,0.0995414398711498
PDE6H,0.09953036881661118
HNF4A,0.09951501698243226
PARP6,0.09949928659718783
KISS1,0.09949237757638883
GZF1,0.09947469454249155
CSTA,0.09943410047368419
STYX,0.09942267828210796
KLRD1,0.09940265767235762
LOC285375,0.09936271742793203
OR5H6,0.09931500767176145
TUBB3,0.09928591072122642
KIAA0232,0.0992817507284015
PCA3,0.09926525454861466
GOLGA8F,0.09925978885437127
SLC4A1,0.09916845652365809
RPL21P44,0.09912772921267578
RAB39B,0.09912567716881082
HMX1,0.09906806096710193
RUFY3,0.09902108573788448
SPRR4,0.09900730535329459
TRAPPC10,0.09899524906994643
TSC22D1,0.09896377745613799
PPP4R4,0.09888803753621613
SNAP47,0.09887742596445953
CENPC1,0.09885140147432063
GOLGA4,0.09883723167752266
BTG2,0.0987661516706367
PIWIL3,0.09875871701708082
LMLN,0.09870638912832619
LAMA3,0.09870247909029428
SH3TC2,0.09868866423092784
BMS1P4,0.0986586709747037
GPR152,0.09862421294187543
MSX2P1,0.09861200484890943
PRR3,0.09854014339171548
PABPC4,0.09853438219866627
DKFZp434L192,0.09851944784393601
FLJ35024,0.09851255742590746
TSGA10IP,0.09851215678382556
C12orf77,0.09846719645369169
PREPL,0.0984592597263802
RHOBTB3,0.09842870783841845
STRC,0.09842833044501093
OR56A1,0.09840163530699192
MSI2,0.09836882086029533
GPR78,0.09836175068831354
ZNF8,0.09829443663010572
APPL1,0.09825633197867431
MCART3P,0.09824775148210788
LRRC10,0.0981955841174611
FAM138D,0.09819466230086718
ZNF696,0.09818416177240273
FAM116B,0.09817458223415973
NCRNA00152,0.09810303214718705
RGPD4,0.09808956764276655
OR1F2P,0.09807451565978664
BRAP,0.09805012033136765
DGCR2,0.09803565762850625
LOC654342,0.09803380733646729
TCEAL1,0.09802644682529975
ZNF766,0.09795814064250719
GPX5,0.09792061184441654
AHR,0.09790854264102383
MASP2,0.09788592612081574
LOC619207,0.09777952683246004
KIAA1751,0.0977746423914085
NT5E,0.0977541540170839
DHX57,0.09772653699953297
RHOXF2B,0.0977031957689233
ABCD2,0.09764816001907499
WBP5,0.0976206577573572
CRY1,0.09759236070763001
GABRB2,0.09758975459936507
USPL1,0.09758414371828524
TMEM106B,0.09756782474507186
MAN2C1,0.09755835394522946
CSN1S1,0.09746097858242192
DCUN1D1,0.09744973285610016
ZNF431,0.09742464456290012
MICALL1,0.09740129234531163
PPP1R13B,0.09739861193337448
ST7L,0.09738851230620854
OR7E5P,0.09737874621160451
RPAP1,0.09737428088281574
ACCN3,0.09735404932362142
RHOB,0.09735124029864434
TMEM17,0.09734544868660247
KPRP,0.09731298536972591
GGA2,0.09725381096226109
CALCA,0.09724266431822401
ZNF571,0.09717688979673332
GHSR,0.09715861936920014
CYP3A4,0.09710067253375966
LBX2,0.09708899441783359
SLAIN2,0.09708575228973235
ASAH1,0.09705383386038753
ROM1,0.0970175933439591
SFTPA1,0.09697786130535518
WAPAL,0.09697756738281965
SMEK3P,0.0969619174060959
OR5AK2,0.09695172167293328
LOC389333,0.09695050039354
C9orf30,0.09694811263933224
ZNF526,0.09690425602138875
ZNF75A,0.09684616281686194
ZNF561,0.09684081911805241
PIK3AP1,0.09682888610078513
LRCH4,0.0967594738742634
OCM,0.09673093749057401
TRPM1,0.0967203304860293
BEND2,0.09671938903787064
IPP,0.0966141156926233
ZNF644,0.09654036035130661
IRS2,0.09652219502296439
PRSS50,0.0965174433366328
C17orf57,0.096491302406518
ARMC5,0.09648753090962937
GDAP1L1,0.09648723676354948
DAO,0.09647894367947979
CA3,0.09641137028430753
MIPOL1,0.09637320316760015
PSG11,0.09634563091398894
BAG3,0.09633816158654931
PLA2G2C,0.09632542146533704
RLIM,0.09631333616909821
ZCCHC3,0.09630896145022955
BIRC2,0.09630585216305125
OR2T2,0.09629277598799277
MYBPHL,0.09623333162555145
DISC2,0.09622898305475093
TMEM95,0.09621964620608471
PCDH1,0.09611773842457062
FAM153A,0.09609192749706107
CMTM2,0.09606832047949052
SLFN12L,0.09606439822085107
FCN3,0.0960535735393911
KCNC2,0.09602872400745831
BCL2L1,0.09600782506549509
MBTD1,0.0959537517267522
C6orf170,0.09592263441968381
LY6G6E,0.09590693263404272
CG030,0.09590010907853831
LCNL1,0.09584049075383043
LOC339290,0.0957908773458125
DNMBP,0.09572960555624441
CELF3,0.09572067732233981
SYT14L,0.09571731752362357
TEX14,0.09567156680864204
SLC7A6,0.0956439190006065
SOD3,0.09560445358347415
FAM57B,0.0955835543383273
FAM24A,0.09552676883236197
TEX2,0.09552652349098974
ARHGDIG,0.0954938800099062
WFDC13,0.09548115523771182
MIAT,0.09547280950409143
P2RX3,0.09545895035137315
ACTR10,0.09544194942111295
LOC90834,0.09543144554958577
AWAT2,0.09541138577918008
BTN2A2,0.09540231267620748
HOXB3,0.09540154203561546
NOTCH2NL,0.09539641318721724
FAM65C,0.09538240103909296
CSDA,0.09537853925562237
SCAND3,0.09537348330231411
TJAP1,0.0953418649775843
DZIP3,0.09534080267096921
ZNRF4,0.09531707139899946
TAAR6,0.09531671531253126
SRPX2,0.09530296892027022
LONP2,0.09529333963716655
CNOT6L,0.09524679611487827
PARP15,0.09523224781879931
NKTR,0.09519876097405691
LRRC8E,0.09516908204660646
SNTA1,0.0951621359930555
KIAA1107,0.09515568976251562
C4orf22,0.0951170080318962
LOC648740,0.09511574533737203
TRIM78P,0.0951057496889812
SLC25A44,0.0951018233067337
CXorf57,0.09509830909722848
COQ10A,0.09495704382546463
SCRT2,0.09493223774440111
CABP1,0.09490874943066094
TMEM31,0.09489698336099253
SOX2OT,0.09489403424853814
EN2,0.09484808192886636
C22orf30,0.09484481049639873
CRP,0.09481599606548725
GPR63,0.09479443073427785
TTC30B,0.09477903311691357
SLC6A4,0.09473204466791697
KLK10,0.09473018176585003
LMOD2,0.09470795735655402
NCRNA00207,0.09469062276755827
CABIN1,0.09464098167099837
ARSJ,0.09463020304944038
WFDC9,0.09459537019881661
TRIM49L,0.09456892191955012
KRTAP10-10,0.09456437860447847
TXLNA,0.09455358146184507
PIGB,0.09455075406959862
DGAT2L6,0.0945002550832533
NPY2R,0.09449354839994861
C15orf32,0.09445865947570081
LOC285796,0.09445700396039122
PNMA3,0.0944393698727573
TMEM184C,0.09443692352907378
SCGB1A1,0.09442584476120695
C1orf65,0.09441190222989951
KLK13,0.09438945145333465
ZSCAN4,0.09428054551669833
CCDC105,0.09426672850268818
ZNF828,0.09422307775067648
IKBKB,0.09421804078562919
ARGFXP2,0.09419830865918982
LOC100192379,0.09417267168163557
SLC22A20,0.09417239879435312
CIDECP,0.09415841397431904
LOC150185,0.09414839515484777
SLC7A10,0.09412963095756074
SLC46A3,0.09411419171409022
PLXNB2,0.09410519401041192
THAP1,0.09407540328282347
KIF13B,0.09406685141779367
DUXA,0.09402144493754996
KRTAP2-4,0.09397915441744678
NCRNA00204B,0.09397008348943672
LOC643837,0.09396846238674889
PRPF40B,0.0939208622180276
ZNF506,0.0939190752181647
PSAPL1,0.09382559328410671
C1orf68,0.09382552710798454
ZC3H18,0.09379396004976087
IYD,0.0937749959522945
RNF121,0.09376639176680011
NET1,0.09375748044514784
RTN4,0.09374209942347485
CPPED1,0.09373663751559129
LOC100190940,0.09372974158175998
PHKB,0.09369018730162895
NINJ1,0.09368208206608244
C17orf82,0.09366879327051594
ZNF18,0.09363334274290223
SCRT1,0.09360741414424335
FLJ90757,0.09357578047905377
C3orf50,0.09352920024886315
LOC678655,0.09351875791667584
TRIML2,0.09343422436868871
FBXW4,0.09341614057003175
FBXO9,0.0933922113350389
CARD18,0.09337152652638715
KLHL36,0.09336532955345005
CSNK2A2,0.09334401720882517
FOXE1,0.093342784714268
FAM71F1,0.09332738536081427
CCDC132,0.09331475318028762
OR4F21,0.09330531407886511
OPRM1,0.09324931069647151
C4orf35,0.09321180543697728
CD200R1,0.09318178040834356
FAF2,0.09314601611330078
CABP4,0.09313971094073671
GDPD4,0.09310450075909288
ALOX12,0.09308490179498782
GPR12,0.09306847605834062
ANGPTL5,0.09302585209682489
SOX30,0.0930240008940382
COL4A5,0.0930228972601234
VCX,0.0930100332711566
C6orf208,0.09297868278063967
C8orf86,0.09297639150883137
PPIP5K1,0.0929708101579747
PCMTD2,0.09293014410869008
C15orf62,0.09292968591327101
CLVS1,0.0929165938947048
SLC34A2,0.09289998545931394
RPE65,0.09288831356618225
C14orf166B,0.0928882432670697
LFNG,0.09287983286440193
FADS6,0.09284105834788337
DAD1L,0.09284044115179801
HELQ,0.09280825750638694
BPIL2,0.0927671040178587
SEPT7P2,0.09274579303268192
RND3,0.09271409921610238
LOC440040,0.09271179224415382
SCGB3A1,0.09270944436095453
TRIM50,0.0927064409791323
DEFB104A,0.09261490658090767
PLOD3,0.09259029325879103
YY2,0.09254959318272038
HSPH1,0.09254738523311315
PMS2L2,0.09253072180782014
OR6C68,0.09252584254156156
NKIRAS1,0.09251237884318782
KCNQ2,0.09246960803024
C10orf93,0.09238054076204369
GNGT1,0.0923804505260179
SOX14,0.09235876809396952
PPP4R1L,0.09235154688317905
FAM19A3,0.09232241409153503
C3orf72,0.09231660928326792
CPB1,0.09230286879773916
CD99,0.09228317635894338
C7orf34,0.09225253190211455
RPL23AP32,0.09211893941438186
TLN2,0.09208700213155813
KLF6,0.09208637533212871
MOAP1,0.09208047531228494
KBTBD10,0.09207813735541308
C17orf71,0.0920260019698629
C1orf157,0.092025318535001
NCRNA00113,0.09197491549242588
HSD11B1L,0.09195913838410624
AADACL3,0.09192665043455434
RYK,0.09191023415174802
GATAD1,0.09190690572191494
TMEM195,0.09189947531151049
NOMO2,0.0918951667859174
C2orf16,0.09187476323115237
ELF4,0.09187222974211014
ZNF514,0.0918386638755431
OGDH,0.09178848500193447
SBF1,0.09170242412015234
COMMD2,0.09169403472815862
MAP3K8,0.09165733259488103
C17orf85,0.09163406274910905
C10orf41,0.09162158637969271
PRAMEF11,0.09154644876475082
GCC1,0.09148495060944456
IL1F5,0.09146091185416087
FLJ36000,0.09141023562879824
PIAS4,0.09139363109048301
FGF6,0.0913694176493823
C7orf61,0.09133894138012633
PIK3C2G,0.0913314214185826
C9orf98,0.09126915329956611
MAGEC1,0.09125994405584034
NARG2,0.09120776124863997
IKZF5,0.09119864559036554
C21orf90,0.0911905632960908
ADAL,0.09118248158115203
GABRA1,0.09117713741144091
CAPZA3,0.09113238353743788
GIGYF1,0.09113095102955251
TRIM32,0.09111252034683788
SH3GL2,0.09104619824596176
NKX2-5,0.09078697995914752
PTPN4,0.09077629951677228
TACR3,0.0907062494982395
OR2T5,0.09070321775131991
OR13C5,0.09068713035905893
ProSAPiP1,0.0906522358371405
DFNB59,0.09064567072067402
PRNT,0.09058932268140624
THSD1P1,0.09057969033586104
GTF2E1,0.0905650218447447
LOH12CR2,0.09054821303695218
EVX1,0.0905474768329793
CCDC96,0.09054539522020186
INTS2,0.09050274967998322
ANTXRL,0.09047839795503541
GPR149,0.09042485556289165
BSPH1,0.0904214169826044
BCAR1,0.09041814642833984
LOC200726,0.0903715904062172
NAT14,0.09035118072540986
AGPAT6,0.09034934936021519
EPHA8,0.09032061815554498
C20orf114,0.09030657866201207
RDH8,0.09021587577400353
TEKT4,0.09020868015209658
RFPL3S,0.09019848159419913
ABCA2,0.0901830076727874
C1QL2,0.09017810880197717
CNTROB,0.09015720021192192
BAGE,0.09014747289613688
COG5,0.09013966631203092
KRTAP4-9,0.09012766866287761
LOC100128542,0.09009120395095907
STAT5A,0.09007943815164451
SPERT,0.08999775374358998
TMPRSS11D,0.08998980475833378
FAM89B,0.08993113224840411
USP21,0.0898738935170959
ABCF1,0.08987293435190007
UNC13C,0.08986234221846784
HEATR1,0.08986104006980225
KRT77,0.08986101340672978
GBX2,0.08982823952244533
ABCC4,0.08981736993058788
LOC646498,0.08979814137977925
AGBL1,0.0897423563076927
TMPRSS11A,0.08973006913120396
CNN2,0.08972969245597597
PRG1,0.08964570426512808
ZNF295,0.08962404186596513
DHRS7,0.08961320549279136
DMTF1,0.0895564739458306
MCM9,0.0895238560743539
CTSL3,0.08948736256904138
PGPEP1,0.08948275769837102
CYTIP,0.08947257434607156
OR1L1,0.08944178967528253
MMP23A,0.08938860969134504
LOC283404,0.089378543408547
C3orf17,0.08932721327732764
FCRL6,0.08927602688821003
RANBP6,0.08921486269261378
GNA15,0.08921276764072934
C2orf50,0.0891791215940669
C7orf57,0.08917010268463167
XAGE1D,0.08915779207413492
WIPI2,0.08910854350566864
WASL,0.08909405652626455
CLEC6A,0.0890542805411934
VSTM2A,0.08902755781007675
MAD1L1,0.08900246100706609
ARMC2,0.08899351866541504
IWS1,0.08898125197385658
CT45A5,0.0889550682237738
NSMAF,0.08892823686926776
PPP2R5B,0.08892561712385606
A2BP1,0.08884801167761684
HOXC13,0.08879770734719435
KRTAP27-1,0.08873565094161139
TTC33,0.08863295016367806
TRAPPC9,0.08860507510150377
ZCCHC13,0.08853547145060114
KLHL12,0.08847033894272784
ZNF253,0.08842964610880653
IL1F8,0.0884114124780932
GPR119,0.08838186081520788
NLRP2,0.08834505695112124
C3orf19,0.08826717829267729
FBXO2,0.08821242468098198
GATA4,0.08820610038936513
NKD2,0.08820038695430807
GYG1,0.08817074731114477
LOC100302650,0.08816296315338885
SEPP1,0.08815713830287873
CYP1A2,0.08815057853326168
EVI5L,0.08814718023038493
RFPL1,0.08814717423806366
PRAMEF6,0.08808323250880505
TTPAL,0.08808145965399351
NAA11,0.08806191975634915
C20orf108,0.08805699709882402
GSTA4,0.08803789024822892
CSDAP1,0.08803064105180716
PPARA,0.088020022730092
GGA3,0.08797715945009704
LRMP,0.08794684198805826
DDX25,0.0879280281339653
SDC4P,0.08779912692111945
TM9SF1,0.08776685094605866
FAM170B,0.0877665002523535
MEG8,0.08769941427726513
NXPH1,0.08762463688889338
FAM127B,0.08761909385702862
STK31,0.08761497140024477
SAGE1,0.08761439011122098
LOC100129534,0.08761074521729298
THNSL2,0.08759924949111764
TUBB2A,0.0875911155667438
KIAA0319L,0.08758730352894803
CSNK2A1,0.08757431251240626
OR6B2,0.08754427635024621
AKNAD1,0.08750011898949407
GCNT7,0.08748531911490158
QRICH2,0.08746204863774086
PIP5KL1,0.08740471212459265
SIAH1,0.08735505643664114
SPAG8,0.08728274458827347
BTBD1,0.08724689483256036
C1orf229,0.08724460283788664
SCARA5,0.08724157970034162
PMFBP1,0.08716849171848501
ARMC3,0.08716106916287401
KRT84,0.08715846906015254
SLC5A9,0.08711204050488082
PADI1,0.0871096920400336
MAP4K2,0.08710197607893971
C1QL3,0.08710153136926255
TTL,0.0870749726038907
TMED10,0.08706888683338868
MUC7,0.08705980129516883
ZFP42,0.0870582500173818
SSTR4,0.08705051242356254
PNMT,0.08700552331771584
TRAF3IP3,0.08697163054346688
LOC348021,0.0869676893857949
WDR64,0.08689424983996565
B4GALT5,0.08685777864469378
ZNF493,0.0868274073767654
SSBP3,0.08682353111919132
PPP2R5C,0.08681112514076364
IFIT1B,0.08678065822111122
ACTR2,0.086774756615436
SALL3,0.08674091465769515
CELF2,0.0866992602600403
LOC654433,0.08668967420244034
RNF6,0.08667577072397326
LIMD2,0.08663642733552258
CT45A6,0.08663539218899803
KRTAP4-11,0.08659110908670735
P704P,0.08657003003208386
GPR113,0.08647035880117394
AKAP8L,0.08645948437795224
C10orf120,0.08644214768155499
SAP130,0.08641257400169829
LGMN,0.08638279111547104
QSER1,0.08620752717932274
RPGRIP1,0.08620286008900264
LIN7A,0.08612080027962149
MAP2K5,0.08609714484618294
GBP2,0.08607278577306736
C9orf68,0.0860373711689639
ACLY,0.08601982411187223
MBOAT2,0.08601323855934669
ATP6V1B2,0.0859281720579658
OR10K2,0.08592607888013556
MIXL1,0.08587380948135723
OR11L1,0.08582201464184844
PGPEP1L,0.08578567775671235
KCTD16,0.08577747688975285
PRR25,0.08571231500039808
CCDC148,0.08566878776155012
ZC4H2,0.08566237431199461
MBD1,0.08565220954729762
C22orf15,0.08562829312812215
TAS2R13,0.08559432502774672
TSPAN7,0.08555810174436458
PRMT8,0.08552743613220658
LOC154761,0.08548898555103598
KLHL9,0.08547165654252997
CDKN1B,0.08546579938018165
PTX4,0.0854540837299639
SLC25A34,0.08544118254898536
PPEF2,0.08542164717635219
DNAJB14,0.08541988612143787
C6orf41,0.08537033918389086
RBM15B,0.0853473370246511
TMEM14E,0.08533240564081661
KCNA6,0.08527322206445821
LSM14A,0.08517126894401351
MCL1,0.08516321735480996
ANKRD13A,0.08512795924029677
PAIP2,0.08508799344244387
LOC220594,0.08501590713884358
CDYL,0.08501143519902261
RASAL3,0.08498969193012704
OR10AG1,0.08498955485964362
PRAMEF9,0.08498955485964362
C19orf71,0.08497452532376362
MAPRE3,0.08496313472977826
RNF40,0.08495997875034643
ZMAT2,0.08494751818379942
KDM4A,0.08488442736603738
CDK20,0.08487596458551824
FLOT1,0.08487559406893064
RNF103,0.08485763116284027
CEACAM19,0.08485081292907895
RDH5,0.08475678444207467
STK19,0.08473039397298687
HEBP1,0.08468069225598437
ZNF541,0.08457673267826855
MCHR2,0.08455057245542034
CTNNB1,0.08452297842621607
KCNJ13,0.08446686954787079
ZNF395,0.08443864678907431
JUN,0.08441485236692269
THOC2,0.08436879237344692
TFF2,0.08434967734662707
PEX6,0.08431888761363197
GKN2,0.08431207716889633
C6orf123,0.08425749569711082
HIST2H4A,0.08422749456121323
NAA16,0.08403329643288968
RRBP1,0.08402954460320229
LOC645323,0.08402039125047715
RHCG,0.08398092200253376
PARP16,0.08397067305162673
CCDC115,0.08396283637153262
FAM18B,0.0839248515050733
FLJ39609,0.0838917336061645
ABR,0.08388617870102592
KRTAP2-2,0.08386604206357305
ZBTB25,0.08386107118327797
STAT3,0.0838454117375062
LRRC69,0.08384221042897129
FCHO2,0.0838291112398885
RBM8A,0.08377342858081402
DNAJC6,0.08375646673515
SPTLC2,0.08375455011504146
HSPB9,0.0837283929458289
CLDN20,0.08371894911622721
BEND4,0.08365218280981404
OR10V1,0.08363996612560082
AZIN1,0.08363614758508935
MAS1,0.08358033483610733
INSM2,0.08354972345123152
MUC21,0.08351758698435621
GRIPAP1,0.0834752217649079
MLF1,0.0834489897420881
CCL24,0.08339226640951469
ASCL3,0.08338942597033465
DCP1B,0.08337877135379124
MTMR11,0.08335362179916204
IGFL3,0.08335213453852428
RALGAPA1,0.08332219366667871
ASPHD1,0.08329962735901889
SCGB2A2,0.08323708766447299
UNC5D,0.0831671358248892
GYS2,0.08314994780728314
EAF1,0.0831259491149539
DEFB135,0.08311650681865973
POLR1A,0.0831112773749169
FAM9C,0.08307494085622753
MCM3AP,0.08307025070476753
SPANXE,0.08301899071852042
HP1BP3,0.08300892237355856
SNX3,0.08293908359972806
ACTN4,0.08293543429400739
KCNE1L,0.08284620446517474
RASSF10,0.08274750129996572
PSD4,0.08273757574940566
SNX20,0.0827252361537194
CXorf30,0.08271039145661341
RBM38,0.08268863993639317
ARG1,0.08263879514647536
SCGBL,0.08262862206272148
TPTE2P3,0.08262834745368093
C18orf62,0.08255241620886562
TAX1BP3,0.08248110914679768
PHF10,0.08244495637048159
RFC1,0.082440280843148
ANKHD1-EIF4EBP3,0.082438585404317
DMRTC1,0.08243034988195223
HAPLN2,0.08241309102288044
DACH1,0.08239799196035079
OR2T11,0.08236024993318125
SFTA3,0.08235478000363618
FOXG1,0.08231401432851836
FAM75A2,0.08230063482647115
KIAA0564,0.08229929565508082
ZBTB17,0.082296787898237
PDP1,0.08225622343711238
OR52B2,0.08221429253209352
TRIM69,0.08220139880150426
CDK5R1,0.08219378051185353
TPD52L2,0.08214061083654944
HNRNPH3,0.08207778223425354
VIT,0.08202840216862223
CNR2,0.08195005991316491
FAM123C,0.08192825245889516
MARK3,0.08188973289729574
RPL39L,0.08183359118075509
MUTED,0.08183183573196767
CBFA2T3,0.08179106893021819
TMEM213,0.0817262512205343
CEACAM18,0.0817181548657241
PLEKHA6,0.08170169144809024
LOC284023,0.08168311080184727
EML4,0.08167585263485513
C10orf47,0.08166694987379718
CDA,0.0816512196011537
C9orf66,0.08162256839270099
CAMK1,0.08161288144495368
TPH2,0.08160762622144647
DNAH8,0.08159927160677125
ZNF815,0.08158134061477458
PDZK1,0.08156286340528257
CLN5,0.08150782834229191
TSPAN19,0.08149324272030035
SRGAP3,0.08138497938142839
EXD2,0.0813319634403246
LOC645166,0.08130296970702043
SFRS2B,0.08129499434587892
UBAP2,0.08128095988572782
TRIM60,0.0812752250982996
CARKD,0.08124883853528048
SLC28A1,0.08124128407417232
MAP2K7,0.08123544891317953
SPAST,0.08117719530000193
ATP6V1H,0.0811425866645002
DUSP4,0.08108604451457672
HRH3,0.08099032996023182
BTBD3,0.08098997749555815
ZNF530,0.08098348215364493
TTC21A,0.08094637080838997
HSPBAP1,0.080928788168915
TRIM41,0.08092772567720764
PKP4,0.08091965095323685
SPIN3,0.0808868244799929
SLC22A8,0.08086604714302108
RAB40A,0.08083539241308618
C1orf124,0.08081361661258744
PCNAP1,0.08080798385109705
WDR66,0.0808042636295132
OR4K1,0.08077519676742989
KLHL34,0.08075492977247825
SCYL3,0.08073184309390294
CEBPB,0.0806931502243347
DKK4,0.08068156335055775
PHF13,0.0806761239667627
CHRND,0.08065896143593651
FKBP1A,0.08064957587818436
IPCEF1,0.0806342434170213
RGPD8,0.08044843816456036
HIST1H2BA,0.08039824338178192
ZNF718,0.08038063863017608
ISPD,0.0803759455307351
PARP8,0.0803617568799735
C6orf1,0.0803547152701471
PARN,0.08034779335708785
LIPK,0.08034241079233219
HSF5,0.08034161758286891
CHURC1,0.08033491846052815
TTC21B,0.08032265087422992
NF1P1,0.08030693475718391
POM121L12,0.08030693475718391
OR52E6,0.08030693475718391
OR51B6,0.08030693475718391
TNP1,0.08030693475718391
LOC100287704,0.08030693475718391
CAV3,0.08029461186693991
KCNJ14,0.0802763969310632
ZNF174,0.08026792533373865
LOC646999,0.08018843424779226
TH,0.08014793840271231
FAM115C,0.08013735201219024
ZNF486,0.08012839876227493
ZNF432,0.08012555593111016
PRPF4B,0.08012163743279792
CXorf56,0.08005944511948745
PRPF6,0.08003753739345817
SLC9A8,0.08003751034035303
PELI1,0.08000584801143866
CLK3,0.07999943577213417
SERHL2,0.07998589431691307
RAD51L3,0.07997429048304427
FOLH1B,0.07994271435514702
SLC4A8,0.07993506581910864
WDR49,0.07992512037988199
FSCN2,0.07990879637984537
KIAA1143,0.07990869127785125
ZFP62,0.07989672882428434
OCLN,0.07988741253612291
AGAP2,0.0798743655458181
LQK1,0.0798406956346411
C6orf221,0.07983922728761728
C10orf53,0.07982646626098083
CELSR2,0.07980014999035588
TBXAS1,0.07980012353976627
OR52D1,0.07979326323295496
CPNE6,0.07976212666690136
CROT,0.07976062768765763
TCHHL1,0.07975709072402488
IFI44L,0.07975232642300323
LOC340074,0.07972754565303955
SCYL2,0.07971600856866105
SLC38A4,0.07971276487973124
CDH9,0.07969109622093597
TTC16,0.07968745356819223
LTB4R2,0.0796780934039245
EDA,0.07967325167724597
CNOT6,0.07964923868893233
C12orf35,0.07962907794119177
FAM116A,0.07961705538851234
KDM4DL,0.07961064415751215
PLEKHA8,0.07958303613921425
PTAR1,0.0795368783027731
ARHGEF19,0.07950151225885702
EVPLL,0.07948676032822502
GANAB,0.0794783339133667
C18orf2,0.07947002795519399
SIPA1L2,0.0794627232789503
VGLL2,0.07946088686455315
ZNF428,0.07945571789538772
PERP,0.0794493383210394
MAGEB2,0.07942437969554682
ZACN,0.07939006876195225
PAPOLB,0.07936006365342031
DPH3B,0.07934487979733898
MS4A10,0.07933232514787887
HINT3,0.07930554465372273
LRRC67,0.07926280402234201
ATP6AP1L,0.07921603515360279
TMEM63A,0.07921343603464583
KCTD19,0.07921162390262289
SERPINB9,0.07915807295984686
TRIM53,0.0791549046175972
ALAS2,0.0791459845717032
RGS10,0.07909937562716637
SEPT9,0.07907436879076638
GABARAPL2,0.07906372776358264
GUCY2E,0.0790081292621516
ZNF487,0.07895231778156246
PFN2,0.07891345223406002
ZNF451,0.0788945497018327
ETAA1,0.07889434114638338
CRNN,0.07884757315442002
CCNY,0.07883222630042463
ERMP1,0.07881979606039255
LEMD3,0.07878365336674432
PCYT1A,0.07873838554991949
NKPD1,0.0787035247504701
TYW1,0.07866393956670248
ZNF597,0.07863687940347969
HSP90AB2P,0.07863141825447893
KLF3,0.0786015797202861
RAB33B,0.07859695508694986
RAB37,0.07855163416108664
HIST1H2AK,0.07848868877727665
NKX2-1,0.0784301266010014
KRTAP11-1,0.07841218857255305
C3orf14,0.07827000330007552
FGF22,0.07826996048720826
LBP,0.0782678662097559
AP1G1,0.0782515670326322
C1orf130,0.07820859777590654
GPR148,0.07818151783954838
TCL1B,0.07815074881446284
RP1,0.07813502741773751
KRT24,0.07812086217277926
OR2A12,0.07807090901835392
TMEM66,0.07806539258523128
KIAA0748,0.07806165774662831
FBXO31,0.07804167659636907
CLCC1,0.07803770286462247
FAM102B,0.07801501148115918
GAS2L2,0.07800431577519289
KCNJ3,0.07799206680392663
LOC100130093,0.07796001258590786
CCT6P1,0.07792821836099612
HCRTR2,0.07785212942004047
HAO2,0.07784851084156337
RPL23AP82,0.07783971457557823
C19orf12,0.07783883259555102
CCDC97,0.07782058578189195
CLGN,0.07775844599680028
GPR37,0.07773640238966353
FAM22F,0.07768995281429177
FAM98B,0.07768919140439733
TNFAIP3,0.07763783339585277
SMEK2,0.07755605148063202
COPB2,0.07752808791379971
BMPR1A,0.07752772492881478
JAG1,0.07746311464037173
KLHDC2,0.07745085737948475
LOC221122,0.07744410941316779
BTF3L4,0.07743052017014108
HIST1H1T,0.07741999432708592
LCN6,0.07737941884141222
TDRG1,0.07736894317434893
MYH6,0.07728999742778696
CYB5RL,0.07728478195997883
SEMA4F,0.07727308612763314
ARL5C,0.07723690956261597
FAM99B,0.07713368140984707
XKR3,0.07710720813432587
MGC23284,0.07702226669233114
NR1D1,0.07701659752440539
CR1L,0.07701584648144001
KRTAP4-12,0.07701075232679312
GPR62,0.07699998741263092
CRIP1,0.07699297469465015
ZNF595,0.07697367482265446
IRGQ,0.07695249113241277
TAAR8,0.07693740670502255
PLEKHM1P,0.07692604609775264
ANKRD24,0.07692356057002199
LOC284837,0.07684437707504145
UPK1B,0.07680524495199571
CCL4L2,0.07679965446593097
BMP15,0.07679825196177292
BCL7A,0.076785653754865
NEUROD6,0.07675878591826639
AKAP3,0.07673950984244036
LOC646851,0.07673334003635897
POU4F1,0.07663021621923832
CCDC42,0.07660469293153802
RAB9BP1,0.07656083867521615
ZNF767,0.07649784571265565
TSPAN16,0.07649586892306183
CHI3L2,0.07645094968782239
NGEF,0.07633727933172357
HELB,0.07633263169423135
PANX3,0.07633213964351397
TXK,0.07630336111864133
HELT,0.07622030454841795
ANUBL1,0.0762159841065205
PAGE5,0.07620392900274799
PCNT,0.07619421896784055
LOC151534,0.0761872562022464
LMAN2L,0.07618190551023113
FAM194B,0.07616921954042051
SPRR3,0.07616217034830455
UBXN6,0.0761151136507533
TMBIM1,0.07604858529805361
MTA3,0.07604369988516728
TAPT1,0.07601869279003307
INE1,0.07601692375281484
WHAMM,0.07600311571834234
PCSK6,0.07598525070170815
TBC1D4,0.07597939356395032
GRB2,0.07595088317538393
CCDC142,0.07594431223581419
GPAM,0.07592612750842245
SUMO4,0.07591980833614001
SP8,0.07591861083214065
NUDT3,0.07591092835218333
TICAM1,0.07590067738139718
TADA2B,0.07588852330741146
RELL1,0.07588126227536822
KYNU,0.07582309155405774
GTF3C2,0.07581726985438283
LRRC27,0.07581604465136414
TRIM66,0.07579691476033203
SLURP1,0.07576295542468175
ARHGAP12,0.07575436326803789
NLK,0.07572373965383075
DSCR6,0.07566961709230498
CDNF,0.07564511308984526
BAZ1A,0.075629191736196
OR13C4,0.0756243146547242
CT45A1,0.07558575168798283
OR2F1,0.07556681864731422
C5orf27,0.07556524689104711
DCP1A,0.07552562680500502
SERPINA12,0.07549652138526206
RNF125,0.07544268834351485
IFT172,0.0753941034534195
CAB39,0.07527039711918902
LOC389033,0.07524138685426987
SCGB1D1,0.0752281906637536
C9orf45,0.07522345320003805
SYT7,0.07522167028386362
HEPN1,0.07521411357474556
ZNF7,0.07521324455736474
SLC1A4,0.07519513594351974
ZNF107,0.07518415842293273
TTR,0.07516709390409776
NEURL4,0.0750867554386701
DNAJB13,0.07507138810161847
CCNB3,0.07505163882907971
CCL3L3,0.075006176300002
DNAH3,0.07500402394430553
HNRNPH2,0.07498206218964475
C20orf85,0.07497949151183485
LOC219347,0.0749684986897833
ARHGAP9,0.07494472956185133
ODF3L2,0.07488776567192706
GBX1,0.07486540152029313
CGRRF1,0.07485295236052376
RAB11B,0.07482537537338207
STX17,0.07476987875765514
CLUAP1,0.07476725750391282
LOC286094,0.07474630990498794
CD40,0.07473295035527376
SLC22A3,0.07470048675525383
OR5K4,0.07468779063423228
PHACTR4,0.07459527213452347
ITPKC,0.07458319528677733
NCRNA00200,0.0745810631844248
HBBP1,0.07456222376154259
EPX,0.07453740874434263
RSPH6A,0.07449805149740191
UBE3C,0.0744970791792918
KLHDC7B,0.07448076520076903
PGAP1,0.07448016613220274
RAB14,0.07447030464090276
YIPF7,0.07445340935911467
ZDHHC8,0.07443109811121924
OBP2B,0.07442677897465089
RBM18,0.07438831613494712
ITIH1,0.07438563011605272
AKR1D1,0.07437702888710447
CLEC18C,0.07434029809449909
ADCY10,0.07433883580126716
OR13C8,0.07433562914756259
OR2T4,0.0742707485914479
PVRL4,0.07427049234960191
FBLL1,0.07425594369318282
GPR75,0.07419811324112205
C6orf10,0.07419131634570664
MTTP,0.07416944843944775
PLCZ1,0.07416546657186882
TMEM105,0.07413567246862367
TCP10L,0.07412312254937936
SRMS,0.07411865497472862
HOXD1,0.07410863152776628
CALCB,0.07407479079070442
TYK2,0.07405617268543895
AZU1,0.07403472975828455
KRTAP8-1,0.07398607938698644
LOC100127888,0.07395576956313733
CER1,0.07394419206503092
RRAS,0.0739413866610432
SLC34A3,0.07389399974194417
ACHE,0.0738919234900278
SLC16A11,0.07385769407933639
IFNA8,0.07383639549252377
NCRNA00185,0.0738332242864267
PLEKHM1,0.0738328285649573
OR11H4,0.0738018442626943
KC6,0.07375184259000431
OR7G3,0.07375126661374033
OR1S2,0.07375126661374033
FBXL16,0.07360979812119903
COX19,0.07360258459888831
LGR6,0.07358676227764427
WDR20,0.07355480750411841
ALG11,0.07353476169562087
GOLGA8G,0.07351131407479485
KRTAP10-12,0.07346740129836607
B3GNT2,0.07345269296272676
GOLGA1,0.07343289411787639
BTD,0.07342609551424027
LOC100240726,0.07340614032696842
PIGS,0.07340439020994029
OMG,0.07338839214250903
PRRT3,0.0733764402216137
XCR1,0.07332514097576141
SLCO5A1,0.07331797310107657
RDH10,0.07330530103615775
KIF2B,0.07328300460349436
OR6Q1,0.07328300460349436
ERAS,0.07327784559105549
SYTL5,0.073256593808029
RNF213,0.07319440838691524
HLA-DRB6,0.07318502406552774
ZP1,0.07314199938536875
PHLPP1,0.0731199176492196
NFYA,0.07311045994008894
ZNF14,0.07307550704186694
SLC15A1,0.0730683934840605
TANK,0.07306565639290474
UCP1,0.07305646911670682
USP27X,0.0730266372103572
SPATA9,0.07302395634645294
CRYBA1,0.07302168331052744
ZMIZ2,0.07294289502447998
SYTL2,0.07292005985153652
MAP3K14,0.07280208357447752
ZSWIM5,0.07274642422710201
LOC91149,0.07274610229820291
FAM26D,0.07274379230846366
LCK,0.07270571561928256
DNAJC12,0.07268398751466497
ERF,0.07264761260342883
CCDC6,0.07264556411862504
TYRO3,0.07262132813927581
C8orf79,0.07257309850721105
AMAC1,0.07254269873830113
GABARAP,0.07254204553972483
TASP1,0.07253967821797357
SCAMP1,0.07249842199360196
ERRFI1,0.07245089915612303
LOC388946,0.07241118361901912
SPRY2,0.07239773040175837
SCARNA27,0.07237426229673428
RASSF6,0.07237113600466047
TMPRSS11F,0.07236689619574828
ALDH1A1,0.07236417884170866
SPANXN4,0.07234648058300241
SMTNL2,0.07232021624329525
PRKCSH,0.07230618286970442
RPL13AP17,0.0723030350494524
KLHL31,0.07229285990779871
DCAF4L1,0.0722854480587952
DNASE2B,0.07225816419783085
BRSK2,0.07225673613614245
GOLGA6C,0.0722228800289255
ZNF716,0.07219782923665649
LRRC18,0.07217558005822529
CPLX4,0.07216537381052761
RALGPS2,0.0721615046063889
LRRC2,0.07214697227118651
PWWP2A,0.07213935856412897
C1orf223,0.0721098463709522
KRTAP5-7,0.07209997674580962
ZNF682,0.0720679070646971
LCE3E,0.07196629405724916
NCK1,0.071954613383648
SLC38A9,0.0719473343800476
OR13D1,0.07193895191451871
CLDN15,0.07193352919844857
SCARNA17,0.07191911438279427
DLX6AS,0.07189999571854763
TXNDC8,0.07187821857275645
LYSMD3,0.07184906728296742
OBFC2A,0.07181082683317346
SLFNL1,0.0717886569933077
RAB35,0.07174779549552057
CHIC2,0.07170107835286858
CCDC37,0.07169078515931522
ZNF335,0.07167761197788186
PRPF38B,0.07165866261462837
RAD21L1,0.07165372693650911
SLC25A2,0.07161144152000129
GOLGA8C,0.0716071322376877
PPP3CC,0.07158326136989641
APCDD1,0.07153236463347284
HPS3,0.07149559306073475
NCRNA00201,0.07149447213198291
TNF,0.0714781169984554
TRAF3IP1,0.07147015829470538
FLJ14107,0.07146836662432401
KIAA1430,0.07145754868094854
ANKS3,0.07143749877681119
TMED8,0.07143436678829161
P2RX6P,0.07140995656251048
IL28RA,0.0713823687048241
LOR,0.07136406370654601
C16orf90,0.07130624254415502
SLC22A1,0.07130325132704196
CCDC152,0.07127599835390777
OR5B2,0.07125826668015638
THAP5,0.07123949172931406
PLA2G4E,0.07122704130756008
OR4N3P,0.0712012479858125
TAL2,0.07118124642107079
DDX19A,0.07113719203673341
ZNF74,0.07113122355027278
CRAT,0.071125977425778
PRB1,0.07108785031889064
ASAP1IT1,0.0710519869435373
HAUS2,0.0710080290338742
TARS2,0.07100410032710915
TTTY10,0.07097443681743251
SUPT7L,0.07097327806767317
GSG1,0.07095999700231474
SLC36A4,0.07095118902597175
TMEM8C,0.07092064487427625
NDST4,0.07091877194362288
OR51S1,0.07090770836482449
TTC39C,0.07090693867523658
PDZD7,0.07085583132687179
CCDC120,0.0708495589679713
CNKSR3,0.07078976198479743
OSTalpha,0.07077041254969091
DTX4,0.07071077772526985
PATE1,0.07064314039244654
TDRD3,0.07060004599127942
DIO1,0.07055178592174237
KIAA1737,0.07054769992519727
NEK11,0.07039779138014622
RAB27A,0.07038962119653691
CCDC159,0.07038328680566894
TSPAN14,0.07034456635125942
SALL1,0.07033227757704082
CNGB3,0.07032191941477886
AKR1C2,0.07027606975900537
ABCG1,0.07027216049007175
SDC4,0.07025650650731273
LOC613037,0.07025207877243163
DNASE2,0.07024699342821929
GRHL1,0.07024413681339538
TAS2R42,0.07023776243577456
SNORA15,0.07022671350240707
IFNA5,0.07020645985446183
STAG3L2,0.07017742601546297
ERBB2,0.07015880781278154
MUC6,0.07015539099681004
SLC7A4,0.07013563466255601
NKIRAS2,0.07013099475960724
RIC8B,0.0701172221516159
RAB6A,0.07011278047488403
TNPO2,0.07011067482034321
FSHR,0.07010426087437009
C19orf26,0.07009533190396866
RC3H1,0.07009526650489198
LPO,0.07008955627585702
WDR87,0.07007108720691739
KRTAP10-3,0.07006725684800047
FAM129B,0.07005327738351465
CFD,0.0700407413105766
PASD1,0.07002281359742324
DEFB118,0.07000517053177258
IFNA14,0.07000517053177258
KRT78,0.06999747529550306
STRA8,0.06999536543849272
OR5C1,0.06999487954383583
AKR1C4,0.06989258627353967
LGSN,0.06985037048438499
DLGAP1,0.06982218872780308
KRTAP10-8,0.06978594495474053
C4orf31,0.0697575307699074
COG3,0.06972807639654056
ZIC3,0.06972670526601321
OR1F1,0.06971786457595257
FHOD1,0.06969893379068519
ITGB1BP3,0.06969576689257112
LOC339788,0.06968453763432883
KBTBD5,0.0696817748368608
NXF2B,0.06968162371471893
IQCJ,0.06967893293111943
C9orf79,0.06966719139885555
PRSS45,0.06959605973280773
LRTM1,0.0695883451003391
C3orf48,0.06957979122823688
SP110,0.06953860533749949
LOC401387,0.06952999497806947
DPYS,0.06952158504252112
IL20RB,0.06949020965456681
GPC3,0.06945103331360113
ING4,0.06944081247095375
USP42,0.06943066602404811
C4orf40,0.06941545259866272
KIAA1239,0.06940279156759233
NFKB1,0.06937354909062307
ZNF674,0.0693531766445082
TMEM176B,0.0693463323907185
FNTA,0.06930528074692983
LOC440354,0.06928117746760465
C21orf62,0.0692357650395663
PIGM,0.06920109092769941
H1FOO,0.0691983313746433
OR2T10,0.06919514801363369
MS4A13,0.06919025469716983
MSTN,0.0691763742328812
GAGE2C,0.06916761235343244
ZNF572,0.06915960703773912
PAQR6,0.06914008290310589
FUT1,0.06905430271371672
TRIM5,0.06901568843588077
GAS2L1,0.06897685532266555
PRSSL1,0.06895788845184306
ZNF709,0.06895776496011678
NCCRP1,0.0689507502595971
GNA11,0.06891884126897023
DHX9,0.06887055097973523
USP46,0.06878746318850931
NNT,0.06870723632917189
PDK2,0.06863307592171022
VPS36,0.06862299929973464
KRTAP13-4,0.06861468500126314
TBX6,0.06860669930767907
NUDT9P1,0.06860574079473628
DEFB123,0.06860038450103466
LOC285370,0.06860038450103466
FIG4,0.06857519571259738
KDSR,0.06857397236573787
TM2D3,0.0685671596771917
NLRP5,0.06856507382750812
ITGB7,0.06854182323681492
TBRG1,0.06853822844575302
ZNF358,0.06852032813308283
C16orf3,0.06851692250187895
ATP12A,0.06850549492154707
WWOX,0.0684806155583024
VWA3A,0.06846673618662455
DKFZP434K028,0.06844638265800902
GXYLT1,0.06834389063497176
MDC1,0.06831645309015867
CDRT4,0.06830630640287931
KLK7,0.06830173313838461
CAPG,0.06827070867501844
ZNF680,0.068255093914178
FBXL4,0.068226060003363
LRP11,0.06819604602579342
RAB2A,0.06817055506436809
C7orf53,0.06815771975407704
ZDHHC5,0.06813610535921263
KRTAP19-8,0.06813212249078869
MBD3L1,0.06813212249078869
MGC26647,0.06813212249078869
GRID2IP,0.06811910934634789
TAF7L,0.06808281480294436
HIRIP3,0.06806530583971193
CDC5L,0.06800956712342766
YME1L1,0.06798589356538003
NT5DC3,0.06792474369365606
MYL10,0.06792251528821676
TRAPPC2P1,0.06791441686735766
DDX26B,0.06788982138181643
DOCK5,0.06787208873144503
FAM21A,0.0678606556078354
CCDC116,0.06784706671432775
COG6,0.06783306707495973
C2orf73,0.06782463573969591
TDO2,0.06778853708200427
METTL7A,0.06772833326860833
SPANXA2,0.06772550973830391
ABI1,0.06772131225567694
SPANXB2,0.06770105034401919
ZNF479,0.06768627361752698
OR5F1,0.06766386048054272
TAS2R50,0.06763280870884078
IFRD1,0.06760652459586879
MPP3,0.06758790523247901
MARCH7,0.06753948188956194
C14orf162,0.06750137495386353
E2F3,0.06745868138573573
NLRP10,0.06744708465652667
LRRC14B,0.06742211860195388
LOC285735,0.06735624236585692
MEPE,0.06731537271237657
LOC153910,0.0672777793178243
RPRML,0.06727279555616743
OR2B11,0.06726356542060566
C2orf77,0.0672466429192529
CLDN19,0.06723784685611083
LOC606724,0.06722798881419752
MBP,0.06721788846905591
C14orf178,0.06721021517936315
ANXA8L1,0.06720133800793143
NMD3,0.0671885962962589
XIST,0.06717343971208467
ZMYND15,0.06716047071598796
CD5L,0.06709965618373812
GOSR1,0.06709551572908708
C1orf25,0.06707293270340164
C17orf62,0.06705361660794358
CD101,0.06705323869855476
PPP1R1C,0.06704734893471717
CAPNS2,0.06699006950148749
ADAM9,0.06696480220951595
IL25,0.06695949632867806
FECH,0.06691959920655348
RAD50,0.06690943068786108
KDM5C,0.06689641150045052
ACOT1,0.06688986798791992
DNHD1,0.06682721986288608
GAGE2B,0.06680003577049402
DYM,0.06679822139263593
ZNF92,0.06677756586461707
GRB14,0.06677407257790488
CEACAM6,0.06675131975858759
C12orf42,0.06674179401021743
GSC2,0.06672733646005077
FAM107B,0.06671033630667089
TAS2R5,0.06669675512150093
RAC2,0.0666657736700653
DDX4,0.06666568264270999
ESRRG,0.06664777864403305
PHKA2,0.06650054397118686
TTC8,0.06643361671013202
MLLT1,0.06641052433890855
USP9X,0.06636405065084222
CXorf61,0.06636228352397565
CXCL16,0.06635536161213304
MYADML,0.06634934996446074
SIM1,0.0663406614088418
GRK1,0.06633443717393785
ANK3,0.06631875224064637
C19orf55,0.06630843322240698
GORAB,0.06630287105509645
ZBED3,0.06620775126263284
BCLAF1,0.0661875361336239
ZNF749,0.0661616433050199
HTR2C,0.06611359197442425
ACPT,0.06611091386923525
FAM83G,0.06607264983376743
BEX5,0.06606917377264607
MMD2,0.06604204401598653
GPC2,0.06600322680645014
LOC151300,0.06597626268947274
SBK2,0.06593193698774553
FLJ37201,0.06590730011445527
ZDHHC19,0.06589778478477364
GKN1,0.06585069494814727
TAS2R16,0.06579081243955885
OR4K17,0.06579081243955885
PSG8,0.06574218170952202
SNORA81,0.06569827064589556
LOC392196,0.0656960425590104
DBP,0.06561861502948214
DYDC2,0.06559934836113705
AMPD1,0.06557846825143494
ZIC1,0.06554610503179599
FAM122C,0.06553499376165066
THADA,0.06553005325286469
TRIOBP,0.06551180105430018
PIP4K2C,0.06547420175353728
LRRC37B,0.0654702535551748
RALBP1,0.06546831244202196
WNT1,0.06543312490430518
MAP1LC3B,0.06541921537872981
IFI44,0.06541914231192716
CAPSL,0.06541554055261155
CDC37L1,0.06537805102043086
SCARNA21,0.06531309428736594
GJA10,0.06526192241815475
MAGEB1,0.06524947776600287
SDHAP1,0.06521502490727367
C10orf88,0.06520084312813329
HYALP1,0.06516541376564501
OCRL,0.06515721206888737
WDR6,0.06514204553062779
KDM4C,0.06513498800534656
DLEC1,0.06512054611935929
OGT,0.0650703871183046
GCM1,0.06505601042598132
ACMSD,0.06504594105032768
SCGB1D2,0.06504260802424254
SCAF1,0.06503184633984915
SSX5,0.0650284723007998
FAM46D,0.06501205883628872
CBLL1,0.06500284137223057
TM2D1,0.06498724664519123
AIP,0.06497529105111227
PLAGL1,0.0649391689742886
LOC284749,0.0649230837431955
MGC2752,0.06492276060919622
FTCD,0.06484645630492145
PLCXD2,0.06484111009590443
DEFB126,0.06477608747384508
PTF1A,0.06475577110320277
USO1,0.06475207987180745
NFRKB,0.06472098085139405
ICOSLG,0.06467364062861587
C14orf128,0.06467147138140704
UPB1,0.06462376535084205
NXF4,0.064605795493173
C6orf147,0.06455505048734803
OTOP3,0.06455047822001303
ARSF,0.06450683770609787
AARS,0.06450627332744709
GSTA2,0.0644856803176334
LOC550643,0.06442664140338823
C16orf82,0.06442091225458749
HSPA1B,0.06439563390050558
GSTM3,0.06435815189283453
GCM2,0.06431896042663436
PTPLA,0.06430552117985285
MYF5,0.06429855282683868
RAB22A,0.06427971061655756
DSCR4,0.06423886689541973
RNLS,0.06423623431555354
HK1,0.06417024590502156
TYMP,0.06416866064910216
MDM4,0.06414479214496661
ABLIM1,0.06413640809585744
ZNRF3,0.06402427423274469
OR52N4,0.06398762631759367
WBP2,0.06398526120839489
KLK8,0.06393698961298677
DDX46,0.06391503681394074
ASB7,0.06391315349076515
TNFRSF9,0.06389188543162516
LRFN3,0.0638609114022467
ABO,0.06385853133570406
STX1A,0.06381683783214474
MGC16025,0.06379626342342526
LOC647288,0.06377625289456977
MALT1,0.06374924086317256
ENDOD1,0.06374631729925438
ANKRD30A,0.0637363760111488
KDM6A,0.06373479885390007
ABHD1,0.06370959690884703
XKR6,0.0636210358541945
ATF6B,0.0636158711290262
CLEC3A,0.0635423779367695
APOA4,0.06353147820020588
ANGEL2,0.06352836654090926
KCNJ2,0.06347157234853561
OR5V1,0.06344950238832898
NLRP14,0.06341437335165635
RASGRF1,0.06340003909129945
C17orf63,0.06338913148649863
FBXL20,0.06334853157355812
FLRT3,0.06333781415922529
GHRHR,0.06333410488680663
WRN,0.06333207421058143
DLL3,0.06330516114947701
SESN1,0.06328387252842849
PLEKHG5,0.0632808288457269
C14orf183,0.06327340794199529
CRISP1,0.06324820993052739
LIM2,0.06319282135569013
IRS4,0.0631671564986978
PCM1,0.06314016753693358
EIF3L,0.06312762176683138
KLK14,0.06311393737985609
VPS37C,0.06311059591873465
STX16,0.06306167257854736
SPPL2A,0.06305691503563554
MMGT1,0.06304000053225643
SCNN1G,0.06300977089254864
TMED10P1,0.06300781504379377
BST2,0.06299494660723803
LACE1,0.06298373816935746
SUMF2,0.0629777287845171
SHC3,0.062960583467214
FBXL21,0.06295349630649306
OR1L3,0.06288285917801338
SEC22C,0.0628720851949543
RNF41,0.06286760392474935
SSTR3,0.06285358508948395
LOC644669,0.06282882821240064
LOC157381,0.06279378623388826
PRSS21,0.06275810986491724
C1orf110,0.06274113667728966
ACR,0.0627300221281529
LOC100272228,0.06268623031250711
CSNK1E,0.06265621236234835
ASCC1,0.06265091200609287
GPR89B,0.06262599080696597
C2orf39,0.06261264604682994
FAM123B,0.06261170410237553
SRR,0.06260976325321588
RINL,0.06256618182537643
C21orf99,0.06256373182601829
NRF1,0.06254202670720845
GRHL3,0.06252963624286435
C10orf4,0.06252705642233759
OR51M1,0.06252699324957987
ST8SIA6,0.0625234913104884
UTP23,0.062473182805799846
CLPX,0.06245831162847493
KIF3B,0.06242214662142806
PRKCQ,0.06240989871917562
C10orf79,0.06237946573496569
GHDC,0.062361903793620325
BCAR3,0.06233671514275235
T,0.0623217801280995
CCDC117,0.06230248938929274
SMARCD1,0.06227045001472629
ENPP1,0.06226578381258712
GUCY2F,0.06225131997888918
B3GALNT2,0.062245468347645695
AEBP2,0.06224518159106246
RNF216L,0.06224111875493721
LNX2,0.06221769183512727
LOC441454,0.0622107379413268
NONO,0.0621871364200253
CCDC121,0.0621692067283038
OR2A4,0.0621620006548819
C1orf64,0.062140033931760354
C10orf27,0.06211103765182702
PTPN22,0.062110956355838985
TSHR,0.06208633553274763
CA6,0.062054037961787614
OR5T2,0.06200672689584145
MYOD1,0.06198478435474673
NPIP,0.061983334843396166
HLCS,0.061967099824941634
CLDN1,0.061965350170747426
CACNA1F,0.061929436020205376
COPS8,0.06180101909563257
PTP4A3,0.061796822441661806
C2orf60,0.06171783366761445
TMEM167A,0.061662813919492944
TMEM176A,0.06165199287174061
RCOR1,0.061638775661317265
DNASE1,0.06162547256038296
SLC45A3,0.06159860032363376
ZNF808,0.06158070119790061
SPANXN1,0.0615764543473451
CLDN18,0.06156642794523728
SNORA51,0.06152905314649433
HGC6.3,0.061507892620884796
LOC100130386,0.06146770343851373
TMEM88B,0.061466433014776015
ERCC3,0.06142800470346978
GNL3L,0.06139634364736442
FLJ25758,0.06137011673816182
TSSK3,0.061320635312950324
IKBKG,0.06127541619981302
GTPBP1,0.061273086052079574
LOC100133469,0.06126077343214527
LOC730811,0.06124781352481349
DNAH7,0.06123368157565663
C12orf72,0.06121812204264155
LOC285740,0.0612019200876232
GTF2IRD1,0.06118900821456557
APOL3,0.061158564045310886
FBXO24,0.0611481962099506
PEX26,0.061129213402803986
EDN3,0.0611197227330037
LOC283070,0.06107901006139088
B3GNT1,0.06105825762341453
OSBPL2,0.06099992903226171
KRTAP5-11,0.060982348265467265
DEPDC6,0.06096464044961034
CCDC52,0.06083881272777844
ASFMR1,0.06082817533415801
DUSP13,0.06082770205711094
USP40,0.060820163368156495
PHEX,0.06080691662565954
OR51B5,0.060782477472861404
ZFP3,0.060743177543171295
TMEM173,0.060722780218545894
UBC,0.06071177659320952
ZDHHC2,0.06070402825163357
TAAR1,0.06070089388866725
SNAPC2,0.06064749298078712
TMPRSS15,0.06061352833643977
TRAF3,0.06056675554360065
C21orf130,0.06056549627505763
TMEM182,0.060542218918106135
STARD6,0.06054054885607897
TRIM52,0.06053226840224021
FER1L6,0.060528386197320004
FRK,0.06052297727333184
CXXC5,0.06049072588923372
DNAJC5,0.060461676120370005
PDILT,0.060458429917356685
PEX19,0.06041778721930184
DNAJC25-GNG10,0.06039408928343979
XRCC5,0.06038360322503602
XRRA1,0.06037286786198532
TGIF2,0.0603637569274034
CEL,0.060359799542079595
C19orf30,0.060323342423108155
ZNF22,0.06032046075160013
KRTAP12-1,0.06030994954621979
PLEKHN1,0.06029100425397766
CST7,0.060284241266474664
SCFD1,0.06026969968781044
LOC441455,0.060249026348290616
C12orf40,0.060176678710528814
SUOX,0.06017487118464556
GALNT11,0.06017148066162757
IZUMO1,0.060136054105678294
PRKDC,0.06010872884950039
SAR1A,0.06010156981248601
AMBN,0.059987468049411546
C9orf9,0.05998616660211777
HPX,0.059918796189599596
ARMCX5,0.05990638639602946
MOSPD3,0.05990472982471804
ING3,0.059900904706242916
ACTRT1,0.05989904172069011
FAM74A3,0.059845622512784906
CXCL14,0.05983411081924766
SPATA18,0.05980464523727954
TRAF5,0.05975036293443136
C11orf70,0.05972630441905616
MAP1S,0.059713258247816314
C20orf107,0.059711475136395846
TUBGCP4,0.05967204736324567
CANX,0.05965893646477553
FAM75C1,0.05960242853695048
SSTR1,0.05958416406828933
DNAJC4,0.05946642216824503
PDC,0.05945689133563819
PROX2,0.059418129627860757
CAPN7,0.059381425307984244
TPRXL,0.059365357192127835
LOC283332,0.059315243589570237
GCET2,0.059310194382225616
DNTT,0.059310037032287224
MSH3,0.059229597205031737
STOML1,0.059220003117548874
CYB5D2,0.05920927746589428
NEBL,0.05916965719437612
FLJ37543,0.05916105423435924
OR2L3,0.059098222806280826
WNK2,0.059059981740314973
KLHL1,0.059052843710499875
FAM83C,0.05899854823519994
GALNT5,0.058977868715386905
SLITRK6,0.05896913040032986
CXorf58,0.05896318840886738
LTB,0.058942324451744126
CHRNA9,0.05885833111075888
CNOT1,0.05881507402431057
C6orf94,0.05880601651266859
POU1F1,0.05880053532246742
MMP12,0.05878007054132935
SPRR2G,0.05877890725717536
NPAS2,0.05874030581646088
ANKRD46,0.058723557945103574
C22orf29,0.05871545006709684
DEC1,0.05871365428807389
OR4C6,0.05866423896930737
GABRA2,0.058649965309004834
LAMP3,0.05860062706800852
LIPH,0.05855792612146119
DNAL4,0.05854677646636989
ZNF28,0.05851102711743286
OR52I1,0.05841846174021869
TSPAN31,0.058417316695238704
CNDP1,0.058378997421618194
NCAN,0.05834782375440822
SBDS,0.058340071708376295
ZNF3,0.058280394959894774
ZNF252,0.05827182822133031
C19orf69,0.0582598815874083
RESP18,0.05821449092243013
DNAJA4,0.058196361147109216
CXorf23,0.05818932053496512
RING1,0.05816658799227463
UBE2E3,0.05815975412500758
GABRA6,0.058110425205154755
CEP250,0.05810463764940313
SPDYE3,0.05809304356399446
KRTAP1-1,0.05808404772390649
MEGF11,0.05807845562995088
CSNK1A1,0.058046402397126
DMRTC2,0.05802940936392491
MTM1,0.05799369990034471
RASL10A,0.05797513481718228
NPEPPS,0.05796477668648711
TSKU,0.057963681703074296
GCN1L1,0.05793679219976308
C5orf47,0.05789752801260222
ANXA9,0.05787915413902912
SNAR-F,0.057830358265377343
HIST1H4G,0.057830358265377343
GNPTG,0.057819836756478935
ANAPC1,0.057726039021207355
ORM1,0.05772426721532642
FAM129C,0.05770622663409159
UBL7,0.05767001361836933
C1orf220,0.05766201141284492
BMPER,0.057605878977048205
C16orf74,0.057603061170349856
RFX5,0.05759082039602499
FAM91A1,0.057582949747962686
RBM25,0.0575823533345746
ITPRIPL1,0.057581710316768155
CBS,0.0575807356453024
LOC126536,0.05757566916022643
CNPY1,0.0575512127544329
BNIPL,0.057543446204729135
KRTAP1-5,0.057519269669689684
ZNF673,0.0574988454384182
NOMO1,0.057445813616008444
TBC1D21,0.05744149253335738
ACAD10,0.0573160620490512
EMID1,0.05731121914525266
H2AFY2,0.05729114015274184
KCNMB4,0.05724712032629046
OBSCN,0.057220439848467156
WDR5B,0.057156025575205265
TIGD6,0.05714373191546966
OR52W1,0.05713674434807048
RAP1A,0.05710083826707401
LOC644165,0.057045651381352945
OR51T1,0.05703300244178176
CSTF2T,0.05698466668109278
EEF2,0.056972276627208926
PRSS36,0.05697032110548502
CCDC127,0.05696727775968296
CADPS,0.05692957890170486
BAG5,0.05691132044569898
PPP2R3C,0.05690981168157599
HSFY2,0.05686505454799832
KRT26,0.05685228317448505
TSPYL6,0.05683340611011612
GPBP1,0.056792085644840805
CLEC9A,0.05674345581128238
ADCY6,0.056740242562819475
FAM9B,0.05673855244764773
FAM181A,0.056730718076039015
IFNGR2,0.05673006907503263
HGFAC,0.05669832087127577
RRN3P1,0.05669683659440475
RGPD6,0.056681756098042956
TMPRSS13,0.05667336521431412
TRPV5,0.05664478110513239
GABRR3,0.0565734762717005
NCRNA00160,0.0565734762717005
LHB,0.05652522494060692
RASD1,0.05652282332224434
OR6B3,0.05651714128022605
CD200R1L,0.056507572895592696
C12orf26,0.05650748273790713
C6orf25,0.05649337355995302
ABCC2,0.05646834728136114
NLRP8,0.05645473402261808
KIAA0907,0.056383794008283736
KRT9,0.05638161832055301
KRTAP4-2,0.05635857988537026
TRY6,0.056350045538378954
ERLEC1,0.05634348977107078
RAB43,0.05633378059720791
DPEP3,0.056327739480481406
TAS2R43,0.05630144342991757
LOC144438,0.05628466555972484
TAS2R39,0.05627971147147506
ANK1,0.056252179065166344
SERP2,0.05624802390878403
NBPF3,0.05618607682352118
KLHDC7A,0.05618156660578028
GJB7,0.05608877068685179
C1orf226,0.056030107015413784
ISX,0.05595085453034135
HIST1H2BC,0.055918141647378634
ZNF705D,0.055911866771090606
DAB2IP,0.05589403026860938
CXorf22,0.05589354487815377
C10orf50,0.055869494595020226
UBE2G1,0.05584585099878961
HIST1H2AD,0.05582637669471272
ANGPTL6,0.05581113284664879
FRS3,0.055798438009892544
LOC146336,0.05575637209223608
TTLL2,0.05571941109118818
POU4F3,0.05571418171261153
ZNF137,0.05570087978371043
NXPH4,0.05568608454758568
C11orf9,0.05567203694854453
FMO9P,0.05564947850945006
MYADML2,0.05559731670879172
GABRE,0.05559721952125416
MINK1,0.055490255108079214
TBC1D28,0.055482429566439666
PRB3,0.05545094744487613
BRD9,0.05543839372091003
UPK3B,0.055419237125702105
AADACL4,0.05540619278616559
CGB1,0.05540032112485865
CIB2,0.05535619613367378
NR4A2,0.055333363950319896
SPDYE8P,0.055332959842804466
MOBKL2C,0.05531845005000233
IPO8,0.05529346384242048
OR7E37P,0.05527774403338424
TAB3,0.055274161184927846
TRIM54,0.05527329369948158
ZBED4,0.05526831070293144
APOBEC3D,0.05526152043457621
ST6GALNAC2,0.05524815904714273
RNF222,0.055247632646961246
C14orf148,0.055214470014661905
SLC17A6,0.05520735272844488
KRT71,0.05516392771263546
WBP1,0.0551139425678988
CSH2,0.055055436187890265
TNPO1,0.05504491867474832
C6orf124,0.0550168546477423
AGGF1,0.05498040096966282
MED20,0.0549568103002999
NCF4,0.05491170074479076
CSAG1,0.054900135346828874
AGBL3,0.05489034729685607
ZNF433,0.05488486159058766
POM121L2,0.05483091076215177
DUSP5P,0.05480816368363759
CDH12,0.05478860659876714
LOC144742,0.05477821170251563
RNF31,0.05477684823784171
SNW1,0.0546339350305998
HSD17B13,0.05462270765876518
C10orf137,0.05462041552005664
OR6N1,0.05455095178573757
CLK2P,0.0545401780901566
SPINK7,0.054502139130601264
PNPLA7,0.054473355596264934
DKFZP434H168,0.05446846578459202
MPP6,0.054466922034066764
LOC374491,0.054456151152989095
CIDEC,0.05445068221905141
HTR3B,0.05442337866959669
USP50,0.054413004487804034
PLEKHB1,0.05440204171696428
PARD3,0.05437871853582004
TRIM58,0.05435560663385168
CHAD,0.05433594299302792
ALPK1,0.05432895373866493
PIBF1,0.05428980477640781
OR2V2,0.05426647915641682
LOC653501,0.05424650955500854
CPNE9,0.05421860284112724
IL10RB,0.05417954331878145
ATP2C1,0.05413292699199036
TMEM39B,0.05409478117309199
C7orf26,0.05409099249281739
KRTAP21-1,0.05408426218340958
ZNF675,0.05408406226425296
ANXA13,0.0540807995573518
CIB3,0.05404784461623131
MYL6,0.05404576999325895
TUBGCP6,0.05404433698393509
WDR93,0.05402346950578986
H2BFM,0.05400794577487637
COX7B2,0.053963809811618066
HIGD2B,0.053950819489137526
TMEM44,0.053950659605275036
H2BFWT,0.0539153402796075
AOX2P,0.05388604390411168
POT1,0.05383056483812216
HABP2,0.05378618756614781
KRT86,0.053752339815885335
SLC44A5,0.053750521971059846
TLK2,0.05374113649914498
ZNF589,0.053720772265318836
PKD1L1,0.05367938064543016
SFRS18,0.0536755421841078
TESK2,0.05366697385713927
C9orf144,0.05366440998518804
KLK9,0.053650696650032324
SMAP2,0.05362996909114192
TTTY16,0.053616000173163605
MPV17,0.05360785264843485
DCAF6,0.053588027606522044
APOA1,0.053552244058487464
C17orf69,0.05353519393397544
ACTR1A,0.053490239138994
FAM194A,0.05347161984323298
PATE4,0.053440759742864614
C10orf40,0.053401456029500124
C2orf55,0.053386166571973856
C10orf32,0.053360436686475776
KLHL26,0.053319771448592714
ZNF761,0.05324864089260283
RHAG,0.053244822841810625
SAMD12,0.053234514831911196
RAPSN,0.05323088086107359
CCDC87,0.05322684021540343
KCNK6,0.05320735620585214
LOC143188,0.05314068111953277
CREB3L1,0.05312786642326164
OTUD5,0.0531013661056683
ESYT3,0.05309434665583888
SLC38A1,0.05308711349465705
C12orf56,0.05306310273349807
RAP1GAP2,0.05304783417119961
SLC43A2,0.05295902278376602
AIRE,0.052925956551600706
RXRA,0.05291429450839425
GYLTL1B,0.05290982206794729
DDX5,0.05288710868065858
ASCL1,0.052885033190872954
PPP1R3A,0.05285122996379334
SNORA77,0.05282911031245123
TCF20,0.05281035769804481
ZNF91,0.052698504688352146
ATP6V1E1,0.052687772936016355
CDK8,0.05258912380370364
ESF1,0.05254354650140932
PLA2G2F,0.05250573905709994
IMP5,0.0524298572784857
INHBE,0.05240049282378847
DNAJB8,0.05239642423712642
AMDHD2,0.05238173394745872
SMAD6,0.05234710548446733
LOC157627,0.05231129048362498
C1orf61,0.052249508417755886
TMEM214,0.05221189260926159
MT2A,0.052171238330674156
SNORA39,0.05215767748297101
MFI2,0.05214137631982846
PCDH11Y,0.0521230336417377
LOC148709,0.0520719795513943
LOC646471,0.0520413910639758
ANP32E,0.0519972131624867
ATF5,0.05199303765063474
PYGO2,0.05199017903802765
SPATS1,0.05198775225492351
SEC16A,0.05194212569749675
SULT6B1,0.051927463061101804
ZNF337,0.05191751308907773
FAM3C,0.051900273984263424
SAMD9L,0.05184053896365018
ART5,0.051837117079683775
PDYN,0.05183641138467427
CNTN3,0.051796548199987885
FUBP1,0.05179250375352919
TEX13B,0.0517765975134734
SNX6,0.05176302090150164
CIR1,0.05175910833251882
GFRAL,0.05174720310701603
L3MBTL,0.05173821627551393
C14orf167,0.05173494154163143
VPS16,0.051732815934113
FAM53B,0.0517327557530067
RHBDD2,0.05173065656310409
GUSBL2,0.05169448620881118
HTATSF1,0.05169299253869121
ITGB4,0.051655711715013965
HTN3,0.05165211825174985
DCTN4,0.05165137134545704
PRAC,0.05163877311360449
STX4,0.05163016543254237
C1orf69,0.05162657363780166
SNORA2B,0.05161625807241501
HIST1H2BN,0.051600094890817724
NAGS,0.05156432454555148
OR2J2,0.051561786825356004
ABHD13,0.05154188092903289
GAS6,0.051516511426151206
ZNF44,0.05148739823623419
CALR3,0.051472060735964394
NSL1,0.051454033881856695
MAGI3,0.0514103343128279
IL11,0.05140878913843069
FAM188B,0.05139551072072131
ST6GAL1,0.05138430511052354
CCDC149,0.051374395643003376
CREBZF,0.05135696508893834
STC2,0.05128396905265663
RNF207,0.05127498022339432
TCEANC,0.051267382043669554
ZNF777,0.05126315396999765
IFITM5,0.051197427998165505
YJEFN3,0.05114234040369324
C19orf34,0.0511296638965589
TTC31,0.05112803528252402
PAGE2,0.05105789950513688
PLA2G4D,0.05096929767310864
DEFA4,0.05096553171714422
FSD2,0.050937774612614596
OR2M4,0.05093184604853304
SPAG7,0.05092342006938502
C2orf76,0.050894586816145816
CCL1,0.0508671060934272
PNPLA3,0.0508554364632666
SERPINB8,0.05080830701692251
HCG18,0.05076593338610409
QTRTD1,0.050758654353602
ZNF280B,0.05072627787512628
CT45A3,0.05071094717713838
RNASE8,0.05068407793969782
OR5J2,0.05063083556653314
SPAG16,0.05062611669873539
OTOP1,0.050580894544903984
PWRN1,0.050565748765305
PCGF3,0.05054269704256649
S100A13,0.050539769072639955
SKAP1,0.050535342723346005
SMARCA5,0.05051182678841992
TMEM117,0.05051007657606046
C5orf20,0.050507033662730905
ZYG11A,0.05046802926812642
SLC22A14,0.05043742237017782
ADAMTS20,0.05041690723323049
ABCC10,0.05039745335989916
SNORA64,0.05037097776983773
CRCT1,0.05035131465542715
NHEDC1,0.05034466514642388
KRTAP19-3,0.05033816610144181
IPMK,0.0503264316114899
DDB1,0.050313429879987916
OR13J1,0.050272230150778564
FTSJD2,0.05024992708389709
XAF1,0.05023210142769677
EIF3E,0.05017480380051306
MAX,0.050156600714769246
SLFN13,0.05014399531999811
LOC100101938,0.050068756525678874
IFNW1,0.0499976949792158
RNASE1,0.049987561723791894
ST13,0.049914726983724164
LOC415056,0.049852433333335326
GOLGA8B,0.0498267791752007
CDH16,0.04981436198234451
RTP2,0.0497885951479784
LCT,0.04971275372314308
PSTPIP2,0.04971187259851244
RNF123,0.049711382508890005
MIA2,0.04968871088519946
PPP1R3E,0.04967876240977096
FGFRL1,0.04965998642662145
SART3,0.0496349805071298
LOC348840,0.04961731713100277
WFDC10B,0.04953716797460277
GLTSCR2,0.04952306806200563
SF1,0.04952150806693233
C14orf106,0.049516008019442274
DHX40P1,0.049511718740395685
OXCT2,0.04950270673082993
GARNL3,0.04944421457425903
ISG20L2,0.04942960582662633
MAPK8IP3,0.0493826971519117
PRPF3,0.049373819769322536
COPS2,0.04933498468831509
GBA,0.04932965847883477
MAL,0.049320844630317016
CSNK1D,0.04932045498390294
TCTEX1D4,0.049305857705817
KCTD4,0.04930123392513117
PIK3R3,0.04924697267799053
IFITM2,0.04917232127970647
DQX1,0.0491677575321596
SBNO2,0.04913529634339965
PLEKHH3,0.0491280575667656
TCP10,0.04911605739635045
INCA1,0.04909017000906449
STAU1,0.04907713828236807
RSBN1,0.04905338465427278
SNORA5B,0.04904236569544073
NBPF6,0.04903424225140744
KLHL18,0.04902199471126036
C17orf44,0.049021801737175665
NELL1,0.049015512222055704
TWF2,0.04901112462579744
FMR1NB,0.04889342271789754
SYTL4,0.048848325255885686
EPS8,0.04879305251078994
CA14,0.04879304137652818
IRAK4,0.048781642610376964
OR13A1,0.04877580488723709
C3orf43,0.04876959338748701
ERCC1,0.04872522516510794
ADAMTS17,0.0486880555575357
ORMDL3,0.04866161937184744
NXF5,0.04866089148091113
C8orf22,0.04863617913882185
ELSPBP1,0.04859308565661952
ZNF93,0.048550719328864976
TMC2,0.048540807800188324
UGT2B28,0.04853502096141942
SCARNA7,0.04852416430837491
ASB16,0.048510949120674794
HORMAD1,0.04849959954234679
OR1S1,0.04846511806045793
JUP,0.04842635191718128
NOL3,0.048410819650855565
TFPT,0.048379642703200165
CD2BP2,0.048355896307971526
TMEM151A,0.04834403347983255
ALB,0.048321254974606036
NCRNA00111,0.04830699806908837
TNNT1,0.04830531974178138
CTAGE1,0.04828483676566324
OR51F2,0.048234094134493394
CNTF,0.048230390190077646
NTSR2,0.04822781498929003
NCRNA00052,0.04821963127891519
MT1M,0.04821511997176096
CBARA1,0.048183932301279805
KIAA1191,0.04815160563232642
TBC1D26,0.04814602440387367
C17orf78,0.04813831572798483
SYS1-DBNDD2,0.04811170659380187
PKM2,0.048092741883365375
CD97,0.0480887163957205
LANCL2,0.048019945673619724
FAM47B,0.048019093115064894
HSFYL1,0.047996856050211964
CYP4A11,0.047996220738373306
DCAF4L2,0.04797389126728699
NUP160,0.04795677599218376
ADAM32,0.047939119861202015
PRRG1,0.04789596969274974
FER1L4,0.047882613738439175
DNM1P35,0.04786415515719704
CASP2,0.04783781323400566
CT47A2,0.04782647921913961
TBX3,0.04781130212681988
OSR2,0.04780300444100642
CCL27,0.047800322000755076
MMP26,0.04778360566374708
TTTY9B,0.047777706269488365
IER5,0.04776887831213495
PTPN6,0.047766813687147205
SPEM1,0.047719482655053984
DUOX1,0.04771649591346618
SDCBP,0.04769939935225439
FEV,0.04767674867572115
SFT2D2,0.04766025818549102
POTEH,0.04762502236296444
LOC390595,0.04756476759295641
RRN3,0.04755668878110388
C2orf78,0.047493892007240614
CA5A,0.047463307954491094
GMEB1,0.047425660499686426
LRRC39,0.047402034076489734
G6PC,0.047401191403658754
CASZ1,0.04739976092503198
GOLGA8DP,0.04736938435314508
CYTSB,0.047328366058284985
C1orf200,0.04729615562418938
WBP4,0.04729407268653025
DGKG,0.0472808503021315
HSD3B1,0.04726823411287061
AHSA2,0.0472532167206829
RAB5C,0.04721754654879236
SPATS2,0.04721494976812315
AADAC,0.04719103315518654
SNORA7B,0.0471567757586156
BANF2,0.04715001174453108
C6orf27,0.047147049244505766
SLC4A2,0.04712103892273576
CSPG5,0.04710920770880226
SMCP,0.04708604314912512
C1orf92,0.047066436290565276
C11orf64,0.04706033202972002
DKFZp686A1627,0.047035510565332964
FOLR4,0.0470265187347869
USP37,0.047019090790315674
LOC641367,0.04701335474343515
SMAD1,0.04696835026883684
TRIM45,0.04696019701150392
SNORA37,0.04695840127782897
NEO1,0.046956949162531944
CDRT15,0.046925794462299046
GNG10,0.04691004295850305
C21orf128,0.046905547373879246
OR1C1,0.04690048016554225
ANKRD10,0.04685679077345126
PABPC3,0.04685065761741289
PKD2L2,0.04683120197364404
GOLGA8A,0.046829650311559445
PRO0611,0.04681912495109888
SEPT14,0.04681790352984068
FAM131B,0.046779068360568846
PPP2CB,0.046752198439059416
LOC388588,0.04673860729380565
RBM44,0.0467266205065366
NEURL2,0.04667752657597654
NXF3,0.04666557499086386
C15orf60,0.04657375917013896
CETN1,0.046571992777363534
LOC100131691,0.046529260635295354
TRPM6,0.046491810818200995
MAGEF1,0.04648397588503222
CELA2A,0.04642864412329353
MPHOSPH9,0.046422126631725714
OR51G2,0.04636441053765449
NHLRC2,0.04634765668576667
GUSB,0.04624526311274083
H2AFB1,0.04617488871675351
LOC440356,0.04616865448898185
NCRNA00161,0.046166174389835016
BEYLA,0.04612380800922808
HIST1H2AA,0.04612380800922808
SERPINB5,0.046118400237431696
BHMT,0.04610915942346118
CYLC1,0.046100995696369135
SLC35D3,0.04609108882206849
LOC650293,0.046084097742275794
TOX3,0.046083720791160215
SBDSP1,0.04605944738628868
OXSR1,0.0460561906762632
C14orf159,0.04604772717827219
POLR2J3,0.046014078683367717
C20orf152,0.04594786167652553
C3orf57,0.045873096485188516
FRMD3,0.04586734729583424
USP29,0.04585021476675437
AQP7P3,0.04582920374503211
SCUBE1,0.045829083637581855
SP9,0.04574731726148159
GSX1,0.04570866757154234
ASGR1,0.045697743821658386
EFNA3,0.045692841303481196
GLT25D1,0.045668277190709795
RCN2,0.04566213093867074
NBPF4,0.045643349565490245
TAS2R7,0.0456230655868722
SRD5A2,0.0455999701163446
VPS53,0.045576916863726204
SPAG6,0.04556652589952763
IGF2BP2,0.04556329992433679
G2E3,0.045557542319249536
SOCS2,0.04554446784457183
MUT,0.04553746012470475
LOC647309,0.04551502203205836
PLXNB1,0.045461282875754336
IFNA2,0.04543046688603017
GPX6,0.04541959805921783
ARL17B,0.04540141057056396
C7orf31,0.04540050349639349
ARPC2,0.04535971540082944
LOC340357,0.045321021901385275
ZNF556,0.045318227271146615
KRT37,0.04527038197858693
LOC100128842,0.045246586361725766
ABHD15,0.04518945759023675
ASTE1,0.04515745367376763
ZBTB48,0.04514117586295458
MT1B,0.045108235911950685
SNORA14A,0.04510184013339303
DMRTB1,0.04509814209148322
ADIPOR1,0.045086712323777624
ESX1,0.045083839220277935
TBX22,0.045029206040460776
NAPEPLD,0.04497201933004373
TNFRSF1A,0.044943135937099726
TERF1,0.04488511587455983
LOC100130522,0.04481667524176437
C9orf64,0.04481070632601691
LOC100129387,0.044777447879875996
GPR22,0.04476423745686148
PELI3,0.04475456023223757
TTC23L,0.04473018267618462
PGA5,0.044709562072461885
MLNR,0.044653433389525155
RAF1,0.044636781186313666
ADAM3A,0.04456163245428041
UBE4A,0.044510531781052964
SLC22A10,0.04449606960968348
KRTAP3-2,0.04447898958266609
EFTUD1,0.044474142933308876
ZRSR2,0.044433867009119915
NLRP4,0.04443198932092707
C13orf16,0.04442108901960832
SRP54,0.04441646692160787
TSC22D4,0.0443689222361328
GAD2,0.044345874950706965
QRFP,0.044338016400208326
TTC35,0.0443305417145198
DAGLB,0.044308378599727485
NCRNA00095,0.04425667997429514
ZNF434,0.04425154264692169
RALB,0.04425033477680844
TEX261,0.04423375212001414
GORASP2,0.04421726674952828
C8orf74,0.04415812777889426
H1FX,0.04413226220490747
SLC12A3,0.04411629241991526
C8orf56,0.044056065331736394
OSBP2,0.04405463706192814
DDX53,0.04404707374957871
C17orf64,0.04404427102654953
CRB2,0.0440389885033603
ATF1,0.04401263258566525
GBP5,0.04398690841869173
GPRIN2,0.043971312783121726
OR4C15,0.0439710877140543
THOC5,0.04393567184864959
TRIM77,0.04393269797142243
TSG1,0.043890965974185424
OR2A5,0.04388383017518316
MEI1,0.04388031268210849
DBC1,0.04387351217729319
EIF5,0.0438538660000008
OR8D2,0.04385026947974686
LY9,0.043825960419195356
PRSS54,0.04378963799842524
ATXN3L,0.043785063359569894
PPP1R15B,0.04376689708153328
TUBA8,0.043750233727856254
MYOM2,0.0437160937705853
LOC732275,0.04370577445792572
TRIM38,0.043686180660696426
DRD4,0.04367894708218624
RNF39,0.04367738757743325
AGAP1,0.043618105552221405
ENTPD5,0.04353393477814797
NFIA,0.04349958344464883
PRLH,0.04349366659021491
UBLCP1,0.04347329273897767
GPR45,0.04345833741552022
IFNA10,0.04345740019518166
C10orf62,0.04340508822341975
C1orf56,0.043389207715867475
PPM1D,0.04338026977005842
ADAM18,0.04337710729656301
SLC36A3,0.04335891755102602
CXCL5,0.043330995144534847
IQCE,0.0433210900396913
TTC5,0.043291984543559446
KRT6B,0.04325798254701261
CTTNBP2,0.04325080645577015
S100G,0.043247425435622086
CGB2,0.043235066230174375
RPL3L,0.0432253204164349
BBS2,0.04322168899452901
CT45A4,0.04321419064933571
VENTXP7,0.04321156842694252
C2orf66,0.04318149813073967
MBD4,0.043168945477596546
SLC7A13,0.04314496230270456
CAMK2N1,0.043144165104597364
DHRS12,0.043054118487135855
C16orf58,0.04304245937117545
GOLGA8E,0.04304120275011323
HIST1H4K,0.0430367048435181
MRGPRX4,0.043018974963334296
LYG2,0.04301630637987437
PSG6,0.042954067679799805
ZSWIM2,0.042928077683156825
RABL2A,0.042914969929324066
EDDM3A,0.04288679296565195
LOC149134,0.04285111396410078
CCDC9,0.042844995249324475
LRRC34,0.04283027257673101
C19orf75,0.04280882789788316
PAGE1,0.042806907827871075
LOC100192426,0.04278232666009198
FAM118A,0.0427104108029481
GGNBP2,0.04256823184246849
TAS2R41,0.04256005854403997
CALM1,0.042558510309888685
LOC642597,0.042550213554134936
C10orf71,0.04253348806786506
HSP90AA1,0.042463625615242806
LOC729991-MEF2B,0.04240876594431807
MAPK8IP2,0.04235066137234959
FKSG83,0.04233950175915396
COL17A1,0.04232506276092639
GPR101,0.04232472028531155
OR9A2,0.042316044847432566
TEKT1,0.042311354047101075
ELOVL5,0.04229124333900027
YIPF6,0.042281104926470615
PRB2,0.04225799336047845
MBIP,0.042224852366111544
LECT1,0.04218635484580267
UBE2Z,0.04210578038022459
PVRL2,0.04209157824814739
LENEP,0.04206460963044064
C17orf28,0.04205475519442598
OR4A47,0.04205164823541496
DPPA3,0.04201416475164587
LCE1D,0.04195668191207743
DLX6,0.04192026579456859
INS,0.041914751262192004
KIF19,0.04190143569117837
C3orf51,0.04188399467546196
C11orf58,0.04188325384468943
ASB17,0.04186836542277331
SOHLH1,0.04184155860809686
LOC100287718,0.04183397583546369
SLC36A2,0.041779447222801094
AHCTF1,0.041764335417256715
IFNK,0.04176310183941464
SOD2,0.04173839068019229
DENND2A,0.041650854745845525
FLJ41941,0.041648760094920356
RDH12,0.04163270635170629
OR51B2,0.04159991111693276
OR10J1,0.041599269597722865
KIAA0415,0.04159376160528996
HHATL,0.041519967530053305
GDEP,0.04147627082419863
PGAP3,0.04142961578881256
C14orf48,0.04140026144139711
RAB11FIP1,0.04139962965981512
ARL3,0.041378974010498
DSCR10,0.0413645113776845
ADAM5P,0.04134967502624523
OR4N4,0.04134558295834965
FAM9A,0.04134222736190978
CPLX3,0.04130077909768873
C17orf100,0.04129561367169688
PLSCR5,0.04127368270229091
C21orf71,0.041272682465242426
SLC25A41,0.041260735600393575
LOC285627,0.04120443716246398
C19orf38,0.04117509153921933
WNT3,0.04115607429424916
MFAP3L,0.04113801641692391
VIL1,0.04113360695732094
BIVM,0.04110253058097558
SLC24A6,0.04109485236768444
DNAH2,0.04109362185136546
LHX5,0.04107196200447698
HAL,0.04104386380885301
NOBOX,0.041026467759098455
PPP1R3D,0.04099503638697497
KIAA0649,0.04096082071558324
TM4SF5,0.04092370229942834
C21orf81,0.04092193385293294
CCDC38,0.040842325156671175
DDX19B,0.04082584865990023
OTOL1,0.040821427970154436
YAF2,0.040750185247060394
TREML2P1,0.04074439687528341
SPP2,0.04073726177227254
SLC5A5,0.04070543262846287
CYP39A1,0.04068762823240874
C16orf57,0.04067692785740199
CYP4B1,0.040673612262848276
CSAD,0.04064303496341061
IPO7,0.04063116362807754
IDE,0.04058149740340759
NT5C2,0.040560681902025525
ALDH5A1,0.04055621995807133
UPF3A,0.040512329069806424
ZNF831,0.0404378990969194
PRIC285,0.04041305338921665
TM9SF4,0.04040333903873306
THRA,0.04036623593918612
DDX60L,0.040361573178178005
PRR23B,0.040357274440146376
CCNJ,0.040352878424623116
MTERFD2,0.04033583581864208
C3orf77,0.04033056919705477
STK40,0.04031234406923005
C17orf54,0.040280251859668326
PTK2B,0.04027276936435708
ATG7,0.04026841527947887
OR51B4,0.040241113011319815
MUC5B,0.04023732124739524
KRT32,0.04023392694321527
OR4F5,0.04022556148761985
GPR157,0.040185103651355775
ATP4A,0.04016143873161736
ZNF182,0.040161071612262095
SERINC4,0.04015041013317756
COPB1,0.04004475494681007
SPIC,0.04003482300452201
SNORA58,0.040009170121587424
AKAP4,0.0400056551288822
STK11IP,0.039986679417333554
MYO1D,0.039981360297873754
LOC285045,0.039948835768707745
NANOS2,0.03994863254806583
PER4,0.039947051767306244
EIF3C,0.03991828333332032
SLCO6A1,0.0398583333782611
NEUROD4,0.03979659822213953
LRRC16B,0.039796014603202735
CALB1,0.03976273838808705
C9orf135,0.03971991041304701
YSK4,0.039718161904830594
KCNA10,0.039692680008722545
SNIP1,0.03966502032319555
PAN2,0.03963785128430373
LMBR1L,0.039633955985413
ELP2,0.03963094411854858
DUSP27,0.039600224151563904
TAS2R30,0.03959063085008575
ZNF416,0.03958840073838514
MEPCE,0.039558880330189373
SOCS4,0.03953447227296767
LHFPL3,0.03950038152828191
NFIB,0.03945917131665636
MAGEA2,0.03945179065254262
ZNF587,0.03938223693508434
ZNF564,0.03932606845471183
ZBED2,0.03931944345633217
OR52B6,0.039281022283439625
C2orf63,0.03926757002391254
SLC48A1,0.03926526100948124
BEX2,0.03922777239650584
CD55,0.0392257912729681
OR56A3,0.03919908399516818
PART1,0.03918343890004786
CSRNP1,0.039146907351510433
CD163L1,0.03914410092530368
GMCL1,0.03913387372699485
SNORD115-26,0.03910457317501713
MESDC2,0.039093661045783885
LRBA,0.03906432015399411
LOC729609,0.039056880328134314
KCNE2,0.039045160462296356
ZFATAS,0.03903479577686507
TATDN3,0.03902386484796516
BTBD17,0.039003949754270115
GNL1,0.038979298734685905
WDR31,0.03895889179694599
TPTE2,0.0388574262581282
C11orf34,0.03882270703306055
RPRD1A,0.038790604253132514
PTPDC1,0.038778311036503366
TM4SF20,0.038767613286127024
FRG2,0.03871326775843643
OR5K1,0.03869338380357579
ACCS,0.038693259963480046
FAM113A,0.03868684026240146
OR2L8,0.038613973628606885
TTC18,0.03859244695150536
ZNF652,0.03852226157458363
MBD3L2,0.038518140053243194
PRKCD,0.038501172160785906
RHOH,0.038473356263971796
MAP3K5,0.03845515852011543
ZNF346,0.03842306319824069
CABP2,0.03841455114609249
FAM82A2,0.03839796981604563
SNORA66,0.03833690061489367
ITGB6,0.03832003989853979
RIT2,0.0382914294929599
SFRS8,0.038281245986640365
ZNF133,0.03827800271240635
KIAA1704,0.038237779979512464
NTS,0.03823136601261931
PCGEM1,0.038209586089661206
C13orf23,0.03820905446404617
PPIP5K2,0.03816723819485175
ZNF121,0.03813901932850387
PTPN20B,0.03812709601277442
SIPA1L3,0.03812351303432044
CAMLG,0.03811997333725481
PSIMCT-1,0.03811658248919652
CRADD,0.03811311883227178
LOC284788,0.03810393612015604
SLFN14,0.038099487920666024
DEFB119,0.038077472156589506
SLC10A2,0.03804253240836202
DKFZP686I15217,0.038039297546016614
CHADL,0.03803294298162977
IRF7,0.03802826188157663
CRISP3,0.03799018485685978
LMO1,0.037967013163065215
CRH,0.037964037673113786
PRR23A,0.03795662992201107
TMEM189,0.03793387649115248
C12orf61,0.0378675227176102
COPG,0.03783555628547755
ATXN7L3,0.03781592247689075
ACRV1,0.03779690815700759
ASB4,0.03779469405050772
RNF17,0.03774404725073625
IKZF3,0.03772478845383618
CYP24A1,0.037703384457537986
KRAS,0.03769803228294764
TAAR2,0.037666444980920255
BHLHA15,0.03766553731985268
ZFP30,0.03766028046121084
HTR1A,0.03764376013300142
DNAH5,0.03764354636412744
SHROOM2,0.03753966330430776
FAM183B,0.03752910889682121
NEU2,0.03746617541784119
LASS3,0.03743393287182702
OR1B1,0.037413755722317886
KRTAP9-2,0.037363462474391075
DLX4,0.03734415628121051
MT3,0.03729161791545489
OAS2,0.03728996946239368
INPP5D,0.03728319842972942
IL8,0.03727575239085768
SLC7A6OS,0.037267444101543624
C2orf44,0.03722731193303726
SCARNA18,0.03722682981455464
CUL4A,0.03719252636699243
SCAP,0.03718864598618614
MYBPC1,0.03718459544223822
NICN1,0.03716421296115036
ZSCAN12P1,0.03714361319417962
ZNF180,0.03712607136980536
C22orf36,0.03709946772936244
ZDHHC18,0.03705390474014356
SNORA69,0.03704181013338028
BCR,0.037034274941330235
FAM153C,0.03699580155987455
IGFALS,0.036950171806561675
FLJ43859,0.036946100095850254
NTAN1,0.036938509899056206
LOC285830,0.0369319248876636
LOC286135,0.03691047102359541
C8orf45,0.03689505703664278
ITIH5L,0.03688612572238969
DHX58,0.0368556193191043
UAP1L1,0.03683744768740215
CCL22,0.03680954426248083
MFSD9,0.036786844497421915
PITPNM3,0.036780794251726055
FLRT1,0.036768213403592466
DDI1,0.03675702226149992
ATG2A,0.03673459681261639
CBX4,0.03669914371766933
OR10C1,0.03665173428362785
UBQLN3,0.03664225870686604
FOSB,0.03657469858831892
NRBP2,0.03654584315246636
LOC220729,0.036523103107389494
FLJ46321,0.03650789122502292
NEUROD1,0.03650725728112151
ELP2P,0.03649737877861421
CTAG2,0.03647437728029188
OR2A14,0.03646408330582698
LHFPL5,0.036447481433671595
ADM2,0.03643593215197284
ZBED5,0.036413355354953374
HOXA2,0.036404750547085106
ZNF780B,0.03639004053425072
C4orf37,0.03637547875239278
MXI1,0.03635341539667718
SEC16B,0.036342868527384144
LOC727924,0.03632542147125695
PFAS,0.03630477218555807
C20orf185,0.036290305794062706
NPLOC4,0.036286789162703975
C20orf30,0.03627906382967929
C14orf70,0.03626298234567869
FRRS1,0.03624251046039131
LOC648691,0.036219433263650395
C4orf34,0.036218026785001994
HYOU1,0.03618597637335887
CD1B,0.03615721060525193
LOC100133050,0.03615005194042171
SPANXN2,0.03614917765281063
PROM2,0.036131744611423836
AMT,0.036125253676376416
TCP11,0.03611630062517533
HLA-DMB,0.036115547532971116
RLN3,0.0360965104103971
LOC388428,0.03607831937183748
ZNF30,0.036065146782155305
TGM7,0.03604990883595274
SFXN5,0.03604175455383792
PRTN3,0.036018805566778896
SMARCAD1,0.03600848857618092
APPL2,0.035998885745579426
CAPN3,0.03599163654498125
HTR5A,0.035974760420801125
GAGE13,0.035934544091732454
PNN,0.0358662518438667
TMCO2,0.03584319412070189
SLC25A18,0.035830206617359854
STK32C,0.03573699850505912
TGM6,0.03573268081224601
ABCD4,0.03573049828505877
DHRS3,0.03572583567188318
BCL11B,0.035673575694717304
SPINT1,0.03567135418909808
IFT52,0.03564489362081292
ILDR1,0.03562362585791282
MAPK8,0.035622682640406765
RNASE4,0.03560882128330888
COPS7A,0.035551658283898765
PSMB11,0.03553674280711829
LOC144776,0.035514476024355826
S100A5,0.03550841261985636
FAT1,0.03547618427829715
LOC644936,0.035467471484994496
PAIP1,0.03544166794075031
GAGE2D,0.03541399061635723
OR4M1,0.035353781773570764
ZNF558,0.03532537917569534
PPIEL,0.03528941318698613
MBLAC2,0.03528026089598104
LRRC41,0.03522448062607865
LHX4,0.03520271511130533
APOBEC3G,0.03518926359785203
LCE3C,0.035139989632891874
ATP2B1,0.03513745857429945
ZNF37B,0.035102243173988364
LOC100128292,0.03507908093508777
CFDP1,0.035000779392892215
FAM43A,0.03499179957439395
DCTN5,0.03498749606689714
CD63,0.03498007665630868
AIDA,0.03496842357804552
IER5L,0.03495484625884993
TCP10L2,0.03492629918240889
ANKLE1,0.034888822066183316
CAND1,0.03486520470190692
HES7,0.03477790682875603
C11orf84,0.034759242802705585
PLBD1,0.03475506449556855
CYB5D1,0.03473145743141592
LOC284551,0.03470369277402742
C3orf27,0.03468206938105443
ALDH3B1,0.03467814002760822
EBI3,0.03466395473460989
C4orf26,0.03466236883445124
HMHB1,0.03466041806753457
ZNF324,0.03463262917359493
PCBP4,0.03460116200331092
TBR1,0.03456308903725889
NPY5R,0.03455876340270689
BTBD16,0.03454104787928505
OR4M2,0.034536513703586805
CDKL1,0.03449897014942218
LTB4R,0.03445795022287288
OR4X2,0.03444458178249378
MMP7,0.03443372807210982
DHRS2,0.03442535375271917
C3orf62,0.03440069417452803
CD2AP,0.03435924717663079
BCAP29,0.03433984366906767
KRT82,0.03429955955922414
CYP2A7,0.03428094418393704
CIZ1,0.034210929591167796
OR4E2,0.03417166856981938
CA10,0.03416369745127493
CRYGD,0.03412505569762442
ATXN8OS,0.034112776305020034
RFESD,0.034108505771150086
ANKRD20A3,0.034105608310267266
CDV3,0.03407452470368264
DCUN1D4,0.03403723103077204
AGT,0.034004965964643336
SPATA16,0.03400428171721949
C20orf144,0.033966690671006605
SRY,0.03396244982506624
PRAMEF4,0.03393740498072445
CD52,0.03393342933209704
UPP2,0.033825937875728
KRTAP9-8,0.03381930449411253
DAND5,0.03381634170667325
ZNF204P,0.03381040368226939
KRTAP5-5,0.03380518531002334
SLC45A4,0.033803275540985646
C14orf105,0.03379693801123278
TRIM48,0.033789122713844065
FAM18B2,0.03372997095385698
CD79B,0.03369963041525023
SNX24,0.03369528235761739
PAGE2B,0.0336689703198789
CELA3B,0.0336476676484535
GRHL2,0.03360736220656678
C8orf47,0.03360632766117024
KLHL13,0.033602410602252275
SMC1B,0.0335872279540875
C1orf158,0.033565040287351695
BTN3A2,0.03354641715005662
OR5AN1,0.03349800673319442
NHLRC3,0.03348617661147206
PVRL1,0.03346457748687244
MPV17L,0.03345510785868597
SUPT16H,0.03342748999557769
CDHR2,0.033402595173167765
RAB18,0.03337886157073242
PDIA2,0.033369355688366326
MST1P9,0.03336239755082347
KLK3,0.033361703695125464
PAPOLA,0.03332300121374536
NECAP2,0.03331996871435322
HERC6,0.03328653495291201
PNPLA2,0.03327837404746889
LOC100129055,0.03324955232205013
KRTAP4-7,0.033225891374684895
KGFLP1,0.033195488814590356
ALS2CR4,0.03319131975859122
GPR61,0.03318550029528317
B3GAT2,0.0330693877279186
ATAD1,0.03305551151508663
C10orf76,0.03302905780336772
FBXO48,0.033024480697516505
LOC723809,0.03300762919278684
ESCO1,0.03300502966448016
GTDC1,0.03300035663407798
LOC400027,0.03299645553900968
OR10H2,0.03298697899197165
GRINA,0.03297523179605452
FAM120AOS,0.032972471513692966
FAM184B,0.0329635335488077
AKTIP,0.032957159334333526
SEPT12,0.032943029574216465
MALAT1,0.03294263349358345
C12orf71,0.032923900220549286
LOC440173,0.03290501214169659
ZDHHC4,0.03288297871407483
ZNF219,0.03285924746289492
C2orf57,0.032858425174668436
DNAJC17,0.032836042689061824
KIAA1012,0.03280900911016694
HPYR1,0.0327976614372487
CRYGC,0.03277105065892573
LYZ,0.03272493767959646
LOC642587,0.032723463810547596
LOC400891,0.032699185068122694
MSTO2P,0.03269105483570577
LASP1,0.03268040346141685
FAM54B,0.03267473327522086
ARID3A,0.03266491570414577
LOC253724,0.03266198656819377
AACSL,0.03264055366702253
C8orf83,0.03263845568006595
NUPL1,0.0325937122174891
PRSS1,0.032575128412189645
SLC25A27,0.032515425068058046
DMRT1,0.032467759404201685
SNORA1,0.03245231588870158
FAM105B,0.03240153585828432
NUP98,0.032377877735188264
LYPD4,0.03235788377073454
ZNF320,0.03229931459993171
LCTL,0.03227892300417822
OR4N2,0.032244111542005134
CCDC122,0.0322382375653321
GTSF1,0.032189608105504294
LOC254312,0.03217932926701491
ELMOD3,0.032174208136386495
WDR27,0.032163107874309184
P2RY1,0.032153591234119115
NUP210L,0.0321359966263728
MLLT6,0.03211490096996462
SLC47A2,0.03210263927498596
ACPL2,0.032096886159059666
SLC2A13,0.03209008562860897
FAM41AY1,0.03206590502742075
PADI6,0.03206583336168454
PANK2,0.03196489631620072
WDR88,0.03195145167642736
MSX2,0.031904484790275967
OR7E91P,0.03184637736631421
GH2,0.03182895473514091
UBE2D4,0.031824943402392385
SIM2,0.031815926552146295
GCNT1,0.03181514073218328
C8orf51,0.03181341506747791
TSSK6,0.03180314869195056
PIPOX,0.031802678270483706
MST1,0.031725054629375644
ZC3H14,0.031715777954053684
SSTR5,0.031714137442453924
SLC14A2,0.0316536026813432
RAB3D,0.03162061646659726
RXRB,0.031607068278420046
DPP4,0.031581326516639856
ZNF579,0.03153657796369116
GGPS1,0.03152603859039953
HBA1,0.031519474909653594
LOC284232,0.031509468684962495
SCYL1,0.03150055705231078
LOC282997,0.03146398059502369
DKFZP586I1420,0.031431369599910955
FAM175A,0.03140746225890983
FRMD8,0.03140553288844546
USP30,0.03131495518939026
CLNK,0.03127500932329506
FRG2B,0.031254883637097976
NPHS1,0.031229304746213257
ZNF614,0.0312048058130504
DIAPH1,0.031182242406470346
KRTDAP,0.031172728312382502
EGFL8,0.03116620827792615
PRDM13,0.031164007486803043
FKTN,0.03115727254440242
DPPA2,0.031120123796914652
OR2B6,0.03109518514510121
NLRP7,0.031081230897275783
MATR3,0.031079462477890812
C9orf93,0.031078744837468156
DSG4,0.031050057350650747
C4orf51,0.03104235538813469
MAGEB18,0.030987478176153292
GAGE2E,0.030946145121708242
BTBD10,0.030924341593828262
USP7,0.030922008409770572
HOXA3,0.030919082276375628
CCDC155,0.03091310595661969
TMEM59,0.030878337154182568
SLC9A1,0.030837735910003748
LOC100128573,0.030785858614463642
SERPINC1,0.030768484017276245
YY1,0.030745746509731445
MED17,0.030740935236186012
CD48,0.030714391077285616
BRD8,0.03069561435804732
OR8D1,0.03068462059311766
MGC15885,0.03064843445055603
PDE8A,0.030644089340188804
FFAR1,0.030602867051734463
RHCE,0.030594320001884494
DPF3,0.0305870885739395
FBP2,0.030576683253952536
C1orf83,0.03053937607463801
OR2AT4,0.030498353255970452
KRTAP5-10,0.03045134209343385
LOC653544,0.03044942819253395
GALNT1,0.030411930338352034
SNAR-E,0.030409911129345962
SMPD3,0.030371641908127713
ARMS2,0.030347136659903157
OR10G9,0.030329884699497284
MAGEA9B,0.030302704564787234
SAFB2,0.030288765973667493
CPSF7,0.030272110274828956
PTPRO,0.030253950179246914
C5orf45,0.030236348898526326
LENG8,0.03023367044420655
TAC4,0.030232598949835193
FTSJD1,0.030215054439644364
FNBP4,0.030208965009893753
PCBP1,0.030196700038523656
PON1,0.03014202688999627
C7orf29,0.030127544318815085
IL22RA1,0.030107137936238017
CRNKL1,0.030090868221767594
SPRR2B,0.029969523317815057
CCDC28B,0.029961427552891655
LOC729668,0.029926327846368974
RABL2B,0.02990438312889835
NPPC,0.02988024022687204
ZNF322B,0.02985455544503071
GNRHR2,0.02984936230315941
LOC29034,0.029843336031462983
FTMT,0.029841385374170734
SPATA17,0.029824300794946974
UGT3A2,0.029823307810237256
SLC17A3,0.029715583876342426
PDP2,0.029642157482431875
TUBA3E,0.029603100770045444
KIF21A,0.02959637695730062
C12orf57,0.02956787632138216
CES2,0.029564992993799732
NAPSA,0.02955345819661213
OR6M1,0.029518896304043925
PDCD4,0.029514782897719517
NFYC,0.02951380090232232
SYVN1,0.029507841478989986
LEO1,0.02948536931349492
PPM1H,0.029480732404905646
OR1D2,0.029425737727328913
PDZK1P1,0.02941054420832341
ZSWIM3,0.02940178846748597
PDE9A,0.029329500966793254
FOXD4L1,0.02930912136493882
PRSS48,0.02928834502938765
HS6ST1,0.02928247360412616
C9orf153,0.02927623129744137
TTC29,0.029274247721429728
KRTAP10-11,0.029265322478902702
HOXA11,0.02926314540626658
CNNM3,0.02925671633986255
DDX23,0.029249242857958414
FAM92A3,0.029247744283982777
TLE6,0.029148639120757738
PDCD11,0.029143772937994323
BATF,0.029130050264274204
C14orf93,0.029097424152634895
MTNR1B,0.029097151473578737
UGT1A5,0.0290843050450802
SPEF1,0.029061154907592344
LGALS7B,0.0290604011154664
CREB3,0.029052760981717166
RNF43,0.029019349960664655
ZNF560,0.029005836750416722
CYLC2,0.02897378575725371
APOBEC3F,0.028942196632297787
NOX3,0.028935461577775178
PKD1L3,0.028929265127206765
HIST1H3D,0.02892361409916328
CXADR,0.028910143678369245
LRRC23,0.028887979856691504
DCDC1,0.028869074373166517
CDAN1,0.028820874319885215
POMZP3,0.02879130041374849
TMEM63C,0.02872131725463521
BBS12,0.02864753674423925
LOC285692,0.028574711462484612
ZDHHC21,0.028532976105844012
CHN2,0.028489745311142754
USP17L2,0.02846917657798636
PTPRR,0.028430673430029182
KIAA0664P3,0.02842402506701515
HIST1H2BJ,0.028399180165827462
CARD10,0.02837958198306746
C10orf82,0.0283468586030777
EFNA1,0.028345790792918418
DSCR8,0.02829245798595449
LOC100130148,0.02828531712784581
IL1F6,0.028277573329732422
ANKRD20A4,0.02827483500349263
SLCO4C1,0.028237833716827507
HDAC11,0.028184823122900313
CHGA,0.028177178694244062
FAM83D,0.028144495810822793
AMY1A,0.028144353689694313
CCL19,0.028125333850409637
TTC36,0.028100933255730234
SELV,0.028046955275847305
LOC100132832,0.028034898356298365
MAGEB3,0.028005118799383763
DHX16,0.0279827825732751
ECHDC3,0.027975568341895705
TRIM34,0.02797417895950896
CT47B1,0.02796341997887639
CD69,0.0279437547097538
RIMKLA,0.027905284673821397
FAM82B,0.027888355819294375
GLDC,0.027842479053097918
KRTAP9-4,0.02782549250916293
C17orf59,0.027804588894417608
SSX7,0.02780024564263688
ZBTB44,0.027787824081476523
SATL1,0.02776652725744337
KRTAP19-5,0.027735716557375875
LOC388152,0.027732953391442168
HBE1,0.027723155522997
HPR,0.027686052904376045
CEP192,0.027617070480213203
ARHGEF5,0.02758186922054322
TMEM200A,0.027573310819688297
ERO1L,0.027494911474499752
LAX1,0.027482193794890135
CPNE4,0.02746235092283526
ASCL4,0.027421192684261672
SFRS15,0.02742088783423934
C7orf49,0.027417014557583143
OR9Q2,0.027415929038523048
RNASE11,0.027378641159052385
IRX4,0.027365427868794426
KLK2,0.027350151903286688
ARHGAP11B,0.02733187268550819
LOC441294,0.027321802369668406
OR9G9,0.027292213738604174
CLMN,0.027232965922395293
TNIP1,0.02721663539077104
DCUN1D2,0.02721510423035949
SCNN1A,0.0272109654397432
LOC100130872,0.02720621593934181
TMEM154,0.02719583696911282
PGBD4,0.027174638651446495
WDR54,0.027132433937907003
ADO,0.027131110336596737
HIST3H2BB,0.02711018611626666
ROS1,0.027101431302937448
GLT6D1,0.027072000504748568
FSD1L,0.02705282832756107
C14orf145,0.027033694198146756
DEXI,0.027031046256706937
SCRN3,0.02701623423427811
TTTY4C,0.027004267393987685
SIK1,0.02696508661966494
OSCP1,0.026946118097099715
FTL,0.026939648769890114
PARP1,0.02693265401416596
PRAMEF16,0.026925065589143295
SERPINA11,0.02692267861994998
LOC100302401,0.026904548822689455
LYZL4,0.02687460785930198
HMGB4,0.026871261729445546
SCAI,0.026859515767289087
TAC3,0.026804345905335165
MAGT1,0.02679980439211952
NOMO3,0.02679030842173357
TFAP2E,0.026752109836149687
SMCR7L,0.026736272410919193
POFUT1,0.02669589612373299
FFAR2,0.026679824663325087
PLEKHF2,0.02665363257090551
DAZAP2,0.0266337331564528
OR2L1P,0.026608065624023385
FAM71E2,0.02659435551195481
ADAM20,0.026582078997565678
SMARCA4,0.026550493383133544
TGIF2LX,0.026531818128491487
PAR4,0.026519104616846208
YWHAH,0.02651424339801962
FAM177A1,0.02650633949524847
MMS19,0.02648426404105775
CA8,0.026455341187104135
FAM75A3,0.02645529431789765
PIWIL1,0.026423349409555805
UTS2R,0.026375906144743597
MMP1,0.026370639654250568
ONECUT3,0.02632860586914991
HPCAL1,0.026325702893564416
PVRIG,0.026319984918987727
CBFB,0.02630817517252948
ZNF643,0.026252305294130425
OR2S2,0.026237784407698993
PMS2L4,0.026231090671161156
ZNF446,0.026226735458753446
C8orf44,0.026197529942231793
PIP,0.02617715478945773
PON2,0.02616089155680653
SERPINB13,0.02611030444301182
MAGEB10,0.026092490217920084
CCRL1,0.026063652943011446
CT47A1,0.02602079781228188
C10orf46,0.026013079370476856
STATH,0.02600062600745108
MLLT3,0.02590003671872181
BARHL2,0.02589798683478541
MMD,0.025868992205916912
UTF1,0.025847314896847044
ARFGAP1,0.025832287963079036
ZFP36L2,0.025816568322148396
OR2L2,0.02580837493357318
GAGE1,0.025767887397525082
SMG5,0.025740471918223786
INTU,0.025733447089950158
LOC222699,0.02571834745887667
COQ10B,0.025698735385464546
CYFIP2,0.02566368996249723
CASP14,0.02565729211457694
DUSP16,0.02564249627714027
C1orf105,0.025627888020406067
UGT1A7,0.025586464989586808
NUP155,0.0255630111605401
ZNF565,0.025546527782141303
XRCC1,0.025522036436385336
OR10X1,0.025520279558405388
RBM39,0.025508376105135334
UCMA,0.025478522241053108
KRT40,0.025472745262949664
CPNE1,0.02546843124559361
SLC22A24,0.02545850682398536
LRRC37A3,0.025436995384230714
PHF6,0.025419330380906338
KCNQ1DN,0.025415881306852333
NLRC3,0.025408245659967674
SFTPC,0.025365572805434302
C1orf228,0.02534523625606691
KRTAP4-8,0.025339479165211492
CSNK1A1L,0.025281388332169648
ZNF668,0.025280803198350986
ZNF800,0.025278187174443332
LOC100131434,0.02526783538101285
DDX27,0.02524391184055696
ATAD3C,0.0250846845658923
CSN3,0.02505441478906198
MAP7D2,0.02498715181417878
OR5P2,0.024979507535237706
FABP12,0.024912560239145985
ITK,0.024861727573355686
NVL,0.024850629961653572
ARSD,0.02484931517266289
RPS6KB1,0.024840705235511327
MSH4,0.024839754948977385
LOC100132247,0.024815806220942403
NUCB2,0.02477353526866234
APBB3,0.024751525504328516
OR5B3,0.02475091406774793
TBX20,0.024732866644241836
IFT88,0.02472354230632795
HNRPLL,0.02470696893652848
GPR125,0.024706666839267127
RFPL4A,0.02468666509387345
PRR23C,0.024686606452652263
OR11A1,0.024630972851186567
WFDC10A,0.024629939414032177
PABPC1,0.024608820618571947
BRS3,0.024574616527440772
GZMK,0.02454505552873548
CDKAL1,0.024498634235626062
LETM2,0.02448065457283626
RPL7L1,0.024471786861461793
TBC1D3H,0.02444982962757229
NRN1L,0.02441537385678184
SPANXN5,0.024413729710638106
ST7,0.024381533521218423
SOSTDC1,0.024378079696173192
PPP1CB,0.024366943632875393
FCRLA,0.02435619840884918
PXN,0.02431642620808365
TPPP2,0.024301227450643236
FAM83B,0.0242877784312035
MYOG,0.02428159285873105
DIAPH2,0.024274792766761755
OR6C4,0.02425005451359895
PDCL2,0.024248247428972414
CAP1,0.02422150461556841
AKT1,0.024219170155467516
EIF5A2,0.024199135638250262
CNOT3,0.024196136353140513
FAM170A,0.024166712905238693
SMR3B,0.024125224820142115
LOC254559,0.024065701856612047
CSAG2,0.02406278279204711
C17orf108,0.024057733574438467
WNT4,0.023964424429718748
YKT6,0.023956015550704757
ZNF613,0.023954505356784964
SNORA22,0.02394033337761397
MMP27,0.02393611307554231
SOCS6,0.023934634418174495
EVPL,0.023930500547374577
FKBP1AP1,0.02392397287251953
HBZ,0.023908739073053294
SLC45A2,0.02390037773193436
CHTF8,0.023886052532225144
TBC1D12,0.02383688777917211
SLC22A23,0.02382277432323187
SOX12,0.023778887314878552
RIOK3,0.02377805747271502
GALNT4,0.023722485468349163
BOK,0.02369500650542207
OR2A7,0.023684749201052038
NMS,0.023647231517421503
ZBTB24,0.023642355129267253
IKBKAP,0.023632924832799454
PMS2L3,0.023585015006715258
ZNF681,0.02358097048248363
ZNF502,0.023538442487005592
TMEM99,0.02353745450922735
CKAP4,0.02352694949329222
TSNAX-DISC1,0.023506625629981712
C1orf94,0.023487831199934063
LOC100270804,0.02346898958964931
C3orf30,0.023439308508766663
DCAF8L2,0.023395275410328004
ALX4,0.023369204554436696
OSBP,0.02334344885238947
TEDDM1,0.02330854256621124
STS,0.023291112499148888
NOL9,0.023286953516198226
RNGTT,0.02324087668532598
SMCR5,0.02323412474316273
ATP1B4,0.023229029118751406
FTHL17,0.023164632724440266
DISP2,0.023157348926411456
TXLNG,0.02315541360940816
DDO,0.02310540061471576
ABCC11,0.023100623637864102
LTK,0.02308691858098877
IL28A,0.023076314589086624
SNORA2A,0.02306663399386813
TMEM5,0.023059744329505874
HLTF,0.023042331788483042
CRISP2,0.02299529950826801
ULBP1,0.022987967813944184
ZNF100,0.022943165963630736
FOXH1,0.022910000192454268
GLTPD2,0.022897821461445877
INADL,0.022896422318992773
ZNF80,0.022868314786876235
SLC30A2,0.022859851746633204
HAO1,0.022851525436067187
RNASEN,0.022813696999075737
ZFP57,0.02268334477618354
C4orf41,0.02268187896881589
DTHD1,0.02262357905859417
IRX2,0.022616568860527028
NKX2-8,0.022616403617509745
EGFL6,0.02253440333743343
OR13F1,0.02247146920354992
F8A1,0.02243219525424234
SOX1,0.02241963894235893
DCDC2B,0.02240799230021325
CD160,0.022362082204923268
PPP3R2,0.022342199614054724
FUT5,0.022333284653170533
ARHGEF35,0.022281995015464566
PNOC,0.022264196049739563
LOC349114,0.022257118282369363
ARRB1,0.0222505648013859
FAM100A,0.02223256033171008
C8orf84,0.022207667027694698
TRIM16L,0.022119552128541924
TLR10,0.022110691017562013
CYP2C8,0.022052846506950285
FMO5,0.022042458171923154
PABPC1P2,0.021940441219869558
TBC1D22A,0.021864702978984834
C20orf3,0.021829758096005222
C10orf75,0.021768014509860358
DAZ4,0.02175040668340694
BMP10,0.02173201870943489
IFIT3,0.021661400638082084
ANKRD27,0.02165713521870847
PAPD5,0.02163090365287173
OR5AU1,0.02162449658551397
LSM14B,0.021620934799003226
C14orf64,0.021598840782737154
PRPS1L1,0.021578778207985577
C18orf26,0.02155527970146929
RGS20,0.021536709344276008
C2orf83,0.021513430960330048
S100A2,0.02150391604311013
NHLH2,0.021501957189180815
SQSTM1,0.021496456609207074
AADACL2,0.02147630764065584
GLIPR1L1,0.021435466267775077
OR6C70,0.02143145237200141
POLR2J4,0.021413306670367678
COL2A1,0.02141264907606109
ARPC1B,0.021409774451637092
TECRL,0.02139414902094298
MPPE1,0.02139090001325176
PLAC1L,0.021351275161599875
MAST1,0.021334653944312876
HERC2P2,0.021301565125173307
WDR24,0.021259456277245032
LOC400794,0.0212243749997103
RPA1,0.02119286626197984
NEK8,0.021188590538606847
ATG4C,0.021173726379731216
BRD7P3,0.021168475536817947
TIFAB,0.021156671281403895
CENPB,0.021100400289105717
ITGA3,0.02109854753553057
CRBN,0.021092272541711102
SPHK2,0.02104916932873539
LALBA,0.02104018039918572
LOC100128076,0.020993482973913003
FLJ25363,0.02097563187756373
FAIM3,0.020944937079464467
LOC728743,0.02094298716812371
KCNG4,0.020900467144725526
MOB2,0.02089458674111954
PAX3,0.020893647265648435
C12orf50,0.020893138993587895
ZFP36,0.020869383987897394
SNORD97,0.020846836160442323
GSDMA,0.020821701632300054
SEC22B,0.02081305398266307
FAM90A7,0.020801402472923513
U2AF1L4,0.02080074924167725
PAF1,0.02079161200415427
P2RX4,0.02078325040690539
GOLIM4,0.02076676190005152
PABPC1L2A,0.020749423898300846
OR5L1,0.020740930951018886
RASGEF1A,0.020729636673150257
IQCF6,0.020614009684019986
NCRNA00230B,0.02060955916117775
UPRT,0.020595057380902806
FLVCR1,0.020586302919610788
PRKD2,0.020571961730952187
PRODH2,0.020559922055899106
TMEM30C,0.020555274679497634
PORCN,0.020548910973359664
DBT,0.020548699021467724
SFMBT1,0.020543131341579507
C21orf129,0.020512163711207197
BRMS1L,0.020457735140031685
BAP1,0.02045397749695581
URGCP,0.020449760681532175
KCNV1,0.020439893097356596
FIZ1,0.02041445180712271
PRDM4,0.020391683463760035
ZCCHC16,0.02034484084296932
MEAF6,0.02034303796258713
ZNF141,0.02033832104185184
SLAMF1,0.020331836256008037
ANKRD33,0.020300515845434148
PRKCG,0.02029166188689418
OIT3,0.020259559511853764
PDCD6IP,0.020219858292453582
GAGE4,0.020215324215472914
WRB,0.02021203810558184
HFE2,0.020182553397907078
GAGE12J,0.020173935116749784
ANKRD13C,0.020155617533233562
IL18R1,0.020108884809311514
SH3D20,0.020103857080073166
DGCR14,0.020090590430108923
EP400NL,0.020071945529806675
NIPA1,0.02007030972367501
ERICH1,0.02006288075112463
C2orf24,0.02003706980605275
KIN,0.020008878936034986
SUN3,0.01999752498768949
GLYATL2,0.019926747554792245
C14orf23,0.01985542775188203
MYH8,0.019854474512350184
DNAJC5G,0.019844041665586513
C3orf32,0.019836170922591635
GPR52,0.0198316978037419
ZNF280C,0.019829520317344664
MSRA,0.01979583190569661
CST3,0.019772323967824895
NXF2,0.019733207257737403
C6orf218,0.019701578631132016
TATDN2,0.019696453312689436
KIF21B,0.019686092368629678
C14orf165,0.019677428586962913
GPRIN1,0.019670409571223055
RALGPS1,0.01960079457725315
HIC2,0.019595865414508896
TMPRSS5,0.019575488448205478
RP9P,0.01955572351162215
TSPAN33,0.01953580111055185
OR1K1,0.019518301734036608
IL28B,0.019509869453122566
RAP1GAP,0.019502460100511595
TLX3,0.019487549162112965
C21orf94,0.01943287342520777
ASAH2B,0.01942385288776695
EML6,0.01939791867033592
SH2D7,0.01938461388376019
LCN8,0.019342027146248116
C15orf50,0.01934126637400151
KIAA1919,0.019340530912783864
AHSP,0.019270367237455885
SENP5,0.019264724576217595
PGS1,0.019264667699624465
PDIA5,0.01924359223074825
CNOT2,0.01923011950966266
C10orf122,0.019218474255566394
PRAMEF8,0.019196203537868075
GCLC,0.019193336203146966
CXorf41,0.01918624557090075
SSX4,0.01918538435868626
IMPACT,0.01913298416864833
MX1,0.01912678802797211
KIAA0146,0.019117904185723948
C17orf48,0.01910662856824718
C6orf114,0.019066603646771332
PON3,0.019046174633798235
LRRC28,0.018981372691896998
LOC728276,0.018953634811152854
IFNB1,0.01891720385367745
GRM4,0.018906018932152185
BRF2,0.018905003263483214
NAP1L1,0.018891521581489597
RNPC3,0.018886851766055715
LOC339568,0.018875538456770258
TRYX3,0.018821122065379975
NEUROD2,0.018816348615533364
MTERF,0.01880734050289056
C16orf68,0.018742089468422162
FNBP1L,0.0187188245371333
TRPV6,0.018690763751181266
PIWIL2,0.018667376251063465
VANGL1,0.018662650556235484
KRT39,0.018659629930158697
LOC728875,0.018643309879121685
RNF135,0.018606262876926155
CATSPER2P1,0.01859335594325618
TRPC5,0.01859270618171326
ODF1,0.01855524336742178
TIA1,0.0185518897296894
ZGPAT,0.018527137713184996
TAX1BP1,0.01850178062787324
PAOX,0.018481069407660172
C5orf15,0.018475265459084792
CREB3L3,0.018472822710871115
ACCSL,0.01846743400077938
C5orf38,0.018459942145402634
CSTT,0.018458271557711067
WNT10B,0.018377714971730318
RBM22,0.0183621384444844
SCTR,0.018354192566903387
BPIL1,0.018326806313083355
PROKR2,0.01830522886791705
OR1L4,0.018302724934958804
RNH1,0.01824906881507014
RASAL1,0.018213253232128527
VHLL,0.01813315157986346
OR10H1,0.01812101516245995
ZNF273,0.018080978904292944
CDKL4,0.018069996012930026
SLC23A3,0.018057325521570997
AVP,0.018051633364441367
PIP5K1P1,0.018036646029443812
TTC15,0.018019439523529066
ZNF527,0.01800598103570022
C6orf127,0.017991605064404118
GNPAT,0.01798778953680608
SNORA44,0.017948304460190585
RHOG,0.01790505657533531
OR6W1P,0.017859383386111663
FAM174A,0.017833297540659994
LZTFL1,0.017829912677659553
BTNL9,0.01782376979025116
ACOT6,0.017810130852758232
VAMP7,0.017809891686949932
TAF1C,0.017794187540569207
SCD,0.017785350983428577
SERPINF2,0.017784622853816868
SNORA65,0.017776196295119902
TMEM64,0.01777544554249662
PMS2L11,0.01774341386422049
ZNF816A,0.017739704817241637
DEPDC7,0.01772338507087736
M6PR,0.017713783109981566
C4orf17,0.01771231948938582
ZNF189,0.017619756626607593
C19orf54,0.017609261294285354
C17orf67,0.017548658416687547
OR7E24,0.017534304942160798
ALOXE3,0.01746818013447693
OR2AG2,0.017463093995071538
VN1R2,0.0174476648639654
MARCH10,0.017406770491536154
N6AMT2,0.017371091434754425
ARMC1,0.017370920228361442
SND1,0.0173475814191096
EXT2,0.01731793270844135
DIS3,0.017299266703956522
POM121L10P,0.017286136919896115
WDR16,0.017263442696575156
SSFA2,0.017244652368432405
QRFPR,0.017241690493735088
LOC647859,0.017218368993341802
INTS1,0.017208196828175686
MAGEB6,0.017194475686946892
TMEM207,0.0171908377137696
CDADC1,0.017180613825833264
CENPJ,0.01715565940046989
SNORA16A,0.01711484357434397
BLVRA,0.01710437694975344
GSTM1,0.01710025873980137
POU5F2,0.017097388673425036
MS4A5,0.01709156337397792
WFDC6,0.017076954776087807
FOXN1,0.01706128516794474
CST8,0.017061052168039798
RARS2,0.017048772841684413
AZGP1,0.017047652982351426
LOC728643,0.017037916789519134
CELSR3,0.01703473922484913
STX5,0.017014485456304164
FTHL3,0.017002378283849193
RPS27,0.016995688941830327
MBD3L5,0.016971512186792326
RNF128,0.016970463474406262
MYO1B,0.01695909698782824
ZNF181,0.016934258265418153
LRRC61,0.0168859483905125
SPACA1,0.016870436351509744
TTLL4,0.016868458478065756
LOC150568,0.01685541085878595
DDX11L2,0.016846696667841592
CPLX1,0.016820841218114786
CLEC17A,0.016794872726587445
FLYWCH2,0.01675362442455861
C20orf46,0.016740469902292023
IQCH,0.016735879190783006
CCT8L2,0.016730463648400636
KLC3,0.016726028884668783
FLJ40330,0.016725956116929782
SIX6,0.016701874005613463
CYP4F22,0.016662685075924267
PELP1,0.01663864309310854
BPIL3,0.016623301363731947
POLH,0.016621852874482763
SNX25,0.016592223633567847
SLC46A1,0.016589150143412404
VSIG1,0.016558043472750722
CCDC107,0.016557445139732882
STAT4,0.016544414831666143
CCL4,0.016513793368899195
CDH24,0.01651096210250406
TPRG1L,0.016499405229835083
PSEN2,0.016453788384929034
SLC30A5,0.01644093686702894
PIGO,0.0164276707873103
TAS1R2,0.01642698828434925
SNAR-G1,0.01641345904891476
SNORA70,0.016406873401311833
P2RY10,0.016256115889978634
C6orf146,0.016245036583322124
CYP20A1,0.01624244845784098
HBEGF,0.01621323608212085
ZDHHC11,0.01620467427808112
VNN1,0.016199202538146478
CCDC70,0.016192620229160962
HOXA7,0.016083530963151862
ZNF226,0.016063990468585608
LGALS14,0.016047214733409216
BRF1,0.016047046142021362
ODF3,0.016032632442833546
ANGPTL3,0.01590453232680441
AWAT1,0.0159042052550658
ISY1,0.01590373105085036
C11orf90,0.015901560275853856
HSF2BP,0.015814969493221632
UBQLN4,0.015813099601015367
TRIM71,0.015798089461677736
MRFAP1L1,0.015789363765562982
LRRC43,0.015787176507740527
C1QTNF8,0.01577998172356761
LOC147804,0.01577145657660207
VDR,0.015760585296300252
OR10AD1,0.015732657761312333
OR51L1,0.01568677734324001
SLC22A6,0.015672336867184472
ZNF140,0.015666057005919845
SPRR1B,0.01566213915457412
ZNF691,0.015649124571992648
UBE2DNL,0.015643565431037704
IGLL3,0.015642283593707704
OLIG3,0.01563382355622127
CDC14B,0.015632491938211413
ENPP3,0.015506398562680445
SLC37A3,0.015492681533524469
OR5B12,0.015422665174379176
FNDC8,0.015345984187008974
PRAMEF1,0.015339234734675071
HSPC159,0.01528520437227773
SLC38A8,0.01523267680607813
FAIM2,0.015230832567456581
OR52H1,0.015225152960398692
OR2Z1,0.015218515332994037
LPPR1,0.015128653713193843
MKRN2,0.01511672720014214
OR6A2,0.015083531354401429
CEMP1,0.015075025767465357
NKX2-2,0.015061643042163505
KRTAP10-4,0.015051486721698022
SPRR1A,0.015035078053392228
CYP2B6,0.015025509151110004
MUC17,0.015017391243022652
C20orf43,0.01501048523541953
ARHGAP4,0.015003044490108124
BCAR4,0.014928759643322666
TMC4,0.014912553214931077
TTC26,0.014880073542032485
SVOPL,0.014847562331205903
CCDC88C,0.014816655103448054
SPACA5,0.014804462076029914
AGBL2,0.014774756826235066
TESC,0.0147738252126054
HIST1H4E,0.014772230241433483
CLPTM1,0.014770390407211115
KRTAP26-1,0.014750253322748066
BEGAIN,0.014747528802082884
NR2E3,0.014741408316831696
ASH2L,0.014739957019060359
LOC100132354,0.014727905013372422
VPS35,0.014718985408349969
RAD17,0.014713902446656798
CDC27,0.014704619195928265
CCDC27,0.014699813547953251
DEFB109P1B,0.014649711335515766
DEAF1,0.01462092422960532
FAM154B,0.014590525874372384
PHLPP2,0.014583731308221722
NCRNA00164,0.014565954180940198
RBP3,0.014565794182820503
OPALIN,0.014535529048477536
BMS1,0.014504656554124598
PAX8,0.014452511828126194
GSX2,0.014446639577373917
OR6C3,0.0144240732997747
FANK1,0.014409427044365875
VWA5B1,0.014376778714396481
PTPN7,0.014365141822606795
NRBF2,0.014311955938722396
CFLP1,0.0143111678454834
CDH1,0.014302716736903854
AMY2B,0.01429690508728915
COL28A1,0.01419182262211927
MGC16142,0.014157293996517025
EFCAB7,0.01414690686425296
BCAN,0.01413410947376649
COG1,0.014130660194370578
MADCAM1,0.014096202126953224
C5orf48,0.014087500557026346
PSORS1C1,0.014070672434465548
SEC24B,0.014064912155424653
C16orf92,0.014002542572334643
PRSS12,0.013998071897258288
PRDM5,0.013969970670058923
CRYZ,0.013965836127686055
FOXD4,0.013930384272254414
LOC100128811,0.013890440326964697
TNFAIP8,0.013874848514329699
PFKFB1,0.013843505948771578
CYP11B1,0.013832949265533896
SYS1,0.013824972726438846
GDF2,0.013820731980261862
SLC22A15,0.013818853363328106
HIST1H2BK,0.013779731507480263
MYLK2,0.013751615182239055
GMPR2,0.013725367667642463
THEG,0.013666757732785714
CACNG2,0.013648516318957197
FAM89A,0.01364226958197474
RUFY4,0.013634005891367013
GAB4,0.013609646941321489
PTGDR,0.013580915140747694
CABP7,0.013574024841943833
SYN3,0.013561603896321996
UFSP2,0.013540593761313065
MANEA,0.013534889244212292
UGT2B4,0.01345249840012332
PRDXDD1P,0.013447733598792996
LNX1,0.013412529962963434
IQCF3,0.013406391017547198
TTLL9,0.013391101011177572
STAT6,0.013386563222751158
GGT8P,0.013381140004062696
TNP2,0.01336765476169299
C20orf11,0.013350319036708204
ATP6V1C2,0.013332374730849722
RAB7A,0.013316138421003411
KCNC4,0.013273226369293609
ATG12,0.01325946395189114
MYCL1,0.01325638195675915
IL31,0.013236845163448632
ST7OT3,0.013194642074357991
UPF3B,0.013184988904383868
MYO18B,0.013173146586048812
MGAT2,0.013161711174238117
PPP1R2,0.013134272749648155
ZC3H3,0.013131860195309273
STH,0.013131219027159581
ZNF575,0.013114023090824862
DCDC2,0.013110328572778357
B3GNT7,0.013091264724785489
GUCY1B2,0.013075657724736133
CKM,0.013061242491303662
MLPH,0.013059826547845522
METTL6,0.013052476767361567
MGC87042,0.013044131485795122
MARCH11,0.013030677381966971
CASR,0.013027364416609061
HSPA5,0.013026744237557421
C4orf10,0.013012013570839556
LOC100133920,0.012988736263549882
ODF4,0.012975088774035599
CTBS,0.012928797357937644
CELP,0.012903940997167957
ABCA5,0.01289116032690657
MAGEB16,0.012807976208533781
CST9,0.012779019323895439
ATP2A3,0.012777241399320979
KDELR3,0.012679490895929698
IGBP1,0.012665216550036693
LINS1,0.012639254151877723
CPSF1,0.012625929338073365
MAP2K1,0.012617825333013054
RHOXF1,0.012540740266323588
ANXA2P2,0.012526070242195654
SR140,0.012471183412583329
PDX1,0.012424795070108064
KLHL32,0.012424788277083924
DUSP21,0.012419336196043025
ARF4,0.012373447379789146
NCRNA00119,0.012369853507401905
TAS2R46,0.012331209686787048
C2orf80,0.012326489975534313
C16orf11,0.01231691987975605
ADAD1,0.012311685555024002
OR13H1,0.012249307692575706
GABPB1,0.012233589288342452
WSB2,0.012230502089669429
LY6E,0.012229184305310375
OR2AG1,0.012218352597331493
CLDN17,0.012186575618509117
C1orf170,0.012170571040279401
BLOC1S3,0.012170146297334967
HRK,0.012164779411905522
DOK7,0.012160835230498258
RPL4,0.012150493575096327
KIAA0284,0.012078046673941788
PATL2,0.01204701301644019
PNMA5,0.012034739177581369
PSMF1,0.012029785787668043
FBXO33,0.011995859922149736
DAZ2,0.011989011543448834
C20orf4,0.011983246619459367
CTSH,0.011949409380812398
CELF5,0.011934506084703167
IFIH1,0.011932639366731515
GALR2,0.011925079694508416
C2orf61,0.011878051459051228
RIC8A,0.011850076587701345
OOEP,0.01184800380998978
TSGA14,0.011825910861460271
TBCCD1,0.011799810644591803
TCL6,0.011788202677492862
SART1,0.011748191082073376
LOC201651,0.01167959785959442
IFI6,0.011672999856923195
JAKMIP1,0.01164518325070326
C6orf134,0.011625805875261378
MAGEC2,0.011607523320657634
DYTN,0.011598435828066456
OR52N1,0.01158547216196801
ZRANB3,0.011528715202661813
TSGA13,0.011506759235482044
DLEU2L,0.01143697610439855
HESRG,0.011433935089141267
G6PC2,0.011416786516551414
HUNK,0.011354116993794634
OCA2,0.011351610130393075
LOC100130274,0.01133454872007984
SERPINB12,0.011317230250461247
AGL,0.01130850089952963
HIST1H1C,0.011277425543136488
FARP2,0.011275803843915747
LOC100134368,0.011242146656156112
CHMP1B,0.011241929435269703
MYBBP1A,0.011237527711546402
LIMK2,0.011216180882429868
DHX35,0.011155953447557867
KIR3DP1,0.011137921957123495
ZNF782,0.011126646796996847
LOC389493,0.011113397567385112
OR2F2,0.01109875754540188
GRAMD4,0.011091964831174419
C2orf52,0.011076609031924143
SPSB3,0.011030214777815758
CYP4F2,0.011030142025229334
MRE11A,0.011024420620935511
PLCD3,0.011015494223921018
TOLLIP,0.011007549674874753
RGS13,0.010968535667327329
HNRNPA0,0.010964124648508718
VHL,0.010940347539729398
SEMA3B,0.010938051260811092
C16orf78,0.010902761798406853
EFCAB5,0.010899074108463276
HORMAD2,0.010892589396893882
TAB1,0.010881946333012375
ZNF563,0.010870117891751923
SRP14,0.010794981272888284
HIST1H2BE,0.010754097916109602
MTMR7,0.010703036711401888
MGAT4A,0.010632297658586816
ARGLU1,0.010629138751873926
NFE2L2,0.010574255698566098
GRB7,0.010536061523080032
OR8H1,0.010535895230534333
TAF4,0.010501365663424111
METTL9,0.01044339486526594
HLA-DRA,0.01044089444398751
EFHC2,0.01038811096771617
CUZD1,0.01037195135857928
PRM2,0.010299455669405629
HTR3D,0.010289961960906615
LOC100133893,0.010283129910125956
ROPN1B,0.010257400536089723
WASH3P,0.010246414312686889
ARX,0.010237560538525958
TAF1B,0.010233960012913055
FOXN4,0.010203278722278794
RCOR2,0.01018757090762689
ZNF324B,0.010185074876933261
PRSS22,0.010174671944747773
LMF2,0.010131976939800811
MICAL1,0.010112947267320151
IL2RB,0.010081286357972358
FTSJ3,0.01007905449290802
LOC100128023,0.010071497286937063
TAAR5,0.010067633220288363
OR2M2,0.010067633220288363
C20orf96,0.010024432339576653
ZNF630,0.01001163280022551
ABCA7,0.009986591964236232
EIF2AK2,0.00996430330933456
HIGD1C,0.009958907926272527
MYO6,0.00995507216604558
GOSR2,0.00994900781983742
CYP4F8,0.009945637145243082
TCF7,0.009908542128769706
FRYL,0.009894516340273751
TCF25,0.009885639204944
STK24,0.00988144076093129
FLJ13224,0.00987341622656881
KIAA1797,0.00986633315532651
CPSF2,0.009855474297794542
ADAMTS13,0.009835258383295757
FAM149A,0.009820383534036779
ZNF184,0.009790784968688926
SNORD15A,0.009789538071257424
SPRR2C,0.009770430773967404
OR56B1,0.009757850347982544
TBC1D10A,0.009744947965639038
OR6F1,0.009700481938473277
ZNF735,0.00967596013153287
SFTPB,0.009674109461780357
KDM2B,0.009635741503412152
BTBD18,0.009633754562161024
SLC6A19,0.009604081142075017
FAM163B,0.009597502116202803
SPAG11A,0.009589988644890551
BCL2L13,0.009576157292733919
OR10P1,0.009553914036235385
FAM131C,0.00954955175621309
GPHA2,0.00952532769998626
ALX1,0.009500390254451981
SLC26A8,0.009490366830503407
ACAP1,0.009486111118706016
BANP,0.0094780547370305
PPIG,0.00947435122587422
MNAT1,0.009406956811380575
BTN3A3,0.009393720767645261
C18orf20,0.009389646515989744
EIF4H,0.009357107523441066
LACTB,0.009346501057073861
ZNF233,0.00932844103469508
GMIP,0.009250384475949683
GPR32,0.009209605462542781
PPAPDC1B,0.009199765101751651
TGM1,0.009197989406430232
SLC12A9,0.009159864609755234
KRTAP5-9,0.009137091272784115
ATP11B,0.009066667844306082
PRR11,0.009041515884987328
LCE6A,0.009028569471695416
EPSTI1,0.009021859697021602
PRLR,0.009010348746709666
POTEC,0.009003545892290138
ZNF596,0.00897481514464334
SLC5A2,0.008924547834273731
OR6C75,0.008912527749649079
CPNE3,0.008903055303545935
C15orf24,0.008784382577932282
PNLIP,0.008776800701555886
C20orf70,0.008767611837321707
SLC9A5,0.008698933037389747
ZBTB7B,0.008663761263466772
POTEA,0.008662847189550451
SYCE1L,0.008654471132886
GDPD1,0.008645575367173171
KLRA1,0.008630158009264935
LY6G5C,0.008620207023192392
GPR37L1,0.00858849518453399
SHKBP1,0.008574998169902322
XRN2,0.008566336790552975
OGDHL,0.008521640744048651
HES4,0.008499155081618191
MOSC2,0.008479585350163837
KLRG2,0.008467592226527477
PGLYRP1,0.008439082968981312
FEZF2,0.008433621300621518
MDK,0.008432660963464346
ARHGAP26,0.008398075402482297
SRC,0.008395463332263993
FAM13AOS,0.008391562512053016
FAM84B,0.008371961247695275
VPS13A,0.008317675796533835
CETN4P,0.008290448784922785
TMEM175,0.00825685374848246
LCE2A,0.00825463765238571
BSDC1,0.008245075535903172
PKLR,0.008198051257307225
SNORA54,0.008150210097364172
ARHGAP32,0.008133488903329393
RAB3A,0.008080142946203432
SNORA21,0.008055888629413676
OR3A3,0.00800317230001532
RBBP9,0.007982829999358808
ANXA10,0.007978126097894469
LOC390858,0.007942025124061333
RTBDN,0.007934130782228904
AASDH,0.007933195432895133
LOC100133991,0.00791317940534939
OR51F1,0.007891709593301608
STX8,0.007858392998172602
LGALS7,0.007854339907207379
INSM1,0.007839133975104263
SCARNA4,0.007790390018744614
IFI27L2,0.007752212197786849
DERL1,0.007740939614190585
OR11G2,0.0077263231690585105
OR2H1,0.007702532182732644
C14orf138,0.00767283436657194
C20orf135,0.007611921783088373
HTR3E,0.00760744806147435
C1orf185,0.007600592345440068
OR10G2,0.007562361847185392
ABP1,0.007475266107245687
NRG4,0.007441963366560672
IFNA21,0.007381286676281696
TSR2,0.00732678037671939
TPT1,0.007276092843695113
OR13G1,0.007241216738125407
KIR2DS4,0.007201126507392442
C3orf49,0.007156677922360242
ECD,0.007156297010551696
MAGEA12,0.007138380963533477
C19orf61,0.0071286385589338875
LRFN2,0.007110727676727091
RECQL5,0.007070989659182571
FAM71C,0.007066844305457801
WNT8A,0.0070645851384149375
CTAGE6,0.007047697735314957
OR52I2,0.007047491339785915
BIRC8,0.007017725995866799
UBOX5,0.00700013744843566
FLJ35776,0.006941742678781492
ANP32D,0.006916039170090623
ALMS1P,0.006908114019363997
GTSF1L,0.006903173669682613
POLR3B,0.006888829975458858
ZNF341,0.006883142451766383
MAP2K4,0.0068585353681752245
PIAS2,0.006851201666619464
TMEM107,0.006786581714765237
CDC16,0.006693409617994955
SLC35F5,0.006682926385090894
WFDC11,0.0066043959110663325
FAM134C,0.0065904886052949915
MAGEA4,0.006551480488630061
TRADD,0.006477462393602821
LOC286467,0.006452314176179694
ING1,0.006438975979124519
PIWIL4,0.006413929326399492
CBLN2,0.006402099729303297
DUSP9,0.006386915658369783
PRAMEF20,0.006377478107811325
DPEP1,0.006357747197112602
MAPRE1,0.006356054413989197
C21orf131,0.0063215371383206
HYI,0.006313549024491749
USP54,0.0062866115793398965
OR4D1,0.006263557783524861
IRF9,0.006190935529267053
ZNF664,0.006182949645002746
DDIT4,0.006169644784532701
TPRX1,0.006119804261876497
GPRC6A,0.006118595871235272
RSRC1,0.0061059043077936
SKP1,0.006081785793522656
CNBD1,0.006071213963545029
KCNG3,0.005999996600699568
HLA-DRB1,0.005984331697066688
DCST2,0.0059709789821040206
ADD3,0.005958162521016351
HBM,0.00595389796635791
C3orf74,0.005857363426287163
CCDC83,0.005856907711464761
GUCA1B,0.00585297770938433
UNC93A,0.005826729355505192
MAP1LC3B2,0.005800823979446946
NSF,0.005787199750850449
BARD1,0.00576747807195948
LOC440905,0.005759089421156756
SRCRB4D,0.005758506941180293
WDR45,0.005754211423431547
CYP3A43,0.005733371210359344
RWDD2B,0.005684479771590842
LRP4,0.00564896382457273
RAGE,0.005636034096571422
DBX1,0.005622921280799275
WFDC2,0.005575130670206522
SCARNA6,0.00556764260194014
MMEL1,0.00555325837320474
ANKRD13D,0.005504274866903748
PRG3,0.005436985325270917
SERPINE3,0.005420124140448048
OR10T2,0.00538501311782866
LTA4H,0.005372200801911576
LGALS13,0.0053638569308409444
NOL4,0.005346201299388691
STAG3,0.0053321614329295015
SNORA16B,0.005327548508484978
OR10S1,0.005325943661507715
CT47A6,0.00532428408550008
LOC100130015,0.005171530633653333
PMCH,0.00508221083150479
C21orf84,0.005062927191289212
SCARNA11,0.005047512619104846
POLR3C,0.005018897819502303
CEACAM20,0.00497399358480352
SEMA4B,0.004960392205260818
APOL1,0.004938774872197067
KIAA0090,0.004895956687305825
DDX21,0.004881729892028186
OR2D3,0.00488064533077353
TXNDC5,0.004880001631716419
RGL4,0.00485673023066182
USP3,0.004770345782833799
KLHL25,0.004747380184997842
ZNF277,0.004735247661507352
SLC13A1,0.004705930762342459
NMNAT3,0.004648310632683801
KIAA0528,0.004618965680148688
CTAGE9,0.0045801891483570525
WEE1,0.004563608429628079
GPR55,0.004536446653506537
CALML5,0.004474662744117058
GPR31,0.004460556112592122
SH2B2,0.004458048338172882
POLR3D,0.004440009355685004
PRMT10,0.004422520223120229
LRGUK,0.004399234632969533
NUFIP1,0.004369917137897276
MANSC1,0.004352118302946257
C11orf52,0.004307917056446539
SDR16C5,0.004294681220573067
PROCA1,0.00421026986994886
KRTAP13-2,0.004182592361459356
CDKN2C,0.0041819512364552015
PKDREJ,0.004165765243271158
CCDC53,0.004084086921187904
C9orf130,0.004039034670938141
DENND1C,0.0040253690208748
ANKZF1,0.0040208024121779614
KIAA0406,0.004018401389608595
TXNRD3IT1,0.003999234575335553
PAX5,0.00399610668523619
MAST2,0.003959819839384735
TBX10,0.0039498644309911264
RNF14,0.003947998609496181
MYD88,0.003947817651433624
PITPNM1,0.003889785406054365
RPL7,0.003817621949145625
TAS2R20,0.003809517769446646
ZNF26,0.0037769325547362615
CXorf51,0.0037262240980000198
LOC100133308,0.0037087044664473475
SNORA56,0.0036667039913830697
USP36,0.0036648740357459277
C1orf123,0.0036440793196989177
RAB40AL,0.0036417027674319697
KRTAP10-2,0.003617056251713893
NBPF22P,0.003586429512023117
REEP6,0.0035826223135497293
MTA1,0.003555687649515806
KCNU1,0.0035516458583716667
AGER,0.003533852702596498
PPFIBP2,0.003533443522594858
UBTFL1,0.0035283663455292096
PMS2,0.003525878328623807
PSG10,0.003511965076844778
C6orf132,0.003411936090312968
GOLPH3,0.0033917343957114115
ZNF124,0.0033677590351483557
CYP27B1,0.0033464326496548125
RPL21,0.0033416215973308245
C11orf67,0.0033379056495511108
TMEM209,0.0033221615963465482
MGC34034,0.003274125412353117
SPPL3,0.003259287747662304
C22orf39,0.0032551356492573212
UFM1,0.00324136259720731
SS18L1,0.003209861288727268
RNF139,0.0031930299854888407
SYCP3,0.0031832224559048537
LOC442308,0.003174840753486625
TRPM5,0.0030900172127518552
C1orf115,0.0030608242596865103
C7orf45,0.003047278044583619
DBNDD1,0.0030421218682496957
GEMIN5,0.0030256205105628218
LMOD3,0.0030161165905962877
GIPR,0.0029365131435929986
FRMPD2,0.002924356227491996
ZNF354B,0.002910361234813807
RRP15,0.0028851077593654564
CTLA4,0.0028771183852983715
UTP14A,0.0028720230784755295
OR4C12,0.0026949551547453513
DUSP14,0.0026652066748943885
LONRF1,0.00265263272075736
LYRM5,0.0026451968807903706
ASB15,0.0026321427463280684
LOC100133331,0.0025943499899095715
CLEC2A,0.002557147990632099
KRTAP7-1,0.0024693573863808133
TAF13,0.0024535143876409657
HLA-DQB1,0.0024391945442381966
GAGE10,0.0024124770601770197
TMPRSS11B,0.0024012637181255302
C11orf46,0.002345593857015894
VWA5A,0.0023403448364845434
ZP4,0.0023379993897695455
MOS,0.0023097646494854595
MAPK1IP1L,0.0022967209784277346
SEC31B,0.0022796503807116708
SMC5,0.0022611238269129425
ERCC8,0.0022133906746156754
NHLH1,0.0021891290498437022
CCDC153,0.002184410642959496
CATSPER4,0.0021472565168252173
SMARCE1,0.0021387542873263225
TTTY13,0.0021371322508250594
CPN1,0.0021165566475378917
DNAJC21,0.0021090508449179046
FAM74A4,0.002107179046106867
SP5,0.00208720031622953
SGSH,0.002067086039623783
WDR52,0.0020235617113616507
JUNB,0.002014084706077555
UPK3A,0.0019757717572276025
NCEH1,0.0019483511978043305
VSTM2B,0.0019304682745646632
FAM183A,0.0019291008823635006
C2orf14,0.0019132167951052606
CCDC154,0.0019109840169076438
AP4M1,0.0019097375896032721
TRIM55,0.0019006388844522264
PPP2R4,0.0018919423334990153
CRCP,0.0018578586174255705
NBPF7,0.0018568301648619315
FLJ45244,0.0018186477328457785
LOC84931,0.0017997042208038104
LTA,0.0017486668629465702
GRAP2,0.001742213904131938
ACVRL1,0.001728670846410264
RAB4A,0.001681987014917137
FAM110A,0.0016677499241156148
PLA2G2D,0.00165082873371459
PDZD9,0.0016475315376438817
OR1A1,0.0016389170358608962
PABPN1L,0.001623714072031688
ACACA,0.001611375595164725
AQP10,0.0015885864598051379
PLIN3,0.0015856879779437981
GAGE12D,0.0015733462048370685
FBXL12,0.0015090895830213466
KRI1,0.0014873324154179384
OR56A5,0.001460946409604653
KRT15,0.0014186582537126366
TAF7,0.0014144548441302996
SLC39A14,0.0013979099805381868
GRM8,0.0013133586043621304
GJA3,0.0013025352418291208
UBP1,0.0012664449385466272
SCNN1B,0.001218446001865558
EIF2A,0.0012177485559577252
TLX1NB,0.0012028927859791022
KIR2DL3,0.0011909943857942261
IGHMBP2,0.0011614791746825306
METTL13,0.0011514960373338909
SLC24A5,0.0011509486076763979
PAX2,0.0011461065313492758
OR6C1,0.0011010876182141105
TOR1A,0.0010580425917226606
MAGEA1,0.0010415770654506667
LOC338799,0.0010175767632979223
HTN1,0.000993905356576764
IQCF5,0.0009317097013500643
CAT,0.0009222607160396212
ARR3,0.0009096684146187139
SNORD1C,0.0008838458392658965
PRAMEF14,0.0008517142548348199
GUCA2A,0.000839889835673579
LPAR3,0.0008389737670540127
CACNG8,0.0008257993351808266
SCARNA23,0.000815492398491827
CHRNA4,0.0008151749229193228
EPGN,0.0007790111403713514
MYST1,0.0007788752584246167
AP3B1,0.0007502707731040388
OTUD6A,0.0007467960279667002
SCARNA20,0.0007346400749098899
RBM19,0.0007262804958338837
OR10Z1,0.0007023930153689555
CRYBA4,0.000676440109004325
BET1L,0.0006582236047839527
OR10H5,0.0006274123598224649
FRG2C,0.0006264126260131881
TRAFD1,0.0005928785791461392
BOLL,0.0005765856111220895
SLC1A1,0.000539951873427239
SPTLC3,0.0005390769264416038
NT5M,0.0005386396887571206
KRT72,0.0005345982815231285
SIDT1,0.0005010246840498043
RGR,0.00047439159719071534
ASCC3,0.00046364784940123677
LECT2,0.0004432034612045769
USP2,0.00044186829481843246
CHD1,0.00041246616678325377
SCAMP2,0.00039705418858818845
C20orf54,0.0002781774239460027
OR10H4,0.00023413100512298518
LY75,0.00018632949487977396
CXorf66,0.00016490139448689927
GPR111,0.00014715333754672448
CD300LD,0.00014343184197358869
HIST1H1A,8.120405653968449e-05
XPO5,7.09693872511305e-05
IL13,6.354964388754719e-05
CCNL1,5.915778345065065e-05
BLOC1S2,2.3181424112556866e-05
C11orf92,2.5149630735085775e-06
UBXN2A,-2.7992715114772326e-05
ARFRP1,-7.249723392814252e-05
LOC728613,-7.927603593144135e-05
LOC100272217,-0.00010114532040249977
PDCD7,-0.00013077844447649385
SYK,-0.00013865604142236076
TARBP1,-0.0001658798853677038
OR2W3,-0.0002675065301828256
TMEM87B,-0.0002826749717047416
C18orf54,-0.00028659675754250726
MFSD11,-0.00029031480293966106
CCDC123,-0.00032104122329092795
NAT15,-0.0003272988461899722
POLR3E,-0.0003440081565097349
IRAK1,-0.0003581200721024414
SH3BP2,-0.00036949889969227007
C12orf49,-0.0003722160407988263
LOC91316,-0.00040217561920233394
ANKRD43,-0.0004119074831959099
SNORA46,-0.00041412102216635706
C6orf118,-0.00042154891935054886
OBFC1,-0.0004330116490531344
DEF8,-0.00045291729533508874
C2orf53,-0.0004854508738867032
AASDHPPT,-0.0004892165957310586
DYNLT3,-0.000508244012027571
ADCY3,-0.0005121898786955378
SH3GL1,-0.0005298165916346615
OR10A6,-0.000534996391227902
RAB27B,-0.0005355793110928972
PPY,-0.0005358901806556455
C19orf66,-0.0005489187776268617
GALP,-0.0005719425832738222
WDR41,-0.0005840191220626491
SSX3,-0.0005961943373729941
PYCR2,-0.000685420859973586
DGKD,-0.000687263917452014
LCE1A,-0.0007145727094432301
KPNA3,-0.0007434726355699837
C12orf12,-0.0007813824301600286
PLCB4,-0.0007831427270716444
GALNTL5,-0.0007859493198679248
C16orf7,-0.0008433884138260941
QPRT,-0.0008541119679946587
C14orf101,-0.0008748804980620094
HYAL1,-0.000886579253466232
NEURL,-0.0008885473884926392
KRTAP4-1,-0.000959227999602416
VPS52,-0.0009873682727376946
EOMES,-0.0010168416383215357
SF3B3,-0.0010603923940692333
IGF2BP3,-0.0010826369300351488
RNF133,-0.0010878493569376952
UCN3,-0.001091566401920307
AGBL5,-0.0010967464301028225
LHX3,-0.0011109415717956
YTHDF1,-0.0011525561743003525
CFHR5,-0.0011561843109481685
IFNA17,-0.001170655025614926
CXCL6,-0.0011766744867427689
JPH1,-0.0011826909203634596
ZNF574,-0.001215495977258115
TPD52L3,-0.0012486628317743417
TRPV1,-0.0012830700255116259
RABL3,-0.0012923675032288392
STXBP3,-0.0013046383609447447
CYP1A1,-0.0013164288929846332
C9orf11,-0.001326583327004117
LOC100132287,-0.0013616900483804564
NR2E1,-0.0013703554791109397
NAA25,-0.0013838894751763962
LOC100129726,-0.0013941650747226096
TFR2,-0.0014033497786455976
CTDP1,-0.001426532821602826
CHRNG,-0.0014350907745275825
WDR72,-0.0014527760312765393
PCSK4,-0.0014746434533343662
KLKB1,-0.0014757544047728308
FAM55B,-0.0014760775440540734
MTIF3,-0.001497630728948143
ADAM30,-0.0014996828902172092
NRD1,-0.0015208572549546846
C6orf222,-0.0015358787777685612
ABLIM2,-0.0015420011614772418
PTH,-0.0015895877799822753
IL1F10,-0.00160751602711459
GORASP1,-0.00169154565498596
TTBK1,-0.0017316063705314973
AANAT,-0.0017450147303381268
LCE3D,-0.001761552679773573
HOXA13,-0.001783985149460341
ANKRD28,-0.0017926899619311184
C7orf63,-0.0018038867707622292
TRPC4AP,-0.001815343553533184
DDX18,-0.0018212717355292679
PRDM14,-0.0018299249505126626
CDC40,-0.001886777495050858
CAPZB,-0.001906669639869876
NSFL1C,-0.001918424320967112
NCRNA00051,-0.0019199232027112129
TXNDC16,-0.0019303995502824949
ID3,-0.0019513085906966987
tAKR,-0.001973038321438379
LIN28B,-0.0019757533204874033
TMEM132D,-0.001987082333791976
OR2K2,-0.001988798325689651
MTVR2,-0.002054791890885453
KRTAP10-6,-0.002088228582214688
SYBU,-0.0020981412456615987
LONRF3,-0.002115850756527968
LRRC24,-0.002200643730335913
APLN,-0.002224648857849218
ISG15,-0.0022503506331790074
KCP,-0.0022905847540968627
FLJ36777,-0.0022963304049779653
NUDT13,-0.0023216412402771837
HSD17B2,-0.002329622503291388
PEPD,-0.0023714682432567067
LCE2C,-0.002403385386865118
C10orf113,-0.0024082292356041196
IL27RA,-0.002413382017949808
LOC340017,-0.0024190872957437844
DYDC1,-0.00243395271556561
NFKBIA,-0.002485868615990236
KRTAP5-6,-0.0024884934495497625
MTRR,-0.00249933517271047
NUBPL,-0.0025148567521828522
CNOT8,-0.0025202588807337087
ZNF774,-0.002521197600026254
ELK1,-0.002559299086103941
OR11H1,-0.002575441056352837
RBM6,-0.002604908474168887
FAM95B1,-0.0026471684433663945
ZNF658,-0.0026661921035033907
OR5A1,-0.0026722504782477736
NPFF,-0.002673848248596506
R3HDML,-0.002709175736389423
LOC339047,-0.0027151945594970266
SNORA32,-0.002729797905299274
RABL5,-0.002737266484098439
OR6B1,-0.002742249115726584
EIF3CL,-0.0027581858496915673
IL3,-0.00277305907679591
CCDC15,-0.0027903012810331657
HSPB3,-0.0028073669175589628
SLC25A40,-0.0028421311609920074
SPEF2,-0.00284770533537954
C17orf88,-0.0028484628805660796
EGR4,-0.0029035204518302353
LOC731789,-0.002921023382164969
SCGB1C1,-0.0029365067279688477
LRRC10B,-0.002940647427931724
ST3GAL4,-0.002974439144857414
LRRIQ3,-0.002974785074466286
CCDC163P,-0.002979687117547919
AKNA,-0.002998003190728453
GPRC5A,-0.0030187735967938615
PCP2,-0.003056455982729756
LOC100128554,-0.0030619242386407115
CWC25,-0.003113643164268719
CNTNAP2,-0.0031247872874080552
PFKM,-0.003157345805530699
MYCN,-0.003162949468422799
C8orf77,-0.0031936771599954707
ZNF839,-0.0032241868908755907
TRIM16,-0.0032966041032329646
TARM1,-0.003300098558441764
IL2RG,-0.003302619652386761
YIPF4,-0.0033393461392966692
CHIA,-0.0033455458078436528
IL29,-0.003360200454729181
LRIG3,-0.003369292094937405
RHOT1,-0.003376732268822331
PSG7,-0.003426318063111966
PITPNC1,-0.003428664216767925
FLJ46361,-0.0034352714149909138
LAPTM4B,-0.0034564848679288288
C7orf13,-0.003494596245871646
SNAR-C3,-0.003511965076844778
PLAGL2,-0.003537065128511517
LOC283914,-0.0035794825215754826
CCDC79,-0.003603933282117292
DEM1,-0.00360744767200977
LOC96610,-0.00362396789716974
PRAME,-0.003635977672002326
PAR1,-0.003669353853090419
PLG,-0.0036799663244791777
CXorf50B,-0.0036964127996773153
METRNL,-0.0037363691414792695
TREH,-0.003776834358959801
ARID3C,-0.0037904662659368022
AKR1B15,-0.0038642953500692273
FLJ44606,-0.0039020235083710624
HNRNPU,-0.003913152597115791
INVS,-0.003926632871329043
OR1N2,-0.003939672634713946
RNF113A,-0.003948715035625724
KLK12,-0.003979911488150826
THTPA,-0.004002077362460788
C1orf100,-0.004005332399667682
C1orf161,-0.004006555963795647
AXIN2,-0.004008476433404925
C22orf24,-0.004029341702378355
SPHAR,-0.0040545638446284876
NRG1,-0.004085848302626411
GAS8,-0.0040950278270802404
TAS2R31,-0.004126728142177958
SH3D19,-0.004133019682643603
TMEM156,-0.004204364020509789
SPNS2,-0.004210761356228703
HLA-DRB5,-0.004217270108186802
NBEAL2,-0.0042220788792406636
ENPP4,-0.004239361316231383
TRIM24,-0.004280849957249979
PI4KAP2,-0.004285936571072329
PMCHL2,-0.0043433460497824
MORC1,-0.0043713685001625785
USP48,-0.004382339795604833
EIF3J,-0.004404447427142676
TMEM63B,-0.004434331340353588
LINGO4,-0.004437051238658782
CDK11A,-0.004467143130658689
CDK11B,-0.004482337137567806
RBMY1A1,-0.004501102971530748
DNAI2,-0.004516121644269029
CKMT2,-0.004536428366318353
SPATA20,-0.004552560621464214
MDP1,-0.004597142100167766
LOC91948,-0.004651599282247415
GALNT6,-0.004653769867567613
PLA2G2E,-0.0046667891036367625
JOSD1,-0.004678493938051487
SNORA12,-0.004740132070059089
GOLGA7,-0.004758536036265662
FETUB,-0.004772986591346142
GMEB2,-0.004773414267308322
PRCC,-0.004785833881161705
PDE6C,-0.004805444073286891
IL1RL2,-0.004808523448228391
ANXA2P1,-0.004833108234787799
AQP5,-0.004841228841251717
MTMR4,-0.004894424872582007
NOM1,-0.004917752787993009
ZNF562,-0.004930103559859334
FBXO8,-0.004966517286637051
C11orf61,-0.004990787021602634
WFIKKN1,-0.00499602936493243
VPS4B,-0.005021309676813491
C3orf66,-0.005030493521852873
BECN1,-0.005031712993410535
MT1F,-0.0050411888077376505
PEX2,-0.005098875596104932
C17orf80,-0.00510943453749743
CCDC108,-0.005136212077492676
KCNK7,-0.005203680990052886
ZMYND10,-0.005267781537455192
POR,-0.0052760889748389005
HES2,-0.005292137226634465
TJP2,-0.005320800297517661
FMR1,-0.005334233198817452
DNAH6,-0.0053634338792237215
CYBASC3,-0.005366912626699059
SPAM1,-0.00539861755133983
OAT,-0.005399300509875447
PLUNC,-0.005401740819873026
SPDYE4,-0.005425429618776194
CACNG3,-0.0054544047008690455
TGM4,-0.005458875045187718
SPAG4,-0.0054697166462193934
KLF5,-0.005470312545381656
DSC2,-0.005483280451849286
WASH2P,-0.00552461509401654
CRTAM,-0.005577937940817796
ZBTB7C,-0.005580265675233184
KRTAP3-3,-0.005601198854994792
ALOX12P2,-0.00560231264558911
ADAM2,-0.005628233144869811
PLAC1,-0.005682678402834499
WNK4,-0.00568363918258469
PEX11B,-0.005740699178950651
ZFAND6,-0.005755173211233363
LOC494141,-0.005766288583958601
PRKCI,-0.005780094308510584
ARL5B,-0.005822584540196511
OR5M11,-0.005871320197806504
PPY2,-0.0058725138739212845
MRGPRX1,-0.0058841005524849135
SLC4A4,-0.005888840709730627
AMELY,-0.005951854821929138
GH1,-0.005992038273527926
FAM53A,-0.006002014048038513
GAGE2A,-0.006041911891388753
C10orf96,-0.006055981900177607
ZBTB5,-0.006101096400819042
REV1,-0.006168237165201829
SAMD3,-0.006245528081286496
PROP1,-0.006276960957851076
SMR3A,-0.00628844869487659
SLC16A3,-0.006302395925283255
FAM8A1,-0.006309675340786613
ELMOD2,-0.0063906455400823655
ZBTB7A,-0.006397354549965464
VSX2,-0.006449855077360722
DR1,-0.0065071202810426864
C7orf72,-0.006511265827720383
NCRNA00203,-0.006586573912514016
UBE2U,-0.006601163824492077
KIAA0195,-0.006627239311578405
AQP12A,-0.006632093093271048
SLC6A9,-0.006648142319388708
PRY2,-0.006653970011334864
TMEM57,-0.006678123636808884
RAET1K,-0.006706488401058166
FKSG73,-0.006712969995673031
SLC39A9,-0.006724373908379391
SKINTL,-0.00672691322913547
LIN28A,-0.006733514693886343
LOC146481,-0.006749906763574005
NUDT4,-0.0067658500752850875
DBR1,-0.006783310595676034
TMX1,-0.006809539460745253
WWP2,-0.006858324765604003
TNNC2,-0.006870994097931608
DARS,-0.006927939015061952
HBB,-0.006940205000120674
ADSS,-0.006941632790348205
TRIM74,-0.006943941199568201
GRAMD1C,-0.006992910645974329
GPCPD1,-0.007003797573946362
CLRN2,-0.00702047186288114
ADPRHL1,-0.0070282344763446785
RPS28,-0.00707612700223355
MAFA,-0.007132586627513631
CIB4,-0.007147658733008383
LYZL1,-0.007148444648006443
CLDND1,-0.007184249522376223
CXorf27,-0.007221390451663026
UGT2B11,-0.007268135759846589
SP140,-0.007284646808626389
LIPF,-0.007376967469310282
FAM47C,-0.007396713442775325
POTEF,-0.007402849694194208
OTOS,-0.007423937118176673
PITPNB,-0.0074484460528376475
RABAC1,-0.007453375537161446
FBXO34,-0.0074699371497362445
KRT12,-0.007508586149383912
ZNF263,-0.00750938084875787
OR52N5,-0.007511033397309278
FABP9,-0.0075535834402003284
OR2T35,-0.00755557570118125
OTUD3,-0.007562064846000448
CPXCR1,-0.007599730770827898
TAS2R14,-0.007600113632667317
ACAP3,-0.007603517085944386
DHTKD1,-0.00762933912385736
MUC20,-0.007633437955743313
C1orf104,-0.007645057882216446
EXD1,-0.007701353846738094
EHHADH,-0.007712196106078493
OR6C65,-0.0077263231690585105
OR8G5,-0.007739010586425439
SNORA50,-0.007770445911172802
LOC84989,-0.00779398885958903
C11orf24,-0.007809777395618564
MRGPRX3,-0.007863427057929504
HIST1H2AE,-0.007879600155756615
FAM27C,-0.007888238078269404
PHRF1,-0.007911688296489874
SYT8,-0.007923337789560073
SNORA45,-0.007930541898650308
RBM12,-0.007942508213068104
CTSC,-0.007977626565012573
INPP5E,-0.008023729919649236
PTH2,-0.008035671128171122
PROZ,-0.008039484565715408
NSMCE1,-0.008050079374646111
TBC1D2,-0.008101486730580745
TBPL2,-0.00811686127433341
LRRC52,-0.008142501920440031
PKNOX1,-0.008179140676446942
OR9I1,-0.008198827534356573
NKX2-4,-0.008208947174353196
SCARNA8,-0.008254920247419605
HYMAI,-0.00826236741205169
CDKL2,-0.008263625091035703
LOC154449,-0.008291864302314687
SHBG,-0.008301805663510029
SCFD2,-0.008315025562736639
LOC152024,-0.008344423811948675
APOL2,-0.008377360318543912
NCRNA00235,-0.008410541950125326
OR3A1,-0.0084373895689418
FBXO44,-0.008447985198893762
ATR,-0.008462326219059697
ZBTB45,-0.008493273138121397
KAAG1,-0.0085187025135502
LOC360030,-0.008533865288234717
TRIM35,-0.00857745449170904
ACOX2,-0.008590131621718409
LOC150776,-0.008689534484238669
UGT1A1,-0.00869679312846969
YOD1,-0.008703643968201016
PRM1,-0.008708364118379584
P2RX2,-0.008748204595061322
ZNF607,-0.008801838944141582
NPBWR2,-0.008802285038872626
CDKN2BAS,-0.008816014957404007
RAX2,-0.008869298255325921
LIME1,-0.008884492683400746
IPO5,-0.008919324064049716
CA12,-0.008926115511936918
DCAF12,-0.008927903122892685
SNORA78,-0.008934962445395732
QPCT,-0.008969578292402684
SLC5A11,-0.008994670616769056
KITLG,-0.009124078811623958
APOB48R,-0.00916040484069255
GPR144,-0.009181879634207801
H3F3C,-0.009188814367526128
GYPB,-0.009190853383730142
XCL1,-0.009290268058949239
FGD4,-0.009302753812413888
PPIL2,-0.009317107094672202
ALDH1B1,-0.009334120136853063
NCRNA00171,-0.009337084496202297
PRHOXNB,-0.009339294487635874
SLC7A5P2,-0.00938592681990873
TMEM8B,-0.009439979407912406
HERC4,-0.009463991453792819
FITM2,-0.009505144113757826
MID1,-0.009530545277986371
RAB40B,-0.00953729609166429
CHMP4B,-0.009618918497270854
NCBP2,-0.009623845634034688
NPFFR1,-0.009654268896497314
IFT27,-0.009683940106833041
FLJ25328,-0.00969709792943113
GNRH1,-0.00969781172956
SLC17A2,-0.00969984238890358
FLJ10661,-0.009734666214059749
OR12D2,-0.009767789357822153
HIST2H3D,-0.009769936716799977
APBA3,-0.009826750865706325
DEFB136,-0.009871398821295124
TTTY6B,-0.009881561904099782
AP3M1,-0.00995349584810652
NRAS,-0.009987959725018427
NEUROG1,-0.010046518898738362
PCYOX1L,-0.01010491951096303
FGF21,-0.010118224184929407
LOC80154,-0.010138372857762805
SNORA36A,-0.010199305271559857
B4GALNT4,-0.010217557475461608
AGPAT3,-0.010227481017075655
SHOX,-0.010228178241250763
HSP90AB1,-0.010239016295783441
AMZ2P1,-0.010248924797280769
PHF11,-0.010271777624529448
ZMAT5,-0.010304365090952318
FCER2,-0.01030951509013135
SOX9,-0.010311275944603194
FTH1,-0.010314631419596878
ZNF473,-0.010320989690086938
NCRNA00219,-0.010341866374537292
C17orf98,-0.010347560245363653
TEX9,-0.010367446046651473
PKN3,-0.01040528383154754
sampleID,-0.010407393275470377
C1orf156,-0.01048206326759829
UCK1,-0.010491357718707146
C2orf68,-0.01049781030914381
CCDC129,-0.010559268903836225
VPS37A,-0.010559798802682369
LOC100128640,-0.010602656207923536
CALML3,-0.01061425796443418
G3BP2,-0.010624023189672427
CD38,-0.010699632935813167
SLC25A23,-0.010792363251326103
C4orf45,-0.010826360806675536
EDEM2,-0.010849236692617852
CPA5,-0.010855039637834248
STAP1,-0.01087793805940736
MLH1,-0.010911463329426338
GSPT2,-0.010954306774064719
ERAP1,-0.01097512009008299
OR5B17,-0.011004157240780304
LRP3,-0.011035053171645449
CRYGA,-0.011042597245518466
SBF1P1,-0.01104569171130141
DBNL,-0.011053803657549608
CAPN9,-0.011068689602578497
SERHL,-0.011070764761375477
UNC13D,-0.011074820261911068
CCAR1,-0.011084843300554554
PM20D2,-0.011090598077250373
NBN,-0.011106467385504467
ZMYND17,-0.01115573231514753
SMC1A,-0.011156336505026565
NBL1,-0.011164873217661016
SPRR2D,-0.011177202806047799
GLUD2,-0.011210417130523181
CMTM7,-0.011285191594909958
DNMT3L,-0.011299359101178413
GPR115,-0.01138698986355338
NCRNA00112,-0.011414219065217557
GPR137,-0.01145621918963472
LOC121952,-0.011463419534481087
XKR8,-0.011504883356385316
C3orf79,-0.011507997198454068
TXNDC11,-0.011522941736996547
LRRC50,-0.01153024391972549
C6orf191,-0.01153738429266685
NEUROG3,-0.01154512460710661
SLAMF7,-0.011549580783153263
LOC401127,-0.011569609477725598
NKX1-2,-0.01168204109288772
TMED6,-0.011696545884298479
IL2,-0.011703266930497537
EDC4,-0.011746702537350003
CHERP,-0.011752152620597719
GHRH,-0.01186716039831623
SGMS1,-0.011927834648578965
PLA2G1B,-0.01193196912024316
LCE2D,-0.011940681261272245
FOXN2,-0.011962068577585874
GJB5,-0.011996358403037755
ENO3,-0.012024809794898051
TFAMP1,-0.012061472529759124
HOXA10,-0.012067617807514787
LOC100134868,-0.012072899096015723
RAD21,-0.012089482542213592
HSF1,-0.012114851898742746
C17orf55,-0.012152414239468268
AK3L1,-0.012181396989807927
HHIPL2,-0.012196206570276667
SLC41A2,-0.012202718851981173
NT5DC2,-0.012222347548283562
CORO7,-0.012255252134261792
TNFRSF18,-0.012256841919037276
ST7OT4,-0.012263415488555817
EPRS,-0.01228367750661407
ZMYM1,-0.012297310795687808
ZNF580,-0.012318420705351782
RHOD,-0.012347596621490679
RASGRP1,-0.012458373221977218
GAD1,-0.012513710671005429
TRIP10,-0.012522415758484146
MEX3D,-0.01255798909469062
IL4,-0.012560024114500067
EFCAB4B,-0.012572198619229659
C20orf56,-0.01257919265508723
PPP1R2P9,-0.012597663710388266
IL17RC,-0.01259911433770035
OPA1,-0.012606127304611147
CAST,-0.012631813095099687
HBA2,-0.012648190139139388
GJB1,-0.012684633413829064
EHMT2,-0.012752962279205932
HOXB8,-0.012759100721037593
STARD3NL,-0.012797804497389534
FAM27A,-0.012838780653724026
PEX5,-0.012845046969533312
ROPN1,-0.01284655628963587
LHX2,-0.012864016018950616
FAM193B,-0.012865035007801673
SERPINB3,-0.012892254238639638
TMPRSS6,-0.012919919103445072
LRRC37A,-0.012942670913555318
LOC285074,-0.01295755051781267
NRM,-0.01295875191141267
FAM5C,-0.01297758077230327
EIF1B,-0.012990699528319398
RAD52,-0.012999545938835138
TTLL3,-0.013022273629598726
SNAP29,-0.013026142770084475
SUMF1,-0.01302670659674171
SLC9A4,-0.013036484518890027
SETMAR,-0.01305322649245998
RBPJL,-0.013067013539510909
HBG2,-0.013084246112787459
LOC149620,-0.013118099577757428
MSMB,-0.013160317577241641
LY6G6D,-0.013226588823473365
OR1J1,-0.013298111568262846
IAPP,-0.013305811923739178
ATP6V0A2,-0.0133281422879561
TRIM29,-0.013340635511700314
PRH1,-0.013361137188710877
DNAJB7,-0.013363046989876452
ERCC2,-0.013369578784752437
CTNNBL1,-0.013382810526221615
ASAH2,-0.013441521437778712
LCE5A,-0.013448585139886034
TESK1,-0.013452295492895724
TSPY2,-0.013499028943462424
SEPT7L,-0.01355014531286822
VCP,-0.01360105536845174
SLAMF6,-0.013684685491984398
SUDS3,-0.0136885087829842
CLRN1OS,-0.013697386918348584
CD6,-0.013714540772350818
C10orf108,-0.013716733697822983
UGP2,-0.013778880725785323
ARPM1,-0.013794367341027106
SQLE,-0.013804809018384668
FOXI1,-0.013868376677411347
SAT2,-0.013876724093314844
AQP6,-0.013930706878226033
GSTT1,-0.014012588656613255
FAM101A,-0.014075079373313986
SKIV2L,-0.014106539112003814
RPGR,-0.014232086139601953
TMCO1,-0.014260878610637363
ZNF765,-0.014265671074240245
PGM1,-0.014275830782596373
ZNF645,-0.014281991312502096
TSPY4,-0.014281991312502096
TFAP2D,-0.014281991312502096
ACTRT2,-0.014281991312502096
DEFB107A,-0.014281991312502096
FAM197Y2,-0.014281991312502096
PRAMEF22,-0.014281991312502096
RBMY1A3P,-0.014281991312502096
KRTAP20-4,-0.014281991312502096
SPINK5,-0.014303138602156039
ERGIC1,-0.014312900419641368
WDR70,-0.014314658301586385
SLC34A1,-0.014330255821617083
EIF4E3,-0.014368325432169662
MYL12A,-0.014392328338636596
TMEM98,-0.014439283273137569
APOBEC3H,-0.014448496617898118
GBP4,-0.014465864724276403
OR2M3,-0.01446630241880247
MAPK6,-0.014467301664415384
SERPINA9,-0.014470031198000496
EHD1,-0.014473476961414029
CABLES2,-0.014514629224174319
BLCAP,-0.014531784571488897
CNGA2,-0.014556181812528757
CDH7,-0.014579578547074678
KHDRBS3,-0.01461368979047367
SLC32A1,-0.014617905006794722
UCP2,-0.014618875574896896
PLA2G12B,-0.014622470735916417
NR5A1,-0.014657678009215185
LOC90784,-0.014666835278642593
KLC4,-0.014698921856210863
SSR3,-0.014717304167642027
KLRC3,-0.014835922512692746
KCNIP4,-0.01485076790131765
CDK9,-0.014876754671078522
FAM76B,-0.014949413039112666
ACSM4,-0.014954155271338383
IRF2,-0.014962401000442362
ANP32C,-0.014966960028191477
TMCO7,-0.014991184213196092
FUT10,-0.015028019188792307
LOC643486,-0.015029282230593036
SEC11A,-0.015045807845704983
BEND7,-0.015058636174078892
ZBTB3,-0.015155421803015122
NUP62,-0.015182473569264998
MYO7B,-0.015255961938219462
CSHL1,-0.015264285166922235
C20orf173,-0.01529625062116742
ZNF354A,-0.015300949416454036
PRSS30P,-0.015326456893760032
HUS1B,-0.015349583737786292
PFN4,-0.015400434163448749
NKAP,-0.01541217154572976
DNAJA1,-0.015422426723152005
GPATCH1,-0.015436448158332606
C22orf43,-0.015469600785644438
LOC347376,-0.015544559548398765
TOP1,-0.015580400841087107
ADNP2,-0.01558700212398969
ZFYVE28,-0.015593761139659807
STOML3,-0.015615916693912444
CRIP3,-0.015638260221768504
OTP,-0.015652273436963522
WFDC3,-0.01566329594258552
EIF4E1B,-0.01571817593416376
GNE,-0.015722579456679188
SGK494,-0.015767403004407335
CD74,-0.015786260886863787
SCIN,-0.015786313866192753
TTLL10,-0.015796998399004215
TMPRSS11BNL,-0.01584302646556227
VAV3,-0.015847251591790037
TSGA10,-0.015879160093603358
OR1J4,-0.015897863608311715
ISCU,-0.015909759359684025
RPH3AL,-0.015970032106295082
C20orf151,-0.016037930918742713
ANP32A,-0.01603853354503148
CCR9,-0.01604968275024708
NR4A1,-0.016062408231005607
TADA3,-0.01606461418739725
TCHP,-0.016093722167977543
LIPE,-0.016130666280779905
STRN4,-0.016153213085972833
IFNA7,-0.016155039353485976
SLC4A9,-0.01619458299505298
C5orf60,-0.01621096917764188
TM2D2,-0.01622784570294586
PHF23,-0.016228874399580945
VENTXP1,-0.016230828772857253
C3orf65,-0.01628775365581993
CLEC18B,-0.016297590950611306
EBAG9,-0.016339113503310736
CELA3A,-0.016348554818291762
PARG,-0.016354861199944535
MGC57346,-0.016383810279651096
SYF2,-0.016406440323741413
OR2T3,-0.016413920252398982
HMGCS2,-0.016462806093167248
MEIG1,-0.016521856467610258
HS1BP3,-0.016544711315798426
GAL3ST1,-0.0165665036787986
ASTL,-0.016570364741125297
C1orf141,-0.016577378296165134
OR8B8,-0.016623301363731947
SLC26A2,-0.016648227197688242
LOC100303728,-0.01669150286949946
CD274,-0.016707671515089933
LOH12CR1,-0.01677868218933147
C14orf34,-0.016873859887385864
TBC1D3G,-0.016915921372491458
ZNF830,-0.01693064428029309
UFC1,-0.016978398612602155
SGK3,-0.016997562396476706
AICDA,-0.017018434703198974
INF2,-0.01705167630871009
SNORA62,-0.01711135313934594
OR6C2,-0.01713415108972561
LPHN1,-0.01718091385880045
SCNN1D,-0.017185291291535135
APOF,-0.017212867040676896
FBXL19,-0.01721594400418764
SHROOM3,-0.017225525599841987
FCRL5,-0.01727439094666883
TMEM211,-0.01727642925654878
ODF3B,-0.01728097113462182
SIKE1,-0.01729379962901907
SLC17A5,-0.01730838056131495
CTAGE4,-0.017334333049661105
DYX1C1,-0.017361786552325478
ANKMY2,-0.017364654240022658
MGC27382,-0.017376829873355405
EDARADD,-0.01739951387910376
LY6D,-0.017409427282569914
RCAN3,-0.017435166497621793
BEST4,-0.017445324262854476
C21orf54,-0.017475206745469325
CEP152,-0.01747834970631897
CCDC130,-0.017487454131968252
B3GALT5,-0.017521747733134255
SRFBP1,-0.017535984793017254
ZSCAN5B,-0.01754194572835907
MYNN,-0.017545630295198743
DNTTIP1,-0.017556026045472625
C11orf40,-0.01755982538422389
DUSP6,-0.017568022770942975
ARAF,-0.01760154931369689
C1orf74,-0.01761418381048862
CTAGE5,-0.01764037897802225
AAA1,-0.017664841811134816
NXT2,-0.01772569200220646
PNPLA5,-0.017748843430984117
ZNF131,-0.017759949438273234
TRIM68,-0.01777460284128196
ZNF679,-0.01779618522589483
CYP3A5,-0.01779975253801776
TBC1D22B,-0.017812563609142438
FAM187B,-0.017892437979195326
CPB2,-0.017916119113164614
NKX6-2,-0.017946096495270274
C2orf49,-0.01795522560162841
FUS,-0.01796874328421342
DNMT3B,-0.01798856445167669
NEIL1,-0.01800452114066871
LY6G5B,-0.018010321416939336
LOC100144604,-0.0180197462183072
BSND,-0.01802690193674878
ICA1,-0.018031890675137507
LOC284632,-0.018040960595408856
C7orf25,-0.018046213646138544
SPNS1,-0.018048075431723713
BTNL2,-0.018081618178767495
C1orf103,-0.018142645331120148
TNFRSF21,-0.018149803307301378
SNORA55,-0.018149916708588402
ZIM3,-0.018154858288271954
ANXA2,-0.01819384361569214
ARSA,-0.01819549446061156
PHF16,-0.018228159198842114
NR5A2,-0.018233487267348712
TRHDE,-0.018236361168984278
VAC14,-0.018256894369175724
WISP3,-0.018261715426468508
GBA3,-0.018295905301987134
C9orf7,-0.0183652235920369
AMIGO3,-0.018378156375901608
SEBOX,-0.018399080419055
TTTY15,-0.01841479896470041
SEC23B,-0.01848405127027831
DEFA1B,-0.018518799868225466
CCDC103,-0.018534203642704666
C22orf33,-0.018571470194416136
C3orf45,-0.01857670617315128
GPR89A,-0.01858717299846442
C12orf70,-0.018656575678870992
ASPG,-0.018680764337684286
SNORA49,-0.018683269029393886
KDM5D,-0.018731541314052812
SNORA4,-0.018735341939057334
TMEM120A,-0.0187871771801727
KCTD3,-0.018810654956577477
PIGC,-0.018847607754282656
PAX6,-0.01888213128988167
HEMGN,-0.01890263524434803
DYNLL2,-0.018914698258922384
ABCB7,-0.018925013649201485
HIST2H2AA3,-0.01894030039491761
OTX1,-0.01894781570687652
PIGT,-0.01899337446916805
GOLGA6L6,-0.019049445302609675
AP3D1,-0.01907109476550759
SLC39A4,-0.019101881661858833
ADM,-0.019153206957461883
FLJ37453,-0.01917890648328201
EPB41L2,-0.019220650279642083
GIN1,-0.01926915406696674
TAS2R60,-0.019282073832850345
BRD7,-0.019292870366048105
C6orf97,-0.01933011658604589
C7orf54,-0.01933529658921952
SAPS2,-0.019354592862567542
C17orf49,-0.019373738883836974
DPPA5,-0.01941998892506436
SMAD5OS,-0.019432239670624733
HMGN5,-0.019439367282939927
KCNK5,-0.019468949619524344
GJB3,-0.01948738842298379
RFPL3,-0.019493566789932033
GAGE8,-0.01949762427446586
HIST1H4F,-0.019526661789094946
NSUN3,-0.019542655370361383
C13orf18,-0.01955728829599364
TRAF7,-0.019600469341167683
PLEKHG7,-0.01961267795836426
LCMT2,-0.019633032468646772
CCDC64,-0.019640917219896366
OR8S1,-0.019673458234330584
STK17B,-0.019684124131171002
SFRS5,-0.01975201533899212
MFSD6L,-0.019777787606805385
RPS4Y2,-0.01983663547960622
REG1P,-0.019875520476382823
CCDC157,-0.01989698591769768
FGF17,-0.019916088189712813
C20orf29,-0.01994323723380164
SF3B2,-0.01995145123891027
SAPS3,-0.019971528587296134
TOPBP1,-0.01997484187419876
VPS33B,-0.019976866623984298
KCTD17,-0.019984461887639637
ARF3,-0.019985768783960304
FRAT1,-0.01999355730842338
USP9Y,-0.01999458855591937
CXCR3,-0.02000260134745191
MET,-0.020035004952812855
LIF,-0.020045279265675026
SDC1,-0.020072590135092147
FOXD4L3,-0.020082169926336782
GGT3P,-0.02008788923095084
LOC100131726,-0.02010480917974994
ZNF544,-0.020114477963929532
GJA8,-0.02011586193649683
PDZD8,-0.020133338730184816
SREBF2,-0.02015637818278456
PTK6,-0.020298142537089545
NEAT1,-0.020324602507975912
FAM47E,-0.020350647143851232
FRMD1,-0.02038793978455427
ACYP2,-0.020408303853601352
AMFR,-0.02042535410925167
CXADRP3,-0.020460161381424497
NOL8,-0.02047236173525023
C20orf191,-0.020559272352056096
OR5H2,-0.0205738212210602
PRAMEF2,-0.020576029556531986
C19orf45,-0.020617565820995002
SNORA29,-0.020640488781898735
LOC285501,-0.020643404021414957
TUBBP5,-0.02065466509404221
PDHA2,-0.020683780845704904
SNORD115-13,-0.020684579569936877
DTWD2,-0.020685062999737026
OR7D2,-0.020712073956600893
AIM1L,-0.020785079749500095
ZFYVE21,-0.020801102300774428
S100A7,-0.020901197536644028
CPNE5,-0.020941669287801643
PID1,-0.020986719950388123
CSTL1,-0.02102870753499468
KIAA1984,-0.021030446959739085
C1orf89,-0.021098600792959804
AGPS,-0.021157631787130773
H3F3B,-0.021257549584541895
C1orf27,-0.02130003311019227
TSPY3,-0.021305921466191653
OR2B2,-0.02130680830167623
MTHFR,-0.021318281147003133
ARL5A,-0.021335443912639824
ZNF513,-0.021349778743058278
OR51I1,-0.02137268080213225
DRD3,-0.021406078692678347
MCM3APAS,-0.021418869284581907
AP1B1,-0.021432102354050495
CCDC62,-0.021476356982098425
MVP,-0.02148427752277506
OAS3,-0.0214921041027063
IL9R,-0.021579800290712915
FLJ45445,-0.021583431977406
AKR1C3,-0.021598233170826365
XAGE5,-0.02162172296682238
TSNAX,-0.021646613563853827
MED14,-0.021712223330123327
POTEE,-0.02171377397352694
PRKRIP1,-0.021723187258657937
IGSF22,-0.021725598750318757
C8ORFK29,-0.021739589214164717
DAP,-0.021744770385166156
CDRT1,-0.021754734059789057
OR9G4,-0.02177453344451275
FAM41C,-0.021786597432980455
DBNDD2,-0.021832170682938155
OR7E156P,-0.02184149687337497
CYCSP52,-0.02185715845583738
TWISTNB,-0.021878815851739855
DKFZp761E198,-0.021884719366957316
KIAA1530,-0.02188806722437677
SEPHS1,-0.021912613880087563
JAK2,-0.021946019562618928
OR10G8,-0.02195929852710598
SLC11A2,-0.02196384860020554
TDGF3,-0.021975713683560456
C10orf116,-0.021982020933023916
APOBEC3B,-0.021986261402314862
CXorf59,-0.02198676087036931
PRSS33,-0.02199060880395325
SPRR2A,-0.021998665027331048
SERPINA6,-0.022009621728450553
SLC19A2,-0.022017766379559683
SPATA12,-0.02204815743776046
ZNF557,-0.022055185748892408
EPS8L1,-0.022081500826078924
PITRM1,-0.022118118979373446
C18orf25,-0.02219656225729966
ZNF389,-0.022210461009197907
OR4D11,-0.022242445486683592
ALKBH1,-0.022259341718807956
LOC286002,-0.022263137415678504
DGCR8,-0.022274234765221706
ACSL6,-0.022383848236082582
PEMT,-0.022387240420037906
PXT1,-0.022394375359667193
C20orf165,-0.022429755296807387
GPR174,-0.022509516559989163
SLC10A5,-0.022514937242921938
ACRC,-0.022520180937373086
KIAA1324,-0.02256526040793631
C16orf87,-0.022601156448722192
PTGR1,-0.022626382089937343
SNORA3,-0.022656735859462093
FAM25A,-0.0226789191488986
ZNF410,-0.02269569262787582
LRIT3,-0.022774926717472853
GTF3A,-0.022788489073981073
ARGFX,-0.02280801144031378
ASB12,-0.022836088775548644
ACTL7B,-0.022870328562902057
IL33,-0.022888261569101388
CCR7,-0.022907049097060234
TMED1,-0.02291968656708553
VTI1B,-0.022956726233786303
DDIT3,-0.02296742579065211
PBOV1,-0.02296838838259136
FLJ43663,-0.022990047906239843
LRSAM1,-0.02299131356541853
COTL1,-0.022997337858062333
HGD,-0.023018366066591394
HPGD,-0.023018386202407204
KRTAP9-9,-0.023033228233489265
DDX3Y,-0.023048917654989183
POF1B,-0.023073252328710856
RHBDL2,-0.023084086938590622
SDR42E1,-0.023085630407748827
FAM13A,-0.02309741633422453
ATP6V1D,-0.023114761960777382
CSPP1,-0.023139886419768205
CLCN4,-0.02321026743572735
C6orf154,-0.02324602619368164
TGIF2LY,-0.023252632300304624
ZNF276,-0.02325776566008387
ULK4,-0.02330366822449825
C1orf213,-0.02331645281999714
HOOK2,-0.023321991850640333
FXYD4,-0.023331080062527678
C1QL4,-0.023332318693997822
ZNF444,-0.023347527585679262
AKT2,-0.02334966546858677
CCDC140,-0.02335455456186457
C12orf34,-0.023363027946231203
ARG2,-0.023413010700543066
GPSM2,-0.023426638657081153
ANKRD36B,-0.023427223157639124
CLPTM1L,-0.023497388899892384
THUMPD1,-0.023502972648872182
RAB6C,-0.02352348647279658
C3orf22,-0.02353117996977158
PLSCR2,-0.02353980175419982
FOS,-0.02356662842367187
HMGA2,-0.02358796219857173
AP3S2,-0.023589082402360385
PMS2L5,-0.023630190536127145
FGGY,-0.02369511508175376
DAZ3,-0.02372141321356255
DNAJB12,-0.023730801194171314
FKBP5,-0.023775282317121307
ZPBP2,-0.02377721304905868
MLN,-0.02379234898590977
RABEP2,-0.023803310585558964
ABCC12,-0.023813444144085497
TUBB1,-0.023832785927676584
HTR3C,-0.02387374876848481
NPNT,-0.023925602894995138
ZMYM6,-0.02398855141830765
RTP3,-0.024061520625445334
LRRC46,-0.024065689544887078
LOC100270746,-0.0240910605106553
VAX1,-0.02412127082197035
USP17L6P,-0.024135788180707222
PUS10,-0.024176925089801588
MDM1,-0.02420199981733983
CPNE2,-0.024219614799385128
C2orf85,-0.024222333967079984
SLC18A1,-0.024224564272062182
LOC285401,-0.024229685927764814
DNAJB3,-0.02425311236183662
CKAP5,-0.024268595728973497
LTF,-0.024372728502880588
CHKB,-0.024380406732340758
ADAM6,-0.02443319716238062
AMAC1L2,-0.024434255547800942
SECISBP2,-0.024471926474302356
ARNTL2,-0.024486999332234305
LOC100009676,-0.024507606003997526
CD44,-0.02452632596837616
PRH2,-0.024566527634609477
PUS7L,-0.024568703816588048
FSIP1,-0.02458169184118979
OR5I1,-0.024583755537913445
OR8B12,-0.024583755537913445
OR2M5,-0.024583755537913445
OR4C16,-0.024583755537913445
GPC4,-0.024632079213045992
CAPRIN1,-0.02463832635429066
KRTAP10-7,-0.02464191522116092
SUCLA2,-0.02464981921079603
UMODL1,-0.024691741424266556
SEMA4D,-0.024723979982167365
ZMYND12,-0.024742768328700492
C4orf23,-0.02477323702689618
ACTL7A,-0.024792215972141526
ZC3H8,-0.024822970728408982
E2F6,-0.024825832740160113
WBSCR26,-0.024838763503996598
SFRS4,-0.024859099045487214
FAM122B,-0.02485978196879018
RNF151,-0.02486203034381786
TRIM59,-0.02486974656134619
C3orf67,-0.024913337638668764
BANK1,-0.024915741893693773
PAQR5,-0.025002900409946335
KALRN,-0.025008459370207733
ARSH,-0.025041361825516643
PARP14,-0.02506221130623533
LOC100272146,-0.025069847742866753
UNCX,-0.025078000441513263
ATP6V1G3,-0.025103457333456435
LUC7L,-0.02511522375009423
LRTOMT,-0.025180518683879383
LOC729234,-0.02521525501061237
SNORA59B,-0.025239796628954637
ALPPL2,-0.02524370293389222
TUBA4B,-0.025249840204830613
MPHOSPH10,-0.025252883120743436
CCDC28A,-0.025253886008183412
RBL1,-0.02525756235935878
MFN2,-0.02526383660607267
TLR3,-0.025266855409230213
ALDOC,-0.02530389883012296
DULLARD,-0.025370780194850645
C17orf104,-0.0253712907826329
IRF4,-0.02537848404964656
METTL14,-0.025396495968877116
RTTN,-0.025399531286682295
NSUN6,-0.025414313894578003
PAX9,-0.025451650562436135
IL12B,-0.025459588571156183
MAPK3,-0.02554176804827182
KRT73,-0.025592044821635827
JMJD7-PLA2G4B,-0.025619746555934433
ACER1,-0.025645330698090305
AGXT2,-0.02569158110519675
PGLYRP3,-0.025720109636103362
C22orf27,-0.025738915811795975
FAM86B2,-0.025742952193846518
PSORS1C3,-0.02576739361351736
TIPARP,-0.025782458192294338
ZNF683,-0.025800320961396724
EML5,-0.025811533043471606
TG,-0.025865726406268864
WDR33,-0.02586728392578858
LOC730101,-0.025893633745456435
SURF4,-0.025902497366135525
ARF6,-0.02591339405483059
PCNXL3,-0.025914928501498947
RPS4Y1,-0.025927720182367126
TTC22,-0.025975656228319446
ISG20,-0.02601534325391188
LMTK3,-0.026080725210712415
CCDC112,-0.02608709867213114
SULT2B1,-0.02608860670012481
ACOT12,-0.02613958175627412
SKIV2L2,-0.026162809200935125
FCRL3,-0.02617085505812667
BRE,-0.026238255563792036
GPD2,-0.026245630555523647
LPIN1,-0.026292966223221755
TRIM72,-0.026294190025327416
MAFF,-0.026300902519100118
LARS,-0.026315760745963937
GGTLC1,-0.02640517105949493
ZNF714,-0.02640702313819882
CC2D1B,-0.02641287625548236
CFHR2,-0.026423613324383977
RGMB,-0.026436224883701443
CCDC90B,-0.026442048651727137
MAP4K1,-0.026466163571923104
NR1I3,-0.026466943465912943
UTP20,-0.02647757745987752
ZFP91-CNTF,-0.02648679339499702
SNAR-C4,-0.026488385889328645
MAN1B1,-0.026586559080689624
DPH3,-0.026628061517837157
NPRL3,-0.026672177812768996
SECTM1,-0.026674141575952243
UBXN1,-0.0267044221564104
CLECL1,-0.026713964699247406
GRIN2B,-0.0267203353612853
SLC15A2,-0.026751888218402787
EIF3H,-0.026805039697120756
ACTR3,-0.026808369199936222
DTNB,-0.026814116497018158
LSG1,-0.02683159129263293
FAM175B,-0.02685905567547529
LARP4,-0.02685922190775389
CMPK2,-0.02687326402568113
GTPBP2,-0.026884074660405283
C9,-0.026918006588527946
GOLPH3L,-0.02692300838761764
IFITM4P,-0.02696005829074804
OR6T1,-0.026974209748977445
TIGIT,-0.02698533508630586
LOC100131193,-0.027030172948046022
C1orf84,-0.027043018207168607
LRRC37A2,-0.02715529474509347
AKAP1,-0.0271930220645723
SLC22A9,-0.027209683618537768
CXorf42,-0.027259503320416028
ABCC3,-0.027297288513141813
B3GALT6,-0.027345735538764827
FOXR1,-0.02735294536073583
HAVCR1,-0.02737256127894668
TRMT12,-0.027372994376521676
HAR1B,-0.027412159611080227
TMEM86B,-0.02741977511632762
VCY,-0.02742972257215633
C9orf78,-0.02744439798823642
GUCA2B,-0.027448794102693887
LOC100128977,-0.027451806475499524
SNORA48,-0.027452156084700224
TOP1MT,-0.02745907795138185
S1PR4,-0.02752146111053053
CBWD5,-0.027533406427490165
POU2F3,-0.02753732685225236
ATHL1,-0.02754710234673224
TNFRSF1B,-0.02756270819900536
C14orf19,-0.02757190439218822
OR1J2,-0.02760885743600857
AGFG1,-0.02769805906963185
GFRA4,-0.0277284829837947
GDAP2,-0.02774451666389018
CTAG1B,-0.027757171082419905
FBXO36,-0.027784124418156243
NMT1,-0.02783511506188394
FAM169B,-0.027841023768059598
OR52R1,-0.027848932588239124
NUB1,-0.027864231644656585
TINAGL1,-0.027902732468443592
AIG1,-0.027911350604398946
TIPRL,-0.027955773372858667
NUP205,-0.0279573260285595
C9orf119,-0.027977143547022625
UXS1,-0.02797955002285961
FAM166A,-0.027990596015876307
KRTAP17-1,-0.028003680130822755
DEPDC5,-0.028022646957871062
PSIP1,-0.028046546040844073
GGT1,-0.02805531239672008
RFWD2,-0.028056208455789853
DPRX,-0.028066912341525144
TBX21,-0.028091176150838924
HSPC157,-0.028131663810357584
C2orf88,-0.028149649026030243
SCXB,-0.02815759892593147
CPSF4L,-0.028174462571382605
IL5,-0.02820834834115674
ACBD5,-0.02821241322266545
HOXB1,-0.028215010206106082
RB1,-0.02822629765168349
FLJ42393,-0.028228963756350336
PARVB,-0.02823432466570529
ALG9,-0.028267401359221966
GAS2L3,-0.028267545869151263
PCK1,-0.028301027495096484
SDHAP2,-0.028317092122361647
NEDD1,-0.028346121593315482
CAPN8,-0.02834944778758194
NFKBID,-0.028379974022642356
RLBP1,-0.0283827588713236
SF3B4,-0.02839335466264325
C15orf55,-0.028398284635656128
FLJ33630,-0.02839878470257216
OR1Q1,-0.028437892074464805
GRXCR2,-0.028443457591330604
A1CF,-0.02847170472560363
TMUB2,-0.028498161301670932
ZNF283,-0.028504872505701398
ANKRD57,-0.028505918465026606
N6AMT1,-0.02850791238584363
USP16,-0.028563685198049703
PIGH,-0.02858273187316696
NACA,-0.028600953585145607
MAGEB4,-0.028608210708100212
OR52M1,-0.02864398296827991
GHRLOS,-0.028686784236208775
WIPI1,-0.028688484033537315
ODF2,-0.02870577119322651
CTSA,-0.02872473093258196
LCE1F,-0.028735352712157887
ENPP5,-0.0287599337689776
C2CD2L,-0.02881944808940803
PVR,-0.028829312176831986
SCARNA1,-0.028862808116612258
WBP11P1,-0.028867666697833597
C7orf33,-0.02888623709559586
FOXA2,-0.02889334976876173
PLK5P,-0.02892107393193763
ANXA11,-0.02897345457017638
REPS1,-0.0289754821679652
OR1L6,-0.02898798771603876
MDH1B,-0.028995503806171375
UGT1A4,-0.0289966624236328
CABC1,-0.029056879981204993
ZPBP,-0.029059859841223994
BRI3,-0.029061569056844296
TAT,-0.029096471646839584
OR5AR1,-0.02910808365392769
FBRSL1,-0.029114994892846247
GAPDHS,-0.029147594007897293
RFX6,-0.02915943857181056
TMEM149,-0.029204868622629367
EIF5B,-0.029212999201455727
SSH3,-0.029254474612651193
SLC6A5,-0.029299255697726463
INE2,-0.029335257211536542
LOC389705,-0.029386847830161923
MS4A8B,-0.029497259043559237
HEPH,-0.029504608644294612
KCNK10,-0.029505236484332353
LBR,-0.029551410066705117
HMSD,-0.029566369809195584
VN1R5,-0.029573333208846732
HTT,-0.029607456504014317
ZNF586,-0.02961514083619969
HYAL4,-0.029661352192886827
PAPD7,-0.029677647360348426
AMBP,-0.02968200129623344
ZNF408,-0.02968333013699849
EIF2B2,-0.029699915092598925
SPINK14,-0.029719984408127845
BASE,-0.02973463765061912
FGG,-0.029811348335991847
OR14A16,-0.029823551535745344
TECTB,-0.029830118909491055
SLC25A25,-0.02983898577853129
ZNF48,-0.02990341536044388
XPOT,-0.030017164167193636
COMT,-0.030031201726709374
SHH,-0.030064423530409154
AKAP8,-0.03007643847297645
FKBP8,-0.030082376459266532
TRIM37,-0.030084166713047127
NANOS3,-0.030087162615626672
PRSS41,-0.030099119434555236
OR1E2,-0.030118489765250948
PRPF40A,-0.030122723164603148
CWC27,-0.030168388237373955
ZFYVE19,-0.030184845107930038
FSCN3,-0.030229953610664457
C19orf76,-0.030247586768620997
ORM2,-0.03025028050482605
AGA,-0.0302675192332904
PGK2,-0.030336493302571307
SYCN,-0.030383772177376287
MARCH3,-0.030386900575211068
EDDM3B,-0.030417754819653593
FAM45B,-0.030467308421047338
OR1G1,-0.0304885981503223
C7orf4,-0.0305159291949685
CCL17,-0.03058689650980484
UNC13B,-0.030605708512980136
ZNF648,-0.030614884768868627
ATXN7L2,-0.030619826618274816
NR1H4,-0.030670288159722857
MMP3,-0.030676321793744937
CXorf40B,-0.030743939790894324
RAP2C,-0.030755772694782677
NKAIN3,-0.030874813548099726
BTC,-0.03087873856363855
PRR14,-0.03097390178116914
HSD17B1,-0.031002103222940093
PTPRD,-0.03101165196337395
CDK18,-0.031051544067879824
METRN,-0.03105869879754823
APOC3,-0.03107960393319099
FCRL1,-0.031105922327327368
C1orf21,-0.031115417450609605
C22orf31,-0.03114216034787314
SNORA5C,-0.03116291694055082
LIN37,-0.03120662018801692
AGAP8,-0.03121397724855879
RPS6KA3,-0.031242258385579674
LOC100188949,-0.031277867943014556
COCH,-0.03129806279481822
MAF1,-0.03130624450668247
CLCN5,-0.03134951379938667
NCRNA00032,-0.031369879539595046
AGAP4,-0.031382172352565775
L3MBTL4,-0.031443373623219015
IL19,-0.03146299236305487
EPO,-0.03153249043600024
EEF1A1,-0.03154231939265558
GSTTP2,-0.03160627023704482
OR3A4,-0.031607685691603
KIF2A,-0.031758688162175884
KIF25,-0.03176751857138494
DCTN2,-0.03177327019213499
CAMK2D,-0.0318246909976954
ZFY,-0.03185732404546678
TMEM30B,-0.031862831012287825
DDX60,-0.03186737329247878
FBXO41,-0.031901343401240755
GOLGA6L9,-0.031921237445497574
ARVCF,-0.03194355107007899
PABPC1L,-0.031950547485948624
RIPK4,-0.031954838197233014
MYL1,-0.031966177769539396
PYDC2,-0.0320227439933373
SLC17A1,-0.03207846466534409
CMTM6,-0.03208835325014157
C15orf5,-0.03210751220182512
NCRNA00120,-0.03211885600522434
CAPN14,-0.03214118653232644
MARK2,-0.032158863543037625
SPIRE2,-0.03221944899063915
GNG13,-0.03222410584009356
WBSCR27,-0.032259641217656024
FLJ43950,-0.032264218861729574
CYHR1,-0.03228147347176841
KCNJ11,-0.032283931957563766
S100A7A,-0.03228767403813968
C12orf76,-0.03230794060838553
RNF166,-0.03232408323642478
C2orf70,-0.03233709898400583
LPCAT3,-0.03233799538435691
KIR2DL1,-0.032362035373292145
OR8A1,-0.03236985920973469
HULC,-0.03239570223571604
BTLA,-0.032443260078458644
NPY6R,-0.032463783880656
AGFG2,-0.03246647237257161
DHX37,-0.03248963393686055
LOC100130238,-0.032502287402394484
PRF1,-0.03252984632591618
PARP10,-0.032540305792421564
GPR139,-0.032544209712094936
PC,-0.03257416182353678
SLC22A13,-0.032577244611050826
ZNF238,-0.03266930981645211
FAM171A1,-0.03271489221759473
KCNN4,-0.032748255117495545
NLRP11,-0.03275329479398835
OR8K3,-0.03280597871009495
CCND2,-0.03281462015521307
PPARGC1B,-0.03285080623781449
C17orf74,-0.032864536098953935
SYCP1,-0.032972897584158056
OCEL1,-0.03300237106649271
LOC728640,-0.03304951380223637
TBC1D3P2,-0.03305753567560231
IQCD,-0.03310088308646138
COX6B2,-0.033108829165089185
ERGIC2,-0.03314164327088776
KIR3DL2,-0.03316646829358926
ZNF326,-0.033195434540016715
MMP20,-0.0332505109948463
C3P1,-0.03325795287601758
VSIG10,-0.033265159508049674
LOC148189,-0.03326646434672699
CD27,-0.03330817276661035
ILF3,-0.03334902407027001
SLC28A3,-0.033358541670826664
CSRP2BP,-0.0333628442503293
SLC39A5,-0.03340712635025806
GPR126,-0.033416773666601014
FGF4,-0.03341694309518798
C14orf182,-0.033559379579794206
STIM2,-0.033567159687838785
HBQ1,-0.0335684329636837
OR4C3,-0.033655589370040484
IL20RA,-0.03365737599320218
SNORD89,-0.03366272594920558
C6orf62,-0.03368452875859188
SLED1,-0.03370566193845568
PSMA8,-0.03373545492915673
JMJD8,-0.033771602072076044
SLC25A45,-0.03377938074658103
FAM161A,-0.033797445066515205
SIX3,-0.033816752857825434
VSIG8,-0.03382523937461483
PTOV1,-0.03384617592669113
PRPS1,-0.03385436614039451
PRTFDC1,-0.03387197487399938
GNMT,-0.03388767666962175
TMEM174,-0.03390396453400025
PRKAR1B,-0.03390437658902069
PLCE1,-0.033925537852167724
MUL1,-0.033958568030130545
C9orf41,-0.03396191692449785
CLIC5,-0.033995707468952696
CD79A,-0.034082560879747065
SAPS1,-0.03410376007366931
IL27,-0.034131262734064576
SYT13,-0.03415284144492447
TAS2R1,-0.03416832190498585
OR6X1,-0.03417452269585766
MCPH1,-0.034176317303994674
CSRP3,-0.03421520959430835
RNF187,-0.03423590969349322
STAG3L3,-0.034267510303094585
C9orf173,-0.034276037810410186
CASC2,-0.034316001398970834
ADPGK,-0.03434725563200695
KCNK16,-0.03435143155707412
LOC100130581,-0.03440066784336919
UBE2B,-0.03440610004840301
OR51G1,-0.03441725775307882
PLEKHB2,-0.03443250474989455
GRIN1,-0.03444145023989834
CTPS2,-0.034466454578442815
HSP90AB4P,-0.03447230016919541
TP53TG1,-0.0344907691783944
SLC39A7,-0.034491416247145336
LOC401397,-0.03449738465165883
ACER3,-0.03449769948828119
ABCA13,-0.034538551614582864
NCR1,-0.034549317310434216
FZD9,-0.03457151464624984
ST7OT2,-0.034577260096258416
FAM82A1,-0.03459794934055369
TMEM61,-0.03460394636239555
GP2,-0.034628230097140264
ZNF205,-0.03465812772841371
UBA1,-0.034719128891862065
TMEM189-UBE2V1,-0.034738299750832535
LYZL6,-0.03475671000673063
GC,-0.03478052623881741
C15orf53,-0.03479924596168407
OR52E8,-0.034885519763324796
KRTAP19-1,-0.034885519763324796
LOC389458,-0.034913857235388056
IFNA4,-0.03491659232835998
KIR3DL1,-0.03492898560535578
ST6GALNAC4,-0.03495418444777692
C3orf24,-0.035032839705499
TMLHE,-0.0350454924389624
ARHGAP39,-0.03509612937471032
MAGEA11,-0.03510325433819897
GPR180,-0.03510688562364054
KRR1,-0.03513440650238384
FBF1,-0.035219872845657293
C20orf199,-0.03522593719511508
TOMM40L,-0.03522704005561086
CDK3,-0.03522778044223737
RPL10,-0.0352962171895367
TMPRSS3,-0.035313244869713094
SDAD1,-0.03531741054884883
ELP3,-0.035344359093603006
GYPA,-0.035358068243752885
GTF2H2C,-0.03538228487796209
MSTO1,-0.03541338763933398
GTPBP5,-0.035520239916601706
OR9Q1,-0.035525995615276425
GK5,-0.035544636449423524
NUAK2,-0.03554641852005557
ACSS1,-0.0355493368400617
SILV,-0.03555296088970698
CDH17,-0.035691380896579715
SAA3P,-0.0356950190941281
CMTM4,-0.03570385458808555
RBMXL1,-0.035721039823748
C8orf75,-0.03572666518508558
C11orf93,-0.03574024958385098
TAS2R9,-0.03576073261312464
XYLT2,-0.03577773792724527
KHDC1L,-0.03578501368355087
LOC728190,-0.03580821231931587
NDRG2,-0.03581693450885214
UBXN4,-0.03582087781660612
SPINK8,-0.03582204378381673
RHOF,-0.035823948407835614
UBR7,-0.035879211986184566
PFKFB4,-0.03588164601764784
PI4KAP1,-0.03588439929320865
SSX1,-0.03591989248546747
IL1R2,-0.035958514469970754
C10orf2,-0.035979243858554846
LOC100133161,-0.036008155699007866
C4orf32,-0.03605945880253433
C2orf15,-0.03608520647934475
LOC729467,-0.03610323272167323
ICMT,-0.03613215579083082
WDR65,-0.036141796383225
SNHG7,-0.0361498677893383
C6orf150,-0.03615315672564764
TMEM85,-0.03616699810471158
TM9SF3,-0.036184415623492186
CCNL2,-0.03619382703138724
MAP3K10,-0.0362178120525912
C1orf96,-0.036252162667112446
TNFRSF12A,-0.03625381509258391
RPL31P11,-0.036257683828958116
TBX4,-0.03626792791672044
NME4,-0.03627862048275442
VPREB1,-0.036291252190298724
MED21,-0.03629919551641723
GOLGA2P3,-0.03630622659994102
ATP8A1,-0.03630774042034836
FAM177B,-0.03633879832305541
TPI1P2,-0.036411697091316
SNORA75,-0.036436022269418895
GAL3ST2,-0.036471441778893214
MEP1B,-0.036477391260924544
SLC25A46,-0.036488688930832014
PRKAG1,-0.03649249757466713
ZNF620,-0.03652246699731319
CUL1,-0.036545238467722826
MT1E,-0.03656116963036016
NFXL1,-0.036579695169437904
SYMPK,-0.036594903722702736
PAH,-0.036619950839110654
LCORL,-0.03662338572620042
DMAP1,-0.03663403238393737
EFCAB3,-0.03665647073703503
SLC6A10P,-0.03668491164030686
PRICKLE3,-0.03669347676089571
CHMP5,-0.03671452338265675
KIAA1161,-0.0367470206251005
KRTAP4-3,-0.036758567804308674
NPVF,-0.03676495200518142
OR2H2,-0.03677260165287183
ULBP3,-0.03688916444149228
UMOD,-0.03698412093336758
NDUFAF1,-0.037085042121128446
FERMT1,-0.037125592407722785
AGPHD1,-0.03714058601895147
SLC39A11,-0.037150120802995276
GALNTL6,-0.03720256887653109
LOC100133612,-0.03721150908526516
CALML6,-0.03721357336821323
AKD1,-0.037223118102504824
FEM1C,-0.03725846678209754
TCEB3,-0.03731803992140573
EFNA4,-0.03734040265657919
OR2G6,-0.03736325772850047
C22orf42,-0.03738103644925954
FAM27B,-0.03739143241594365
NT5C1B,-0.0373962840883363
BARHL1,-0.03747557453835206
LRRC66,-0.03747612083567484
GPR114,-0.03753659134790334
KNG1,-0.037571656256866176
BHLHE23,-0.037575806671268114
DPF1,-0.03759298028070214
AMACR,-0.03762996357147524
CCDC66,-0.03766261379756401
TUT1,-0.03768519684402357
NIPAL1,-0.037693862134352975
OR5AC2,-0.03769509182480062
TSPY1,-0.03775020441938979
CSH1,-0.03775020441938979
SCGB1D4,-0.03775020441938979
SNORA71B,-0.037800184067386944
HESX1,-0.03786338825671747
OR2B3,-0.03789864285031576
KIAA1875,-0.03792741135054249
NCRNA00183,-0.03794461813216489
SLC30A10,-0.03796970092617485
SLC35C2,-0.03799458466659064
SRBD1,-0.03800981767313131
KIAA0125,-0.038015125840303504
UBE2E1,-0.03803834325404357
OR52A5,-0.03806178325751786
SPATA19,-0.03808032979908043
ARHGAP33,-0.038126852701482715
GOLT1B,-0.0381716738481609
C8orf12,-0.0381835812204853
OCM2,-0.03818447576323946
UBE2O,-0.038253198191260954
CRYZL1,-0.03827883301463692
CATSPER2,-0.038368520514630425
NEUROG2,-0.03842523239893489
CXCR5,-0.03847801196369374
TMOD4,-0.038505229976744645
TRIM7,-0.038516112739680926
QSOX2,-0.038521363634676016
IPO11,-0.03853214680818511
KIR3DX1,-0.03855297918849494
LEFTY1,-0.03859822580930121
SFRS16,-0.03860111907244227
OR2T34,-0.038645383418032954
ERP27,-0.03867192687538605
ZNF488,-0.03870890282460418
VILL,-0.038723744396075954
DCAF4,-0.03876603031813947
ASTN2,-0.038809623457877654
IL13RA2,-0.03881456514844272
MXD1,-0.03884242530914845
ITGB1BP1,-0.038871685604176455
ABHD12B,-0.0388762641900726
ALPI,-0.038901501117081454
OSGEPL1,-0.0389373825039812
DERL3,-0.03895798507698601
STT3A,-0.038961450165894945
C11orf54,-0.03900464547489838
F2,-0.039040280082867564
CENPF,-0.03905226901647391
CN5H6.4,-0.039052704535995145
PTGR2,-0.03905368438235158
ANKRD23,-0.0390585041610318
AKIRIN1,-0.03907858425165858
G6PD,-0.03909959933841628
SNAPIN,-0.03912070697843303
STEAP3,-0.0391292609635746
C22orf25,-0.0391933002500706
CRYBA2,-0.03921645224907945
RCN1,-0.03925580050721345
FLOT2,-0.039270138109561585
OVCH2,-0.03929937292062443
DYNC1LI1,-0.039305500548458897
CHP2,-0.039311458728357694
MATN1,-0.03931991216045231
SCARNA3,-0.03934276373295046
C1orf194,-0.03935870467061217
SCRIB,-0.039366623903393336
NBR2,-0.039372197216273316
NMU,-0.03944173621648412
P2RX5,-0.03946195754776133
VNN3,-0.03948785050893035
TKTL2,-0.039490181512159786
PANK3,-0.0394945240655601
OR5M3,-0.0395681398657845
KIAA0368,-0.039605395129738256
ANKS6,-0.03961807915957998
PPWD1,-0.03962695997508975
C21orf2,-0.03964516015284038
INSL5,-0.03967374127211746
GOLGA6L1,-0.03969768087625965
PDIK1L,-0.039738793220013016
C21orf15,-0.03976616241329837
PRKX,-0.03979319279231659
PFDN5,-0.03981864404878447
OR5P3,-0.039820851391875196
PMVK,-0.03982764350111134
EFHA1,-0.03984115631761284
MYH4,-0.03987108524861161
CLDN25,-0.039877345158855715
NCL,-0.03988382268396151
SPACA4,-0.039886336771996204
RGS21,-0.039914081736304785
SPINT4,-0.03992214404194768
NFKBIE,-0.0399250911799142
LDHC,-0.0399445943847748
KRTAP10-5,-0.04001345149913356
OR2AK2,-0.04003640187603046
ARFGAP2,-0.04008624745856177
MED10,-0.04009362023155264
B4GALNT3,-0.04011147690131713
DIO3OS,-0.04011316597368062
NUDT21,-0.0401190246908536
NYX,-0.04017415938428595
TGM3,-0.04018081717640076
GNAT3,-0.04018741430888559
LEUTX,-0.04020252386163873
C1orf203,-0.04024447870756671
GPR19,-0.04028688085414961
TMEM188,-0.04032275392453753
SIT1,-0.04032393380465124
C8orf71,-0.04039560668438597
IL21,-0.04046312104500849
MUC12,-0.04050383850329852
BMP5,-0.0405211755535539
POLR1B,-0.04053891436988952
MARVELD2,-0.040559659176027704
TMC8,-0.04056023985756561
GMPR,-0.040597301575701954
MRS2P2,-0.04061355672347306
HEXIM2,-0.040634436594948024
C4orf7,-0.040664124824950014
TBC1D3,-0.04070011818153982
UROC1,-0.04070742984935697
GLTP,-0.040721272971625165
RBM34,-0.040721576521476566
HSP90B1,-0.04072378601109272
SNORA20,-0.04073516208082817
FAM27L,-0.04077528495382577
CLDN23,-0.04079971705562275
BCAP31,-0.04080754058304535
NCRNA00099,-0.0408163078837707
HSD17B3,-0.040824778031229386
SNHG11,-0.04084139584732974
CXADRP2,-0.040848677295779914
SNORD10,-0.04089087740936724
LPIN3,-0.04090172617194054
ARAP2,-0.04093229172885145
ZNF311,-0.040947142689987705
CLCN3,-0.04097582122596926
MC3R,-0.040989771978124916
NEDD4L,-0.041004252927015
DMRTA2,-0.041015387852283335
LOC729082,-0.04101614920057338
NEIL2,-0.04105899950630563
ACOT4,-0.04106883618510954
C17orf77,-0.04107299668892241
SFRS14,-0.04111944918470786
HIST1H1D,-0.04112201527134474
PRDM7,-0.041141110033637664
GCNT3,-0.04120001900466949
R3HCC1,-0.041225971349462334
EHF,-0.04124457839044961
ZNF639,-0.04125821616607123
CASC5,-0.041277466699723035
ATP13A5,-0.04132656522838937
DOC2A,-0.041358232921632834
HOMER1,-0.04136318968404958
PAWR,-0.041381828329309374
C14orf33,-0.041394587913896115
CPSF6,-0.041420129019238784
EGLN3,-0.04150378363585068
RGSL1,-0.04158666495430141
RIMS3,-0.041594874023029776
PROM1,-0.04159998548009428
SHARPIN,-0.04163802627998998
LOC284661,-0.04164266908412227
RPL30,-0.041670655688820404
PGC,-0.04167694098843089
C19orf40,-0.041684141580639565
OR4D5,-0.04173160382693713
MST1P2,-0.04175287706357086
KIAA0319,-0.04177899254106294
TBC1D29,-0.04181984240443692
FAM199X,-0.04182583013492663
FCRL2,-0.041861480662749695
SELS,-0.04187384673335738
USP33,-0.04194431503740192
TTC13,-0.04194822907511993
HDHD2,-0.04197091655656004
ATP13A1,-0.0419798908755432
SPATA21,-0.04202248276194269
LOC285733,-0.04205322918073527
ZNF738,-0.042096584513008975
SLPI,-0.04213392919889682
KREMEN2,-0.042166436064526566
CLPS,-0.04220073337132604
UGT2A3,-0.042270637710375
PKN2,-0.04227232792995655
RNF25,-0.042274513376390786
UROD,-0.0423185991936502
THAP11,-0.04234883669215058
SRRM1,-0.042369155096580596
OXCT1,-0.042405708884379
NCRNA00029,-0.04240874344660557
SCNM1,-0.04241768561201751
TMEM225,-0.04246016692193285
FKBP6,-0.04247891463967151
SUPT4H1,-0.042493843138659386
PLAA,-0.0424992941661081
ZSWIM1,-0.0425050139414862
LCN15,-0.042513644727795154
TUBB4Q,-0.042522698651130404
GDF9,-0.042583708409356553
LOC284009,-0.042635024423085734
LOC284900,-0.04269726354574359
MYO5C,-0.0426972654017686
ENGASE,-0.04278962454540158
YWHAB,-0.04281067979227076
C3orf55,-0.042907205265464925
ARHGEF10L,-0.04293790022748303
C7orf46,-0.042946987297266086
TBC1D15,-0.04295308222064803
PIPSL,-0.04296467427766685
VPS72,-0.04301756867444786
TSEN2,-0.04301786020468098
PAIP2B,-0.04303785412580565
DIRC2,-0.043094502610747924
NAAA,-0.043164902801016154
CAPZA2,-0.04319756650190597
C10orf58,-0.043220817861899304
FLJ40504,-0.04322088168878678
INTS8,-0.043222174511569504
OR7C2,-0.043227722697637166
SLC16A5,-0.043261453248848156
TBK1,-0.043305956771406987
C3orf35,-0.04334871635878056
POTEB,-0.04335540943874336
PRKAB1,-0.04336110662299734
CRYAA,-0.043405035517291614
CXXC1,-0.043409346444536034
ZNF768,-0.04342921411036335
MRPL33,-0.043477790204570474
DPY19L1,-0.043510359452555096
F11,-0.04352847179715621
GPR108,-0.04360516566532149
UBA7,-0.043632337685744
DDRGK1,-0.04365842463432954
KCNJ16,-0.04366124495491661
EML2,-0.04372526886999707
CCRN4L,-0.04373261462202803
TFAP2A,-0.043770616879168917
GUCA1C,-0.04377298903067079
PRPF18,-0.043778358032414956
KCNK18,-0.043782497957998226
CUL3,-0.04382341115464117
AGAP6,-0.043833225198989904
PSKH2,-0.043851611841658644
MSL3L2,-0.04385368015523386
ZNF485,-0.04389076296448538
NDFIP1,-0.04395962498359707
PNLIPRP1,-0.04402431493158248
NCRNA00115,-0.04407661084706558
HARBI1,-0.044077125347066794
DERL2,-0.04408161337258919
VEGFA,-0.044088147002065536
LCE1E,-0.04411503431009529
RSPH10B2,-0.044116234351848485
ARHGEF38,-0.044116548771334925
CRX,-0.044123536651041406
CD151,-0.04414804216512674
PPBPL2,-0.044155902270087734
NLRP13,-0.044173473935154715
FAM76A,-0.0441790145199225
SNORA5A,-0.044257480132969165
CTSW,-0.04427264452250089
GCG,-0.04427296042951277
PCNP,-0.04430466692030287
CD46,-0.044328421668036376
URB2,-0.04438109155307552
WDR59,-0.04438989738053687
MCM8,-0.04441594149540909
FEZF1,-0.044466445484002456
PTPRVP,-0.044492189536660315
CTRC,-0.04451574808868186
LOC729176,-0.04452114485672603
KAT5,-0.04452954409044164
FAM47A,-0.044532449321393434
OR5M10,-0.044539953900326563
BTN3A1,-0.04456245127962682
GTF2H3,-0.04458345766931811
CATSPERG,-0.044607956531216665
OR4F6,-0.0446201256854503
FOXB2,-0.04469438536500477
CST9L,-0.04471512623690113
OR6K6,-0.04471902197849017
SRRD,-0.044729639762971396
OR6S1,-0.04474338426842179
HR,-0.044748229429426654
PPOX,-0.0448236018506528
ZFAND2A,-0.044823676887829095
HPSE,-0.04486278362222112
OTOP2,-0.04488580332286269
PVRL3,-0.044892324281000144
OR2T8,-0.04494607152041239
REP15,-0.04495003207124203
PWRN2,-0.04495095000317981
BPY2,-0.044973936632182354
CHUK,-0.04509973108443346
TMPRSS7,-0.045119971228169194
CD3G,-0.045149585667349314
PTPN18,-0.045163506646195006
C12orf27,-0.045206717012676784
HOMEZ,-0.045226334510298956
DEFA5,-0.04523463817798573
HIST1H4I,-0.045293172402615885
UGT2A1,-0.045314888892738804
HCN3,-0.04535881029051259
ZBP1,-0.04537880329497441
ITPR3,-0.04543613491657398
SMCR7,-0.04546775151397129
XKRY2,-0.04550668047546035
LOC728606,-0.04552694232849585
SUZ12,-0.04561054071216552
OR2T1,-0.04565554599898211
DAOA,-0.0457282909336131
APCS,-0.04576193850850773
ASCC2,-0.045766801018975754
SAFB,-0.04582863166372586
LOC100134229,-0.04583818944831747
RPN2,-0.04596612552425511
TMEM135,-0.04598118551416857
PHGDH,-0.046018197465129425
SSX6,-0.04606340895210917
SUGT1,-0.04606951747603179
TMEM190,-0.04610075099522609
GBP1,-0.04614762349570166
GPR98,-0.04617764582109758
LOC731779,-0.04618823642140255
C3orf38,-0.04623249156561821
SEMA4G,-0.04623790764913833
ZNRF1,-0.046241928870289085
RANBP3,-0.04626397655068806
APOA5,-0.04627659134791081
ZCCHC8,-0.04628819958012238
ALG10,-0.04629233249048208
MAST3,-0.04635861666736183
SNORA38,-0.04636635390641817
CTTN,-0.04638803664249928
NETO2,-0.04641238719223741
CCNK,-0.046472916975618894
C2orf48,-0.04648472618938229
RNASE7,-0.046513707927856036
PAPD4,-0.04652074442887156
STEAP1,-0.04658818301376792
CCM2,-0.046588692812689216
CRYBB2,-0.04659167076025883
CYP2C19,-0.04664102945189914
ALS2CL,-0.04664300660843808
HARS2,-0.046653327674436244
NUP188,-0.04666088055870889
UGT3A1,-0.04671450616153557
KCNRG,-0.0467477473424543
LDLR,-0.046846108806482135
C19orf77,-0.046866411182585624
SFRS11,-0.046893895219564746
TRDMT1,-0.0469333568357208
DSCR3,-0.04693991992795618
ITLN2,-0.046953682797054426
ASB6,-0.047001551629003484
APOA2,-0.04703596705002243
ANKRD36,-0.04704645582192566
SERPINA1,-0.04705983724043131
CD40LG,-0.04709844165553736
MICA,-0.04710994620719399
MOGAT1,-0.04712914867151707
COG7,-0.04719892228015357
LOC151658,-0.047199277741974265
CATSPER3,-0.04721168579520907
AHCYL1,-0.04728676443939969
NLN,-0.04729485621179139
LGALS9B,-0.04733394208382122
PRO0628,-0.04733460990307797
CHMP7,-0.047455834183202095
NPIPL3,-0.047489878356649765
HRG,-0.04751382344923082
CIT,-0.04751728248628821
ACSF3,-0.04764894347517345
KISS1R,-0.04767913122276324
CITED4,-0.04767945622541246
OR10G7,-0.04772355920156044
WASH7P,-0.04774829454589658
FBXO43,-0.04776761282223269
PADI2,-0.04777480391737276
FAM74A1,-0.047815837462384964
CDCA7L,-0.04786705278298078
ZFPM1,-0.047883223300005766
BAT4,-0.04788925567953005
TCF3,-0.047902567116068766
B4GALT4,-0.04790966617607334
LOC729020,-0.047917141640452215
VCX2,-0.047917391205421996
LOC442454,-0.04793690975856935
TLE1,-0.04804115820461775
NCRNA00093,-0.04805744788314221
OGFR,-0.048139320450380524
TP53I13,-0.048147193392123366
PANK4,-0.048153473526427154
LOC284233,-0.048212796436695564
SLC9A7,-0.048219707138072644
TNFRSF13C,-0.04822441195077982
CLDN14,-0.04822616647405637
MOGAT3,-0.04828358643894514
TUSC1,-0.04832553738992166
SNORA13,-0.048326226272213724
USH2A,-0.04839110026012596
C6orf126,-0.048415360612055196
XAB2,-0.04841733127036959
CCDC160,-0.04842814421919254
LOC100133957,-0.04849292553637344
LOC402377,-0.04850550832410932
C21orf57,-0.048544107596955974
ZNF518A,-0.0485471077254533
CBX2,-0.04855827483949019
AFG3L1,-0.048568579943288594
TMED7,-0.04860765217623708
DEFA6,-0.048616421991873666
C21orf67,-0.048660294913498006
C14orf50,-0.04867546743320869
OR4K15,-0.0487113484349396
MIER1,-0.04871152694536169
HUS1,-0.048716776188167804
AKAP5,-0.048741211156548156
TP53I11,-0.04876431476572291
YWHAZ,-0.04878384041443219
MESDC1,-0.048817446945003284
MAGEA3,-0.04881969494330781
KILLIN,-0.0489182882416416
PLA2G4F,-0.04892938539427324
MANEAL,-0.04893303662575253
MOGS,-0.04893350025561629
DNAJC22,-0.04901485181088723
STYXL1,-0.04902960553304418
SNORA71A,-0.04903901665896848
GPR110,-0.04904024488912682
SREBF1,-0.04906509304838275
RBMXL2,-0.04908350259578781
HBG1,-0.049114136442101566
CCDC7,-0.04912596118262397
SNX8,-0.04913481824344007
CCDC63,-0.04915202085169121
MAP1LC3A,-0.0491790551494305
PIGN,-0.0492098191324393
USP26,-0.04921153444191817
OR2D2,-0.04921546897191797
IL23R,-0.04922245756589664
ACBD4,-0.04924558079201407
TMEM146,-0.04927274323582758
BCL2L10,-0.049285383287949604
CA1,-0.04929938497275032
SNX17,-0.049302160384038306
PDXDC2,-0.049325240395153014
ZSCAN10,-0.04934912475821931
CYP4Z1,-0.04935507199975532
UGDH,-0.04936592509742572
VAPA,-0.049407313391449915
MIDN,-0.04941975799446005
RAB36,-0.049432484790095425
TNFSF9,-0.04944855057751017
CYP4F11,-0.049570730965424616
DPH1,-0.04959588332972783
ASPH,-0.04961240550845637
EPHA1,-0.04961398786176715
FLJ44635,-0.04962551075667338
RBM4,-0.049648010729002934
PYHIN1,-0.049672368008232264
DEFB131,-0.049675231931500106
CSF2,-0.04972124364903619
VPREB3,-0.049737705509645375
STAT1,-0.049774276686202185
HDAC10,-0.04978059648463286
SMYD3,-0.04980554652097172
OR4F29,-0.0498212715413194
OR7G2,-0.04984471833673052
LOC643008,-0.04985826543663454
LOC285847,-0.049873189177615476
SPRR2E,-0.049911078729357586
OR1A2,-0.049923242810295705
EXOC1,-0.049970568770511314
FAM46C,-0.049980968285128366
OR6V1,-0.04999211554421957
GIMAP2,-0.05000229627154104
SCARNA15,-0.05002651985533221
MFSD4,-0.050035515650515776
DEFB109P1,-0.050058542334412336
RPL26,-0.05008029020062883
CTRB1,-0.0501399458271828
MDM2,-0.050141479165695196
C21orf56,-0.05016815809453861
ALDH1L1,-0.05020365763659801
SLC5A10,-0.05022957048532399
NSMCE2,-0.05023162559343316
LIPJ,-0.05027215764332381
CT47A11,-0.05033816610144181
WNT3A,-0.05034750121195651
LOC100132831,-0.050370245880089884
ANKRD13B,-0.05042209862693186
DSCR9,-0.05043050042395648
SLC25A20,-0.050455370249404205
MGC16275,-0.05046923792392278
HTR6,-0.05048286274344469
C5orf22,-0.05050411774607637
MIP,-0.05053929776855872
C8A,-0.05054605584148148
FAM3B,-0.05055153702012702
ERLIN2,-0.050608855696886876
RABIF,-0.05062517269967744
CCDC104,-0.05062758802366379
POU2AF1,-0.05062980402264494
GSTP1,-0.05066316268334359
ZNF711,-0.05068802608221049
TBL1XR1,-0.050725217471927896
YWHAQ,-0.05072564296239916
CA9,-0.05074356290752929
LCA5L,-0.05078667310870671
HNRNPH1,-0.050815527480506814
SNRNP27,-0.05084124989117227
MLXIPL,-0.050873853779333754
PSMD2,-0.050885348636299614
SNORA11E,-0.05090479872986058
CDC42EP4,-0.05091233774416053
POLG2,-0.05091540715561927
PDIA3P,-0.05095526501577918
SRP68,-0.0509831165590218
KRT19,-0.050987385530172874
C8orf33,-0.05099968432619555
CBWD3,-0.05107445592154894
DEFB103B,-0.05108709867306813
TRAF3IP2,-0.0510930184446684
GPAA1,-0.05111427149368316
SNORA34,-0.0511478260404617
CYorf15B,-0.05126938213614429
TBC1D3C,-0.05127474700892677
CEACAM3,-0.0513014536227379
TM7SF3,-0.05131005598784868
SDF2,-0.051321738507224726
CCDC23,-0.05132658614489875
ZNF266,-0.05136018904675366
DEFB125,-0.05136535537331912
BCKDHA,-0.05136636335235559
SNORA28,-0.05138816048936186
STK17A,-0.05139404449932575
XAGE3,-0.051397930349317035
FAM92B,-0.051476093400173735
KRTAP5-2,-0.051586711348286615
ZIC5,-0.051663182527006246
ACSF2,-0.05167118695434094
C1D,-0.051688876499057346
SCARNA9,-0.05174267032318415
FAM83E,-0.051766789639676576
SERPINB7,-0.0517708594758856
MCOLN2,-0.05179477840201111
FDXACB1,-0.0518302190736426
RP9,-0.05188289286160996
C1orf49,-0.051905356615322244
SSR2,-0.05191318675029062
FAM160A2,-0.051921191509500204
FAM26F,-0.051954881117695896
ADRBK1,-0.05200718347702002
MTAP,-0.05202241505764731
CDRT15P,-0.052040988213973995
HNRNPR,-0.05206307209715674
UBE2G2,-0.05216699636049643
IL1B,-0.05221314836911157
HLA-L,-0.052228704087520075
GSTTP1,-0.052231260102250245
MYLPF,-0.052235071488669155
IBTK,-0.052254169781846084
UBASH3A,-0.05225547964133898
MMP25,-0.052261597316750785
PSPN,-0.05237676988510909
ZCRB1,-0.052382717031894545
C7orf66,-0.05238891128024267
C9orf169,-0.052426082722495874
DSG2,-0.052468845422702894
BCAS1,-0.0524955001188502
FSD1,-0.05251451516645273
SPG7,-0.05253044828012187
MEP1A,-0.05253275239643919
PKIB,-0.05254784278555112
CSAG3,-0.052560819034543425
AHSG,-0.05260342368600311
HLA-DMA,-0.05264569902078993
SLC4A10,-0.05264841700970425
SNORA52,-0.05272410287945904
MT1X,-0.05274437249463529
TRMT2B,-0.0527995176515315
LOC146880,-0.05280630867262437
USP10,-0.052842081963246766
CYP4V2,-0.052902340806136115
ACSL3,-0.052921089635828075
SCARNA9L,-0.05294260199614223
HADHB,-0.05295616826901512
SNAR-B2,-0.05297057714605636
PPM1N,-0.05297882826042938
HPCA,-0.052984614923720655
SULT1C3,-0.053021933033117315
XPO6,-0.0530261684268336
IGLL1,-0.05314833879787532
TMEM159,-0.05314893439993752
NSUN4,-0.053180961278802674
ERAP2,-0.053199893388713664
SFRS12IP1,-0.05323053304261226
ZNF670,-0.053245561726396336
FAM136B,-0.05329330991931375
GBAP1,-0.05329563791889354
NRGN,-0.05329769663607504
GAS5,-0.053326326329115076
TMEM184A,-0.05333844495022592
MIS12,-0.05333962002355351
METTL4,-0.05344490893591728
SPATA2,-0.05348777170333582
HIST1H2AG,-0.05353179249095948
SLC22A7,-0.05355974871871291
FLJ30679,-0.05372250741103227
AK3,-0.05376750804599744
TRIM43,-0.05377891304557561
BCORL2,-0.05391272974606859
MKRN1,-0.05391860119344719
GAL,-0.05393137112828228
C7orf28B,-0.053960057309162486
TSG101,-0.054009463818832454
XPO7,-0.054039380518157695
STAMBPL1,-0.05405705369313203
DUSP12,-0.054092283949243126
RHBG,-0.0540993178093641
SMC6,-0.05417480869790996
HOXB6,-0.05420043680811564
C12orf4,-0.05422566887106493
DHX30,-0.05425834627926638
KLHL35,-0.054281473679884305
HES3,-0.05428396857561594
PDS5A,-0.05437878431349819
GRTP1,-0.05444044612957747
SNORA41,-0.05444319059240841
SPPL2B,-0.05447074778152774
CBWD6,-0.054485815112356145
C6orf120,-0.054487678732667535
CCDC111,-0.054495857984543816
SCAMP3,-0.05451198312234025
EPHX4,-0.05453121765747031
TSIX,-0.054544396842297886
RNF5P1,-0.05456362294298383
C2,-0.05457988208229755
NOTO,-0.05462649644074977
CXorf26,-0.05462913751971987
LOC285194,-0.05464096475740972
NR0B2,-0.05467116298501069
DCTN6,-0.054682349190032745
ABCB9,-0.05477794483488128
CD96,-0.05481613515019296
SNORA9,-0.05495527413064877
OR2A2,-0.05496595042043992
MNX1,-0.054974750288577984
PAX4,-0.05500313348824922
AFARP1,-0.055012675424350004
ABCG8,-0.05508249443322801
SLC12A2,-0.055104839479451544
CRYGB,-0.05512848374038064
FASTKD5,-0.055135923788314965
C11orf85,-0.0551467850145127
SETD4,-0.055228318426232124
POTED,-0.05523633890806987
FANCM,-0.05524470527431903
C17orf93,-0.05527809229583708
ODF2L,-0.05528757809385087
ACCN2,-0.05528910289669228
FAM71B,-0.05529282223089354
ZAP70,-0.05533433899076791
HMGB3L1,-0.05534327598793587
DYSFIP1,-0.05537752941076282
GDPD3,-0.05538845932527036
WDR78,-0.05540814467646678
ACOT9,-0.05542040633945656
LOC646813,-0.05548904821414749
OR52B4,-0.05549562400843043
AGXT2L2,-0.05550506792874368
HSF4,-0.055532158491547974
SAP30BP,-0.05554340568206546
DCST1,-0.05558896795686616
C16orf46,-0.05560351305902344
SEL1L3,-0.05561636109647198
CAPN13,-0.055681307297364854
KCNV2,-0.05569436413071
C4orf11,-0.05574090935283576
HSP90B3P,-0.05574912587194976
DGKQ,-0.05578721208930196
MANBAL,-0.055812755771278214
RHEB,-0.05582193716350051
LOC147727,-0.055833343903589426
TDGF1,-0.055867169195277365
AMN1,-0.055872511282926
TMEM8A,-0.05589990869741974
RUNDC1,-0.05590608437457457
ZNF700,-0.055922710452939915
C8orf55,-0.055940348801660406
MOCS3,-0.05595097917172934
OR13C3,-0.05595731022439346
F3,-0.05602439834202904
NHLRC1,-0.05612470285156539
EDN2,-0.05613207008213761
UTY,-0.05615041402281692
CLSPN,-0.056174680235996775
LRRC56,-0.05617543644604517
ARL1,-0.05621478340732675
NOL6,-0.05622694837323672
GPRC5C,-0.05627018374896158
LOC221442,-0.05628323954617738
TTLL13,-0.056308760318467564
OSTCL,-0.05631600488615474
ZNF32,-0.05632229613646629
IL17REL,-0.056433828552456246
CYorf15A,-0.05645398747265324
LETMD1,-0.05646482468251179
FAM103A1,-0.05647008318376634
SNRNP48,-0.056491139461451303
C6orf103,-0.05649147164540564
SH2D6,-0.056505118867786
AFM,-0.05650921945823729
PAQR9,-0.05652187961016443
MUC2,-0.05660869933703406
TAF5L,-0.056625212769129844
C3orf20,-0.05664812572676497
IL20,-0.05671617505420999
ULK3,-0.05673779338727576
B4GALT6,-0.05674372445265587
SGPP1,-0.05674463024706879
ERGIC3,-0.0567662065305522
LOC653113,-0.05677762800985524
BLMH,-0.05678576862757404
NCRNA00159,-0.05680163298717206
NPPA,-0.05683325815719781
MFSD10,-0.05684461625105516
ZNF702P,-0.056847166039541756
C19orf42,-0.05695007847180319
LOC389332,-0.05698253057048229
FGFBP3,-0.056983742666675795
OR2T33,-0.05698795246613055
RTKN,-0.05699881859051977
SERPINA13,-0.05700495102829042
OTUB2,-0.05701072938216334
MTBP,-0.057021604541820876
EEF1A1P9,-0.05707822779845916
XRCC4,-0.05709292020970143
ACADVL,-0.05709423090824776
NMB,-0.05710687283626971
ATG4A,-0.05719129443684295
LOC723972,-0.05726664970350244
ZNF814,-0.05726892405921809
ZNF628,-0.05731319083764614
RHOA,-0.05731649792241951
AFP,-0.05737203503113812
L3MBTL2,-0.057396869135800416
GPBP1L1,-0.057473623194401746
NAPG,-0.05753962222577852
SNUPN,-0.057552169529667276
LRPAP1,-0.05757615278772601
ZGLP1,-0.05764056693631466
CRYL1,-0.057698914905365294
TMPRSS4,-0.057734059445635394
VWC2L,-0.05780134776103687
PXMP4,-0.05781215333812208
REEP5,-0.057816325130794495
OR5E1P,-0.05782698761915145
TMEM202,-0.057830358265377343
ZIC2,-0.05793933726501809
OR10A3,-0.057952806479411756
CDKN1A,-0.05795282782791455
ANKRD5,-0.05796678485008388
FUNDC2P2,-0.05805069912850793
C1orf52,-0.05819340972205531
TNFRSF10A,-0.05822088980118744
C3orf52,-0.05822506724399348
OR2J3,-0.058268269618262744
PTPLAD1,-0.05827752382815994
PDE7A,-0.058291996765210255
COPG2,-0.05831003891429486
KRTAP5-1,-0.05831370249106494
LOC400752,-0.05832631238830602
POLA1,-0.058333518767110126
ATP1A1,-0.05835295195282107
INSL6,-0.0583711977807114
PRAMEF12,-0.05838108468933696
C7orf28A,-0.058392513983464754
C3orf39,-0.05845765969378687
ANKRD37,-0.05850962539138116
REM2,-0.05851041640643137
ZBTB9,-0.05856006552067059
CASP9,-0.05859461580215369
ZC3HC1,-0.05859904092173954
SLC19A3,-0.05872154476469001
AXIN1,-0.05873545724545736
C2orf18,-0.05874629272479567
ZNF804B,-0.058756144198030526
NCRNA00081,-0.05876304802478122
RRH,-0.058802475125993466
TMEM115,-0.05880686626089139
SHB,-0.058816939631061035
SENP3,-0.05884733501428354
RDH16,-0.058863177084475075
CLDN8,-0.058923354908698204
FAHD2B,-0.05893720451223851
CCDC110,-0.05896922685045505
ZFAND1,-0.058974113085593194
PRMT6,-0.05898989682529851
TCL1A,-0.05899031423647181
GALNT8,-0.05904632563757868
KIF14,-0.0591100265652897
NOSTRIN,-0.05912815866732181
HDAC2,-0.059163787148387555
TERT,-0.05917861196674505
WASH5P,-0.059186655723376135
HIST1H2BO,-0.059212929970405885
ESRP1,-0.05922544783649108
C19orf29,-0.059233453478208804
AARS2,-0.05924848499182487
HNF1A,-0.05925429731865879
CUL2,-0.05928266675373575
SERGEF,-0.05928542787642299
TRIM6-TRIM34,-0.05929796230553677
MYBPC3,-0.05930799287781145
LOC150527,-0.05931355765964342
FAM71D,-0.05933960625015005
YIPF1,-0.05936546395312655
LOC440944,-0.059393191465319004
PRO1768,-0.059456273543777874
NRAP,-0.05949412555237862
DIS3L2,-0.059495225821715174
MARCH9,-0.05956568594079269
CD8B,-0.059671680174888386
SLCO1B1,-0.05967862540649831
GTF2F1,-0.05972922064372572
TMCO4,-0.05973483828969046
C15orf57,-0.059742110678411536
IGSF9,-0.05979528068859874
MRFAP1,-0.05997331358044105
C9orf85,-0.06005768793099071
KRTAP5-4,-0.060068088487155794
CD177,-0.06010923464564015
TTTY18,-0.060121641818066826
PARP9,-0.06012748526902307
MS4A15,-0.060129842223376063
CRIPAK,-0.060159172152236914
OR51A7,-0.06017166831660719
KRTAP4-5,-0.06023612367185735
SEPSECS,-0.06026129831692473
NCRNA00107,-0.060294718729787186
MMP24,-0.06036298048475022
CPT1A,-0.06048981823743095
CCDC14,-0.06050274010218133
ALG13,-0.06056306094409538
SLC6A18,-0.06063859899712896
OR10A5,-0.06065467139167764
ZNF653,-0.06072752132171044
ATP6V0E1,-0.060734367856149794
FAIM,-0.060752607896643246
NPHS2,-0.06084887925078446
DCAF11,-0.060929138510637554
RIBC1,-0.06098983276807307
ZNF703,-0.06099680797361151
IQCK,-0.061141350849879005
FAM179A,-0.06117441358892958
USP15,-0.061208856547736244
PRB4,-0.06121616061609014
HIST1H2BH,-0.06122644575794091
MTCH1,-0.06126102105542709
REXO1L1,-0.061263471703165456
APOM,-0.061280067838496995
C15orf56,-0.061280276479912195
CFC1B,-0.061291422610643034
RBM45,-0.061319256615781435
RAD51AP2,-0.06133276589715022
TIGD1,-0.06136132555298267
FAM117B,-0.06151459709574436
OTC,-0.061526732635879065
MEST,-0.06152721874410348
GFM1,-0.06153968133736075
ZNF232,-0.061575972371762364
MIOS,-0.06160813883859429
TSR1,-0.06164268335599397
POLR1E,-0.061649930928775264
PCSK9,-0.061715768207979596
HTR1D,-0.06175018937390525
PRKACG,-0.061854579481470016
BRCA2,-0.061857313679568884
SLC25A43,-0.061872199494751895
NEU1,-0.06189615723530768
NPW,-0.06198227977743148
C17orf70,-0.062005809284681516
LAS1L,-0.06201021532973952
GGTLC2,-0.06203714764887184
OR5T1,-0.062044716357591075
AFTPH,-0.062053255808561365
MYO1A,-0.06220779273091874
ZNF721,-0.062216047793375244
TNFRSF13B,-0.06224495877457914
ORAOV1,-0.06226297443753672
WDR55,-0.06228061327041497
PITX2,-0.062332303801652264
PLEKHH1,-0.06233413114700563
BFSP2,-0.06234104844180296
FBXW10,-0.06234571155388955
RALA,-0.06238315702918608
SATB2,-0.062389893458770364
PHKA1,-0.06241366767576414
RAG2,-0.0624228746579349
OR11H6,-0.06242467680761457
ATP10B,-0.062447492423075346
TFDP3,-0.062468597930363856
LYZL2,-0.0624783571524209
GPRC5D,-0.06250209808121132
PUF60,-0.06251923224082598
MYO3B,-0.06252708455988366
GTF2H1,-0.0625578580315063
APOBEC4,-0.06260122119916768
DRG2,-0.06260162046032004
FAM25B,-0.06261465502578296
ZNF443,-0.06265085351105569
GATC,-0.06265131144847928
EMX1,-0.06265610305097193
ESPN,-0.06268002156532297
FUNDC2,-0.06269502908020012
GPR172A,-0.06273633718555816
TRMT6,-0.06275237150503306
PRKAG2,-0.06276455013467006
OSTF1,-0.06278995399084168
MFN1,-0.06280963522364041
C12orf66,-0.0628161135909492
RNASE9,-0.06283016102209127
TMEM168,-0.0628828979124193
SPDYC,-0.06288828818658196
FDPSL2A,-0.06291358522019415
METAP2,-0.06291857187828652
CNKSR1,-0.06294724823247021
SNORA23,-0.06297799044102757
LRRC31,-0.06301842418513769
TOP3B,-0.06318976403828432
KRTAP12-2,-0.06320213316495593
RRAS2,-0.06321133514164275
UIMC1,-0.06321460420654906
NACAP1,-0.06322762209693242
GML,-0.06323590557703161
HGS,-0.06326154338861041
DAGLA,-0.06328668164899028
NFKBIL1,-0.06330136314159752
WDR36,-0.06341582178529523
OR4C45,-0.06344950238832898
LOC145474,-0.06351348514701799
BRDT,-0.0635433332497445
C6orf141,-0.06355620636028787
TMED3,-0.0636228867292986
OFD1,-0.06365523894479092
FBXW12,-0.06367370963592586
EPHA2,-0.06368136650240244
E2F5,-0.06368841992699976
CARS,-0.0637522210711827
RELT,-0.06377973802926917
C6orf81,-0.0638332687435148
KBTBD3,-0.06387116551782306
EIF1AD,-0.06390676144384687
LIMD1,-0.0639092129340644
SHPK,-0.06391798322443655
RNFT1,-0.06393598692400121
WDR1,-0.0639689000322116
PILRB,-0.06396999691919783
ANXA7,-0.06398990980871272
GNRH2,-0.06399421434203607
C18orf18,-0.06405122742305402
TMEM229B,-0.06405231038008119
SIL1,-0.06407546554679557
TIMM22,-0.06410621038607392
SLC17A4,-0.06412264807699873
ABCA11P,-0.06420134232374429
CDC42EP1,-0.0642210176671259
KHSRP,-0.06427103010026233
NLRP9,-0.06427880857750701
ACBD7,-0.06430729884625128
MORN1,-0.06432797935678529
LOC400657,-0.06433340767083869
SLC6A13,-0.06434340665259934
RRP12,-0.06435686850305188
SLC26A1,-0.0643591747152021
PRPF39,-0.06436107556641654
MGC3771,-0.0643669594198421
EHD4,-0.06444373941900884
WDR69,-0.06446452319500545
SERPINB4,-0.06447117738359805
IL22RA2,-0.06449571821245888
TNMD,-0.06456920389805496
C19orf41,-0.06457167742142958
KIR3DL3,-0.06457979149701487
ROD1,-0.0645961802945121
TNNI1,-0.06461183523555449
SH3YL1,-0.06465566520999436
FOXA1,-0.06467261788278157
ANKMY1,-0.06468003222236589
ERN2,-0.06471402260422576
GPATCH4,-0.06474977047433099
IVD,-0.06484241618650866
SPATA3,-0.06486010915838429
OR52E4,-0.06486557763560066
S100A16,-0.0649381842036468
JKAMP,-0.06493822746161738
POLR3F,-0.06498479207581945
PSMD10,-0.06503427622835256
TBC1D10B,-0.06508525925055121
MT1DP,-0.06530989595109764
POMGNT1,-0.06532231662213665
RBMY3AP,-0.06532255042931287
TMEM9,-0.06532420662745893
CLEC18A,-0.06532457921360539
LOC440925,-0.0653247586195603
CUTC,-0.06536035475551967
CCNYL1,-0.06539203307104255
DTX3L,-0.06542635748355416
C1orf146,-0.06542657752320917
SNORA38B,-0.06545187092807518
SDCBP2,-0.06546993071245528
PTGER4,-0.06548040128575443
PLCH1,-0.0654876467860097
GPR44,-0.0655553770174533
MAGEA6,-0.06557119579649456
HSD3B7,-0.06559961754982317
C9orf71,-0.0656011626116856
BTBD6,-0.06564274966013794
ACTL9,-0.06564508854060419
SLC17A9,-0.06568389353693663
GPKOW,-0.0657033245147883
OR56A4,-0.06572646286274979
C14orf104,-0.06573008564354943
DPP7,-0.0657584146687749
STAG3L4,-0.0658090481319863
SLC2A4RG,-0.06581020214896864
SI,-0.06584528158706586
NEU4,-0.06585890062108676
CNPY3,-0.06586001859054397
ZNF581,-0.06587055254345672
CEACAM5,-0.06591991914874704
FOSL1,-0.06595949553781387
IL17RE,-0.06609877803060596
KLRC4,-0.06610801429362317
LOC644145,-0.06614304864163548
FOXD4L6,-0.06618617807093718
SNORA80,-0.06619519558335463
AKIRIN2,-0.06624088763736771
ATP6V1G1,-0.0662560957564531
LOC340094,-0.0662590744498048
SUSD3,-0.06630930857970302
RBMX2,-0.06633750848888102
FAM151A,-0.06633763606339543
PYDC1,-0.06642966437492889
C18orf45,-0.06646182444454263
C20orf79,-0.06652069903952472
FOXJ1,-0.06658383652017179
C1orf63,-0.06659540567245666
TMEM192,-0.0666355321273362
TMIGD1,-0.0667406451411946
TMEM27,-0.06678521992335668
CCDC45,-0.06682973482815961
TMEM150B,-0.06687552534055541
OR10K1,-0.0669216285859158
C12orf36,-0.06692419906850278
MCTP2,-0.06693403701463002
BAG1,-0.06704210692039926
SMTNL1,-0.06705814301763081
DHDDS,-0.06708498282649458
CHORDC1,-0.06709802370585952
C8orf80,-0.06710044789391191
RBM7,-0.06710804394132742
HOXA11AS,-0.06711716959843092
RORC,-0.06713946889329137
CTSL2,-0.06715923853269756
PWP2,-0.06724936711399188
SPO11,-0.06726733530286566
GLCE,-0.06728315134712608
NPSR1,-0.06729994989198292
IDO2,-0.06731721294149214
NMUR2,-0.06732044777752337
AMELX,-0.06733751652556162
TRIM47,-0.06734543637492774
RAD51L1,-0.06734939639168094
CCDC17,-0.06740065405532855
DRD5,-0.06740152204194864
TBC1D3B,-0.06746340779610324
CTSE,-0.06747495614595789
LIG3,-0.0675152970190333
PRODH,-0.06755705481392227
MYO15B,-0.0675578385581509
CYP2A13,-0.06756443310836738
TMEM38A,-0.06758723067889694
RNF220,-0.0675951425957153
DUOXA1,-0.06766593238530941
GNAT1,-0.06767029146958023
ZNF101,-0.0677556738116767
NDRG3,-0.06776258443864182
RAB10,-0.06777639810646302
INPP1,-0.06781086041885975
ADH4,-0.06782856836658022
TTTY1B,-0.06783583178964694
CHPT1,-0.06789139848340192
SNORA79,-0.067897409587042
RPS6KA5,-0.06791982310834915
HOXA9,-0.06795028132860209
FCHO1,-0.06797399943131954
C6orf35,-0.06797881281844644
GSTM2P1,-0.06799659927049279
LOC441089,-0.06805582990925087
CASK,-0.06806296523253336
ZNF480,-0.06810352123636514
PAAF1,-0.0681129361929745
ACADM,-0.06813716747894036
BLK,-0.06818222241781405
ARPC5,-0.0682548944899808
C17orf50,-0.06826995213588559
WWC1,-0.06828984573854859
SUMO3,-0.06829359258532343
LOC339240,-0.06833950440375634
R3HDM1,-0.06834768555205938
COMMD5,-0.06835720750475646
FGFR3,-0.06841742463695816
LRRC36,-0.06844448264272027
ZNF20,-0.06844542020400421
SCARNA5,-0.06847799543897916
NAT8,-0.06854594956622279
VAPB,-0.06857386495932952
PPIL4,-0.06859479813972189
ESR2,-0.06863664517815964
MTUS1,-0.06864149632070297
RPL41,-0.06872955691400096
GPX4,-0.06873025620091196
REPS2,-0.06879256514361938
HTR4,-0.06891952685831307
CYP2C9,-0.06894967646432051
WDR3,-0.06897666727886816
SYPL1,-0.06898818327762324
SLC13A2,-0.06900132823351873
TBC1D10C,-0.06902525045211845
GLRA4,-0.0690590770747183
TXNRD1,-0.06906181845165897
OR5T3,-0.06906864651128063
OR4A5,-0.06906864651128063
SPINT3,-0.06906864651128063
KRTAP13-3,-0.06906864651128063
VN1R4,-0.06906864651128063
C1orf77,-0.06909623603570751
TCEA1,-0.0691134286652088
PRR15,-0.0691152070013687
ACOX1,-0.06916942478804354
TMEM164,-0.06920670548571044
C6orf64,-0.06920733124179448
METTL8,-0.06923270718665994
USP17,-0.06931536279699399
HCG27,-0.06932415057458605
RDH11,-0.06937986902592687
IFIT5,-0.06944464643149417
REPIN1,-0.0694535586214574
LOC728758,-0.06948622462720684
PROCR,-0.06956299432889393
UGT2B10,-0.06960803989277502
NUP210,-0.06965579919377267
TSPAN3,-0.06966408654242313
WTAP,-0.06967526698709393
PTER,-0.06978637276566924
NKX6-3,-0.06990192956737444
WNT8B,-0.0699437729812305
MTRF1,-0.06996225367024912
FAM188A,-0.06997720893129178
ZAR1,-0.07000369557875162
VSIG2,-0.07002962245413909
TSEN15,-0.07003164046231208
ZP2,-0.0700350455867259
PMS2L1,-0.07005900003397274
ABHD5,-0.07010483917023203
ABHD12,-0.07013908683941575
MYBL1,-0.07014216278602674
C8orf41,-0.07014778163544289
KLC2,-0.07019312395374838
TGS1,-0.07019345010287739
KBTBD11,-0.07021956290930431
APOH,-0.07023269307213441
KPNA4,-0.07024220632112885
SPIN4,-0.0702711281962963
LUC7L3,-0.07034406037203826
UCA1,-0.07037928492373935
RPL13AP6,-0.07038350165025326
C17orf76,-0.07040152839906881
GPHN,-0.0704229448748799
SRD5A1,-0.0704513117846559
KRTAP21-2,-0.07047343254201854
VWA3B,-0.07050384698032978
SSX2,-0.07053134075365748
DPP9,-0.07053588910845615
C1orf201,-0.07055784599847562
RNU6ATAC,-0.07056521032090689
TNFRSF10B,-0.07059761613117567
UBAC2,-0.07059778227402005
C5orf33,-0.07059862062829693
KIAA1731,-0.0706233599404788
MGMT,-0.07064152810129098
MECOM,-0.07066675607753514
ZNF519,-0.07068588291053686
GLB1,-0.07069612122212263
BTF3L1,-0.070705785697277
C22orf40,-0.0707345652596144
ELAC2,-0.07076686212439876
D4S234E,-0.07078824759624831
RNF141,-0.07079091347282353
DAXX,-0.07081918430760135
C9orf117,-0.07082536244214856
SLC9A3,-0.0708407454157454
SLC2A2,-0.07100420783996286
CYMP,-0.07102794637526656
REC8,-0.07106435464933622
HECTD3,-0.07108232728854288
KCTD13,-0.07111916823331814
HLA-DOB,-0.07113812448300812
SPAG11B,-0.07116268824450551
MAT2B,-0.07117445167786283
PSMD5,-0.07117862507931287
USP14,-0.07120718272128632
NPAS1,-0.07129525087432906
PGRMC2,-0.07133594895755736
KLRC2,-0.07138243704957725
COMMD7,-0.0713979303766293
OVGP1,-0.07143157454713223
INGX,-0.07146089778301712
BCL11A,-0.07146194156660407
LOC642929,-0.0714790832980911
FAM160A1,-0.07148010867934672
TFF3,-0.07150700468203562
LOC100129066,-0.07152541566943861
KIAA1522,-0.07152963833428233
SLC16A1,-0.07156876154705054
USH1C,-0.07159491330972628
CR2,-0.07161413247554008
PARD6B,-0.07161629179922938
COMMD6,-0.07161866235569038
SEMA6D,-0.07163860596925528
SNORA27,-0.07164296428790883
PTPN20A,-0.07167921442088027
USP53,-0.07172647345244655
DGKK,-0.07177209964573271
SYNGR4,-0.07180697061172872
SLC22A25,-0.07186131613990816
CITED1,-0.07188400244217007
LOC442459,-0.07190601509079296
C17orf56,-0.07192005599860712
TRMT5,-0.07192348112654368
LRRC42,-0.07192522356509372
SLC17A8,-0.07193392082190678
RNF7,-0.07198580828921922
GBP7,-0.0720027697120331
EPHB3,-0.07202035961785301
AP3S1,-0.07211115390446834
C19orf46,-0.07211519194518208
ANKRD56,-0.07212693537600469
LRRC16A,-0.0722383110115391
MED31,-0.07224321005240093
RASGEF1B,-0.07225398794337802
MYH14,-0.07225666643783521
NR1I2,-0.07229103664089584
PHF19,-0.07231441469209356
LRRC6,-0.07236480974848127
TPSG1,-0.07238599419463589
MYRIP,-0.07244453901689492
AKR1E2,-0.07246761270678337
C17orf86,-0.07250227782001976
ZADH2,-0.07252818436254167
LOC100134713,-0.07254012127103238
HIST1H4J,-0.07256756945904823
OTX2,-0.0726345923396579
SLC22A12,-0.07265361658193192
LOC649330,-0.07265385958673394
F9,-0.07266811014578048
LOC646627,-0.07267716388957432
TRIM36,-0.07270258035314442
FAM83H,-0.0727098184696056
RAD9B,-0.07278504542937182
LOC541473,-0.07278721662151152
OAS1,-0.07281393198994017
TOMM20,-0.07281914428307959
P2RY11,-0.07284164308493428
ASPM,-0.07284779436248016
MSRB2,-0.07290613752374363
AGXT,-0.07290682664967676
HOXB5,-0.07293044998937952
RGS14,-0.07295424194400667
HIST1H3A,-0.07300747987535501
KIF4B,-0.07302187942413474
CCDC101,-0.07302800526421058
PGM3,-0.07304027203248246
UCN,-0.07306061299924899
OR2G2,-0.07307923757051955
FBXL14,-0.07311078345822578
PLA2G6,-0.07316908751219046
PRR5L,-0.07317005962589243
LOC100130331,-0.07320573453771288
ZNF394,-0.07324739427326175
EZR,-0.07328443028754274
TMEM55B,-0.07328986479297495
ARHGAP27,-0.07330491838134018
ICOS,-0.0733287943707558
C9orf150,-0.07335347347468385
TSPAN8,-0.07342710547356997
C17orf66,-0.07347883718507948
GSTA3,-0.0734820955682264
ALDH4A1,-0.07348649229410203
GDA,-0.07349528766466727
STK25,-0.07349894899739043
TMEM116,-0.07352012134399756
SLC16A14,-0.07352933136308805
RNASEK,-0.0735485240165471
IGFBP2,-0.07360427905459145
AKAP14,-0.07365209462264342
PYY,-0.07365651708956114
NPEPL1,-0.07365683064224958
AMH,-0.07367128717469067
ABCB6,-0.07370916508777992
SLC25A13,-0.07372038081704875
FRMPD2L1,-0.07376013379160334
SNHG6,-0.07386124314883757
MMADHC,-0.07391677613021476
THEM4,-0.07393689288832901
DDB2,-0.07396579690416857
SNTN,-0.07412882119634939
HEATR7A,-0.07416880579382551
DDX41,-0.07417165915997621
SNORA11D,-0.0742195286239863
IRAK1BP1,-0.07422373273232806
SFTPA2,-0.07424038608991437
NUP88,-0.07428300841288796
C6orf47,-0.07431601396969169
SLC23A1,-0.07434374621220986
SPINK9,-0.07438455656665355
MED25,-0.07440926053235102
BMP2,-0.0744095889242343
CA7,-0.07445215870739942
GYG2,-0.07447933962741247
C19orf23,-0.07449152593349408
CROCCL1,-0.0745451701458223
KRCC1,-0.07458621547572108
RTDR1,-0.07460099346896279
EPB49,-0.07466664188384861
ZNF69,-0.07467060663190002
TMBIM4,-0.07468371807161019
CAPN5,-0.07474333563371006
FBXL6,-0.07478206738274891
LRRC14,-0.07483359099065433
KHDRBS1,-0.07484561382921867
SLC1A5,-0.07484937374782152
TNFSF10,-0.07484949502240561
LOC727896,-0.07486565291275486
ANKRD19,-0.07491050541476513
CCL25,-0.07491228923720245
LOC283663,-0.07493149866337327
CSNK1G3,-0.0749564212268082
ZMPSTE24,-0.0750356098736842
NHSL1,-0.07505798459727013
NQO1,-0.07506516434662065
TMEM14A,-0.07507736396195192
IMMP2L,-0.07512738301211225
MIER3,-0.07518587672106186
TRIM2,-0.07518771756844128
FAM156A,-0.07520870059156112
NF2,-0.07524947934723349
NSUN7,-0.07532641805036153
SPACA3,-0.07532675818426667
LARP4B,-0.07532935725199633
GPR150,-0.07534576215101614
FASN,-0.07536408269707258
AMY2A,-0.0753708436208389
SNORD17,-0.07538128055673114
DNAJB1,-0.07545986985208371
FAM21B,-0.07549203862042164
MIOX,-0.07551894112097202
CCBL1,-0.07552298979098222
GJA9,-0.07552556455199413
PHYH,-0.07553720500336462
SMN1,-0.07554396750431909
B4GALT2,-0.0756108125885946
ZCCHC10,-0.07570564608773188
SELT,-0.07571013568364077
FLJ40434,-0.07571337237247557
DMRT2,-0.07572364029225336
ZDHHC8P1,-0.07575789219887051
MIB2,-0.07586123114625255
SULT1A1,-0.07589072147260341
IL24,-0.07594279016843045
RAB17,-0.07598522577552098
SPATA5L1,-0.07604648884338755
OR4F15,-0.07609257666497017
RAE1,-0.07611162050557604
SMPDL3A,-0.07616879333440096
CHRM1,-0.07619466572085296
TATDN1,-0.07620382165623318
HIST1H1E,-0.07621237150794548
DEDD2,-0.0762195582011389
GUCY2C,-0.07623330229449038
CSK,-0.07628412111918005
NAGLU,-0.0763594350545206
CDY2B,-0.07637726546025754
DDX52,-0.07639377570131295
CCS,-0.07652863480375763
LOC391322,-0.0765435735459971
RHOV,-0.07654989511512743
RPL29P2,-0.07656745838606586
FBXO46,-0.07666663841917477
INTS9,-0.07668894962479925
ALDH3B2,-0.07669789086328718
DCLRE1C,-0.07675209280817291
CRLF3,-0.076806828994446
MIR155HG,-0.07681136291185368
HCG26,-0.07682428256961578
EEF1G,-0.07683610057848299
C18orf32,-0.0768459245091304
UPK3BL,-0.07691676419266605
PARP2,-0.07696116732114441
SAP18,-0.07697902624800229
ASMTL,-0.07699728541658458
MYH15,-0.07703333999984703
C14orf79,-0.07706589167814787
PMS1,-0.07711848333812606
MORF4L2,-0.07715175369757596
SPRR2F,-0.07718735647188514
FABP2,-0.07729069189702785
VPS33A,-0.07731108113173618
RAPGEFL1,-0.07732607045216434
ANAPC2,-0.07732849147318002
SERAC1,-0.07735007017587334
ABCF3,-0.07739319489287967
C9orf128,-0.07741400333553773
SAMD10,-0.07742713817971085
TOP1P1,-0.07742778227555892
RPS20,-0.07745839759745715
MUTYH,-0.07748425931683334
DMBX1,-0.07749696441815598
C1GALT1,-0.07762895002979188
OXGR1,-0.07773694062043335
MKS1,-0.07774963988136756
HES1,-0.07779793266342408
MFSD5,-0.07783114262741349
POLD4,-0.07789873087043199
RETSAT,-0.07793435782520919
PPP3R1,-0.07799350713688726
TMEM38B,-0.07803303035119105
TMEM80,-0.07806974510349428
SLC25A24,-0.07814684106305483
ZNF169,-0.07815899303429423
MCART2,-0.0781708451743471
LOC100189589,-0.07824381980549984
HEPACAM2,-0.07829709995138218
RNASE12,-0.07835694093312043
ENHO,-0.07839985697746521
SCARNA14,-0.07843388671620004
SERPINA7,-0.07847218419039483
NDFIP2,-0.07851847692049024
AES,-0.07852338823785006
CLDND2,-0.07855783396672113
WARS,-0.07862506331972796
PIH1D2,-0.07863306947704714
FAM133B,-0.07863959400561873
BAIAP2L1,-0.07864151839673657
LOC100271832,-0.07864889205207919
TCF7L2,-0.07881669062301748
ACVR1C,-0.07887046204204347
PBLD,-0.07891378472720367
EPB41,-0.07892002218723086
CHDH,-0.07894294126413048
LOC100129637,-0.07895011358903961
KRTAP12-4,-0.07896432577847695
NAT10,-0.07900705989883859
DNAJC28,-0.07903958912029202
CALCOCO2,-0.07905832583437418
EIF2AK1,-0.0790586951782892
GADD45G,-0.07906990526900998
ZBTB32,-0.07910645286268254
LOC441046,-0.07912440277970705
TFCP2L1,-0.07912857454977948
SNORD22,-0.07912902950895463
LYN,-0.0791591024808152
CLCA2,-0.07916412023416185
NFATC2IP,-0.07917516603440121
LOC285419,-0.07917981555477187
FGA,-0.0791842009050425
ZNF497,-0.07919865775226508
IQCF1,-0.07919889432275948
RBKS,-0.07923409462075959
NACA2,-0.0792774131017756
GCLM,-0.07931825566455697
MBOAT7,-0.07933954507671728
IDI2,-0.07938430524476871
PPIB,-0.07939184182301805
FBXW7,-0.0794331874417813
PHOSPHO2,-0.07945962321330122
OR8D4,-0.07946974381661702
SEC14L3,-0.07952378135583787
BTN1A1,-0.07953070668273161
NUDT16,-0.07957402071863952
B2M,-0.0796281885768964
NRADDP,-0.07963788171022018
GAN,-0.07967189551531825
TMEM194A,-0.07976993085117334
COL4A6,-0.07981788965496275
FHIT,-0.07983209219825509
ACCN5,-0.07983278045710905
KRT10,-0.0799021262512726
DUSP15,-0.07990257250683025
HIST1H2BB,-0.07991892358925434
PTDSS1,-0.07992624990465312
C15orf44,-0.07993750326817334
BARX2,-0.07995068484914958
AMMECR1,-0.07995149391872301
ABHD6,-0.08001156886029641
ARL4A,-0.08018410524457371
CD9,-0.08020248633771172
TP53,-0.08023954775852939
BFAR,-0.08027221972348614
UNC5CL,-0.08033243889913504
TMEM123,-0.0803386074614511
TBL1Y,-0.08034086279610847
AHI1,-0.08035980231943182
PPIL3,-0.0803817936187661
SNORA61,-0.08041507757280558
SERF1A,-0.08046417979103236
C18orf16,-0.0804741436031677
YIPF2,-0.08047590384405506
ATG16L2,-0.08049156852480263
SDHAP3,-0.08052561044806927
FAAH2,-0.08056896006055524
PAK6,-0.08058829154314706
WDR83,-0.08067491766812268
IQCF2,-0.08069600233873019
RPA4,-0.08074366134726982
DYNLRB1,-0.08076253422271275
NAA35,-0.08076426160485801
PF4V1,-0.08086000172524348
TMEM50A,-0.08086804429506893
MALL,-0.08090282031285798
C11orf49,-0.08091475576931927
CFTR,-0.08092448258454779
C1orf230,-0.08099259149088958
DAZ1,-0.08101792726971367
FAM185A,-0.08101928407074498
GRIN3A,-0.08103295539791314
HNRNPA1L2,-0.08113958406708548
C17orf65,-0.08116455831074901
HSD3B2,-0.08118592430398637
MCART1,-0.08118825100251659
LRRCC1,-0.08121835959084192
RNF32,-0.08122267571804313
ANAPC13,-0.0812313168538692
SNAR-I,-0.08124345877767586
UBB,-0.08129813177939964
POLR1D,-0.081299405732691
KIAA1967,-0.081311812888646
SH2D1B,-0.0813172489918157
RFK,-0.081353074338011
RNF157,-0.0813905598410867
MAPK15,-0.08144935314074749
RPL37,-0.08145806916262303
NPM2,-0.08152267303081902
C17orf97,-0.08152527951227223
LRRC20,-0.0815354106915914
SPINK2,-0.08154217541619971
AGAP7,-0.08154924417404356
AGTPBP1,-0.08154967921887923
C11orf53,-0.08156317946440213
CD3E,-0.08158080064279552
NPB,-0.08158650266255689
RAB40C,-0.08165829642183577
DUSP11,-0.08165860617372937
CGREF1,-0.08167188385464126
MAT1A,-0.08167900259405922
INCENP,-0.0819100032597571
OSGIN1,-0.0819420652505821
SNX5,-0.0819515170766808
GPR6,-0.08197740677094775
DGAT2,-0.08199356658410321
ENTPD2,-0.08199533933009218
TMEM41A,-0.08205214058285333
EME2,-0.08207702719978856
MAMDC4,-0.08209707795581653
IL1F9,-0.082106363903503
C12orf43,-0.08211012735679504
ATIC,-0.08222053138258
GMFB,-0.08225236681291223
ORMDL1,-0.08230448715077517
TOMM7,-0.0823818283021342
CARD17,-0.08245057310913835
ALDH18A1,-0.0825797760393723
SLC35D1,-0.08258271773289842
C10orf110,-0.08259385617022584
GZMH,-0.08280253035890084
KLHDC3,-0.08283644249452489
PGM2,-0.08284469727820672
CHKB-CPT1B,-0.08284903873705647
ZNF77,-0.08288622041145352
C4orf44,-0.082902905981032
C12orf5,-0.08290359742571186
C12orf41,-0.08292306508057758
RQCD1,-0.08295649337605858
B4GALT3,-0.08299436788135559
AK1,-0.08301017258727449
TFDP2,-0.0830732803289532
PFKFB2,-0.0830775875808934
DAPL1,-0.08308602614821138
VMA21,-0.08311324426699417
OR51A2,-0.08311650681865973
GKAP1,-0.08312888763708577
TCTE3,-0.0831446289591171
RIPK2,-0.08314686134416775
CBR3,-0.083182745338547
UBL4A,-0.08321319700864896
MGC29506,-0.0832319329436705
CXorf65,-0.08329556848137849
NCRNA00188,-0.08330893034639138
SEMA6A,-0.08330908123699214
C19orf2,-0.08331070171692857
STK38,-0.08331174585960104
C9orf57,-0.08331595910902835
FAM86B1,-0.08333706021891248
GOT1L1,-0.08335751335584149
CARHSP1,-0.08336603838501433
MCCC1,-0.08343220985362895
OXA1L,-0.08348956052159238
RBP2,-0.08355103830002024
GRIN2D,-0.08356492536560582
MKNK2,-0.08358901855979767
DRGX,-0.08359255883001741
PGRMC1,-0.0836057840063153
FAM169A,-0.08362024421065821
C9orf125,-0.08362038098765656
TCFL5,-0.08367419765654838
CNIH,-0.08370546056499527
CYP2S1,-0.08372843362591822
CYP4Z2P,-0.08378035949912833
SNORA42,-0.08378780782860132
CANT1,-0.08379051991741561
SNORA24,-0.08383075489388443
ANO10,-0.0838607268817084
ACOXL,-0.08391301903524019
BCL7B,-0.08395297470993422
PDE6D,-0.08396918727484677
PCBP2,-0.08398065963890544
PYY2,-0.0839940872229989
IL12RB1,-0.08404012919479989
KCNQ1,-0.08407763681028929
BZW1,-0.08409556533851306
ZNF239,-0.08410350504179867
FAM189B,-0.08410554427783452
SH2B1,-0.08410585840831346
SPIN2B,-0.08411755552962048
SNORA14B,-0.0841563601776836
PGGT1B,-0.08415775110200553
ZNF202,-0.08416317241102773
NELF,-0.08418619787868845
B3GNT6,-0.0842131339385457
F13B,-0.08422405899067242
C2orf3,-0.08426919236358854
GDPD2,-0.08433678356278794
MT1A,-0.08441981599783115
ETV4,-0.08442439050177737
DNAJC15,-0.0845276228718368
SNTG1,-0.08453910495614635
CBWD2,-0.08456449225831451
ABCB11,-0.08461179505954725
SPIB,-0.08462601096757422
OR9K2,-0.08464589252667205
ISCA1,-0.08465560561476981
MZF1,-0.08467560499964645
MOBKL1B,-0.08467582037670679
ARIH2,-0.08471464313498812
RPL3,-0.08473930647888463
SMYD2,-0.08474847229004635
LOC100287227,-0.08479959445650387
TM7SF2,-0.08482157306486651
C9orf156,-0.0849263799959517
ADCK4,-0.0849405228489059
LOC143666,-0.08499168339624615
C4orf36,-0.0850141830452613
EFNB1,-0.08503031566724689
C16orf48,-0.08513229574922448
TMEM206,-0.08515944159211414
SNX4,-0.08518639691108236
LANCL3,-0.08518879280031366
SLC5A1,-0.08522183360626004
MED28,-0.08526092906904956
FOXK2,-0.08528077905483007
LOC284578,-0.08529809335484802
SNAPC4,-0.08532450806041605
C1orf50,-0.0853416734111032
ZCCHC7,-0.08538456256213713
DNMT1,-0.08540218347576797
CD19,-0.08541216665700214
FABP5L3,-0.08548502587683063
BCKDK,-0.08548813734470705
DLST,-0.08554106908640322
TEX19,-0.08555152973224862
PDIA3,-0.08561934878995753
CCDC57,-0.08562839100256013
C1orf168,-0.08567068087636283
HOXB13,-0.08567702203973422
DMC1,-0.08569561719027538
UGT1A8,-0.08571621075356732
UTS2,-0.08579527032249705
C2orf28,-0.0860048027448408
MAL2,-0.08602253188273899
LENG1,-0.08613451672505684
C22orf41,-0.08613950249201087
KDM1B,-0.08616743672754631
DHRS7C,-0.0861820037924243
RHPN2,-0.08619751225055192
ZNF878,-0.08631326127238488
C20orf111,-0.08633580713343827
KIAA1712,-0.08636355982143289
RPL23P8,-0.08638545816315278
TMCO5A,-0.08639434089038155
COMMD10,-0.08661306469716915
TRIB1,-0.08666936178463187
SAMD13,-0.08673466765682346
IFT20,-0.08680840482851362
NUDCD1,-0.08694073303871039
HAUS3,-0.08695625550470462
SLC44A1,-0.08698187285933438
DCAF16,-0.08700233329843186
PDXDC1,-0.0870100190203711
ING5,-0.08705647862791654
RPAP3,-0.08708257465077947
SEC1,-0.08710998217119933
SLC10A7,-0.08711904859439211
FAM109A,-0.08729161105779516
ENTPD8,-0.08730542179628725
DGKE,-0.08730924458464961
GFI1,-0.08731311899573391
SHROOM1,-0.08731397034701899
RNASET2,-0.08736309727090677
NUDT7,-0.08740092406367192
UNC50,-0.08742337409771227
FAM164C,-0.0874290929797034
SLC5A6,-0.08746783866140491
MAOA,-0.08749089886805463
LCE1C,-0.08749324983835499
FBXO7,-0.08757186500302082
KRT75,-0.08761856965625024
FUT8,-0.08762137431336547
SH2D1A,-0.0876526958463474
YES1,-0.08775385181762257
SERPINB6,-0.08778536704021485
FHL2,-0.08781932869263555
CCDC60,-0.08790969985474653
PEX1,-0.08793092193163761
TADA2A,-0.08793600955994964
C6orf163,-0.0879446755391442
ABHD14A,-0.0879511834280271
C2orf51,-0.08798577229199266
SPATA5,-0.08800382231212031
C7orf23,-0.08801670112367484
TDG,-0.08802997188482897
CEP57,-0.08803964042567948
TNFSF13,-0.08804792258321961
RTKN2,-0.0880718020517782
C9orf80,-0.0880848253164131
MOBKL3,-0.08820003886300173
CCDC47,-0.08823776759480652
HAUS4,-0.08825579831137112
SP140L,-0.08832600813338369
GNAI3,-0.08834215569188121
C11orf2,-0.08835217488246865
CCL14-CCL15,-0.08841927569677016
HSPA4L,-0.08842456114857544
BBS7,-0.08842776006232819
RAD1,-0.08845158013890544
ABCB10,-0.08850895808354844
PRAP1,-0.08851558479778122
TEC,-0.08851691906404571
ATP2A1,-0.08851916497752493
EXPH5,-0.08853715100634331
C17orf99,-0.08854863661144163
RBM15,-0.08855231825859909
ATP6V0E2,-0.08863020955190083
TMCO6,-0.08875615449472052
EIF3B,-0.08875664372567926
LOC100288778,-0.08877517591675471
BTBD2,-0.08881381584830067
C16orf88,-0.08881823160612878
PFKP,-0.08888735074388329
CHMP4C,-0.0889070040721013
LOC440896,-0.08894576074008978
GCFC1,-0.08894589483420502
GEMIN8,-0.08899345080523832
IPO4,-0.08899497253447342
SERTAD1,-0.0890611871604607
MAP1D,-0.08914884394717384
NAT8B,-0.08918975933770265
HNF4G,-0.08922005156925639
ATP2C2,-0.08922160280976602
MYCNOS,-0.08925410407692227
RNF126P1,-0.08932509569908688
HMHA1,-0.08938148583009849
GALK2,-0.08941074791375413
PSME4,-0.08944749692335406
NUP50,-0.08947142049568578
PPIL6,-0.08948085848280453
PANK1,-0.08951475095974648
SCARNA22,-0.08954343722444413
CA5BP,-0.08956894596246098
VTA1,-0.08958003252485032
TTTY7,-0.08962053667349927
OTUD6B,-0.08962783468882163
NGDN,-0.08964127939208767
VPS37B,-0.08964325558349523
CD244,-0.08972678967538754
ALDH3A1,-0.08973211820544541
LOC400931,-0.08973673527690167
TRNT1,-0.08974363250103054
MMP10,-0.08977769049599367
C6orf227,-0.08988821752978689
NEK3,-0.08990992507205936
PPARGC1A,-0.08992690804165106
WDR89,-0.08992983345153342
OAF,-0.08994077748632692
LOC100289341,-0.08994474623415204
GOLGA2B,-0.08996799158924332
PRKRA,-0.09008664320223136
MED4,-0.09008671705716727
LRRIQ4,-0.0901183339202654
WFDC5,-0.09011972427658242
PLA2G10,-0.09013905456374678
PTCD2,-0.09015993297114554
FAM36A,-0.09022047718706239
CD164,-0.0902965129121474
ALDH9A1,-0.09037283033274005
MAP2K3,-0.09037756110864746
SLC22A11,-0.09037763357023211
ACTR3C,-0.09038662935415127
HM13,-0.09047391266802901
TMEM231,-0.09051149739341297
RNF145,-0.09054032773574304
PRPSAP2,-0.09056847718996162
CDHR5,-0.09059406006525636
C14orf72,-0.0906262767882972
RTP4,-0.0906371169327603
FGFR4,-0.09067289894255523
SAMD7,-0.09077893258714984
TRIB3,-0.09079607029749417
ELAC1,-0.09081507284041371
EIF1AY,-0.0908199320895968
CDC42EP2,-0.09084404476190351
PGAM4,-0.0908630660531508
GTF2F2,-0.09089762932188375
PLEKHG4,-0.09089932427731996
CA13,-0.09092699387447674
CDC42BPG,-0.09095614960039237
FUK,-0.09095782472431468
PGLYRP2,-0.09111764251523219
NCKIPSD,-0.09113134762677728
LEAP2,-0.09120286950824967
RFX4,-0.09124484518848307
CHP,-0.091268376825873
FLJ46111,-0.09130086871258514
VSNL1,-0.09136303734458258
MSL3,-0.09143866566758185
C14orf115,-0.09143891666019718
TAF4B,-0.09145015139282343
MRPS31,-0.09150557568411848
XKR9,-0.09160476291265354
PMM1,-0.09162203378340596
GGNBP1,-0.09163877690442651
CHRAC1,-0.09165372864826463
C3orf1,-0.09166197013421114
COMMD1,-0.09167477470841444
SLC30A7,-0.09170604470524087
MLYCD,-0.09173158472402693
CUEDC2,-0.0917377963809415
COG4,-0.09179335028929929
OR7A10,-0.09181255948072174
IARS2,-0.09186003446072938
SSB,-0.09189375990088854
C19orf20,-0.0919195047709437
PPP1R10,-0.09196340988519648
RWDD1,-0.09201567973866653
PLLP,-0.09205245972411977
CPA2,-0.09207510600385285
ALDH7A1,-0.09213122765281151
SNORA26,-0.09215192390925744
HIST1H4B,-0.09222511557614783
PDCD1,-0.09222620582633607
MARCH5,-0.09222629255568994
SLC35B3,-0.09231113587962503
GIT1,-0.09234818784175519
FAM105A,-0.09238663151575723
CDCP1,-0.09245671059707679
WDR92,-0.09245950569300164
ENY2,-0.09247064892965658
WBP11,-0.09248851550912458
DYNC2LI1,-0.09249607610208291
ALKBH4,-0.09264566714876958
TCERG1,-0.09268826623563216
SLC25A32,-0.09270734870279365
TAF15,-0.09275928552726191
LOC144486,-0.09281732360864983
PLA2G3,-0.09287933799581717
FAM60A,-0.09292443319808533
ADIPOR2,-0.09294890927489594
SNORA40,-0.09300374406405501
HEXB,-0.09307991346087412
SCARB1,-0.0931088841185897
TMEM19,-0.09319631331503259
CHID1,-0.0933402103023992
GABRP,-0.09334059174680194
ARL6IP6,-0.09338090269381714
VASP,-0.09345790009164388
C15orf43,-0.09349355185101153
SLC7A5,-0.09349357620965161
C7orf27,-0.09350943268671345
PRKY,-0.09351788531554879
CECR4,-0.0935413863582863
PPM1B,-0.09359676060074593
SEC61A2,-0.09363069795231549
SETD3,-0.09363949815067572
P2RY2,-0.09366853360857465
FAM58B,-0.09368612294338474
CCDC25,-0.09374942763954676
FLJ42289,-0.09376598164500642
SLC25A37,-0.09378786116003807
FAM71A,-0.09386750511906057
SLC6A8,-0.09392694426855233
ADAM7,-0.09393965967144649
SH3BGRL2,-0.0939626437060123
RNPEPL1,-0.0939801407752683
TSPAN12,-0.09400440089093136
HIST3H2A,-0.09409275599840618
C9orf167,-0.0941003442796865
EEFSEC,-0.09412617094509215
VIPR1,-0.09413080721407922
ZDHHC14,-0.09414943852335105
RHOC,-0.09419216054178117
HLA-E,-0.09420067198877835
MARCKSL1,-0.09424370779866678
ALG12,-0.09425325338541908
C1orf144,-0.0943334856516539
RIOK2,-0.09433930388666524
PNPLA1,-0.09433940601246225
SF4,-0.09434650323096976
CIITA,-0.09435362514333455
WRNIP1,-0.09435598254816274
FAM92A1,-0.09437133307159595
MGC12982,-0.09439983633056767
SERINC2,-0.09440465101049476
CXorf40A,-0.0944619535583909
UBIAD1,-0.09457072750465308
UBE2J1,-0.09460241201627649
FANCF,-0.09463815290259044
MLEC,-0.0946696445889532
RNF149,-0.09468690127868014
KDELR2,-0.09477367105478944
EIF2B4,-0.0947781515810763
CCDC113,-0.09483311290949971
PPIAL4E,-0.09488243419635065
FZD3,-0.09488803110421802
MICALL2,-0.09489275255569143
PLSCR1,-0.09490068890494793
KIAA1804,-0.09492472400857276
SNORA74B,-0.09493556079007073
USP18,-0.09496841096518968
ZSWIM7,-0.09505696021459338
KIAA0895L,-0.09506278176529831
NANOS1,-0.09507557529059363
POLR2B,-0.09510666736060802
DAD1,-0.09511101802733839
LCN12,-0.09522622336403255
LOC729156,-0.09525606554362497
IL9,-0.09526823079032673
PPM1J,-0.09528696781585194
AQP8,-0.09541069029193615
SEPHS2,-0.09547024517796716
ATP6V0C,-0.0954723571556304
MUC13,-0.09552594895809885
RAB1A,-0.09556546532347217
B3GALT1,-0.09565372372980921
PDXP,-0.0957289774236396
OR10G4,-0.09576512628372048
ASMT,-0.09579675509621033
SLC39A2,-0.09583669335212863
RNF181,-0.09584453528445977
ATF7IP2,-0.09587720852119286
RIBC2,-0.09589997951971921
C8orf4,-0.09592006857828912
CTCFL,-0.09599431923669285
ALG1L,-0.09606439881818851
MTMR8,-0.09610411252438403
DHRSX,-0.09611821920447859
REG4,-0.09613137333337399
NDUFS1,-0.09618900617454598
C11orf57,-0.09635436386230684
GPR89C,-0.09637724371005896
DCTN3,-0.09639608027716934
ASNSD1,-0.09641886021062196
LGALS2,-0.09642017988766532
MPZL2,-0.09645389917203843
C20orf72,-0.09657225185665222
TBCD,-0.09658749041694703
HIST1H4L,-0.09666199995935817
LIMA1,-0.09671107847014519
PPP2R2A,-0.09675728875775241
VPS26B,-0.09676179612001493
FABP6,-0.09679969467628559
HAPLN1,-0.09684490176446983
FAM3A,-0.09686988267345102
GPS2,-0.09687114894234979
FAM83A,-0.09695508135972573
SULT2A1,-0.09696119495724811
CDK10,-0.09698382808083035
HSF2,-0.09709267398327587
RTN3,-0.09711327361657304
HIRA,-0.0971758614327537
APEX1,-0.09719425666022195
RNF138P1,-0.09719445736568504
RETNLB,-0.09719880476834078
GPR39,-0.09723145895433437
EEF1D,-0.09723680608929139
EREG,-0.09727731997785408
C15orf29,-0.09727738145798105
SYNCRIP,-0.09731972619294484
CLDN22,-0.09738788974504073
SPG21,-0.09744534819080039
RNF26,-0.09750438260405378
HADHA,-0.0975598317653695
CSTF1,-0.09758822964545538
GALR3,-0.09765175118864404
RAB3IP,-0.09774451259082843
ZNF833,-0.09776083396239364
ZNF688,-0.09776255967672028
ORC3L,-0.09783405379962085
PADI3,-0.0978425671042467
RNF167,-0.09784973279097389
C17orf73,-0.09786225381724153
FAM192A,-0.09786777944521045
TSPAN6,-0.09791527784906383
RAB15,-0.09800989957021682
TCN1,-0.09803713703096081
MED6,-0.09807275182447127
RPL10A,-0.09808190951609852
FIP1L1,-0.0981897519935502
GNB2L1,-0.09820991518926228
C10orf67,-0.0982178300197086
SLC25A35,-0.0983092091446894
POC5,-0.09831833865131336
TRPM2,-0.09836986951556217
POLL,-0.09842633530212286
PTP4A2,-0.09853680592774341
MNS1,-0.09862577391907847
HIST1H4A,-0.098651340807408
AGPAT9,-0.09867676311352078
ATOH1,-0.09867879489360606
PDIA6,-0.09868420031019257
ACSBG2,-0.09875121943784831
LGR4,-0.09876526878518886
ACTR5,-0.0988216226675646
C11orf75,-0.09884670749643677
ATF3,-0.09886788578322538
HSD17B7P2,-0.0989041750171958
FIS1,-0.09891257173807845
LCE1B,-0.09897892842275499
PDZD3,-0.0989796792022052
HLA-G,-0.09902141698699948
RAD23B,-0.09906352383726147
GDE1,-0.09908817782363112
UAP1,-0.09910669209578794
SNAR-A2,-0.09912929542869602
XYLB,-0.09917844809778002
CD247,-0.09917942768956074
FAM108B1,-0.09919417594013961
OMP,-0.0992754187453113
WDR61,-0.09930653383085983
CETN2,-0.09931130649354167
SNORA47,-0.09932314367763621
PATE3,-0.09940803611831728
EAPP,-0.0994738300735655
THNSL1,-0.09950419086290695
NPDC1,-0.09952439038678532
GPD1,-0.09952965819250224
RPL23,-0.09953870947021516
CCND3,-0.09954441396575218
GPR171,-0.09956585723311635
NIPA2,-0.09958662789389833
CCDC77,-0.09959517158340779
WDR53,-0.09967162155754922
REG3G,-0.09976988716936826
HINFP,-0.09978080960246224
NQO2,-0.09978458217214221
SNORA67,-0.09978819918343142
B4GALT7,-0.099791345051807
TNNI3,-0.09988936681498546
SPINK4,-0.09992497737398004
MIF4GD,-0.09994125907267232
SLC44A3,-0.09998197941682682
VPS28,-0.10007488290297306
TXNRD2,-0.10007837946967156
RPL31,-0.10010979751325104
SLCO4A1,-0.10012787673829796
FBXO47,-0.10022008606982953
FAM125A,-0.10025058929587717
ANG,-0.10030199277196263
TMEM101,-0.10031425670556442
GCGR,-0.10035450077971625
CRYGS,-0.10037087000234832
DEK,-0.10046837467101916
SNX15,-0.10048672821624362
MT1H,-0.10049364946610506
TMEM72,-0.10049760774090495
TTTY2,-0.10054913751161652
KEAP1,-0.10055411557274112
UBE2D1,-0.10058222126583308
TDRD5,-0.10060639648216059
CCDC22,-0.10069032173548
SLCO1B3,-0.1007783471575868
TP53I3,-0.10081555954440202
MAPK9,-0.10086896131051111
CHST4,-0.10088122815069422
TMBIM6,-0.10097908019596845
C9orf43,-0.10105134773897928
ANAPC16,-0.1010554246230385
LPAR5,-0.1013597222604321
HSPA8,-0.10148085117788501
FAM200B,-0.10152945004910602
SPDEF,-0.1015311313047059
PWP1,-0.1015408929598923
TUBD1,-0.10156358278621211
DUS4L,-0.10165287435288003
TBC1D14,-0.1017112333035422
TRAT1,-0.1017929889156397
BOP1,-0.10181740764488428
ARTN,-0.10183187236716795
KLK1,-0.10188174540051204
METTL2B,-0.10188847329381101
C11orf80,-0.10193604802770281
AQP12B,-0.10195560812424505
YTHDC2,-0.10200884142413
B3GNT3,-0.10201289431932303
DCAF8L1,-0.10201967428831896
SLC43A1,-0.10207233158406528
FBXW5,-0.10213108393995378
HS6ST2,-0.10219831961009791
IHH,-0.10224063945882993
TH1L,-0.10224314968098581
RUSC1,-0.10225425788263273
EXOG,-0.10225556050026728
PRSS16,-0.10227864129521985
S100A11,-0.10229101536322752
TP53RK,-0.10229167664933399
LMAN1L,-0.1023032316900318
ANXA2P3,-0.10239814303876936
SNORA31,-0.10245852487840015
TAS2R8,-0.1025496068727816
MTF2,-0.10258361670521099
B3GNT8,-0.10259085317539089
VRK2,-0.10259171395359609
RPP14,-0.10262832258145344
TAF12,-0.10265821906634827
LAIR2,-0.102689668448484
NEK4,-0.10274893473277465
KLHL8,-0.1027572532936386
KLRK1,-0.10276035390369151
RSL24D1,-0.10281271336631446
LOC100130557,-0.10281273077198895
RAC3,-0.1028148783490686
PIGG,-0.10282878837411574
LOC100128822,-0.10286871044337625
LHPP,-0.10289858447946852
UGT1A9,-0.10292792890156485
RNASEH1,-0.10293583859329862
WBSCR16,-0.10301396604729587
SLA2,-0.10303346711304066
THUMPD2,-0.10304709698644851
MTCP1,-0.1030837303061826
GPR143,-0.10309076792496402
AK7,-0.10310607865652567
MATN4,-0.10318542349771191
CXCL9,-0.10320235978097343
RPL6,-0.10325974704138755
C6orf70,-0.10329394836635677
WDHD1,-0.10332483329757028
TRIM65,-0.10338887613583363
HES5,-0.1034331097220721
PFDN1,-0.10345214665663564
RNF19B,-0.10349707549820232
NCRNA00167,-0.10351935427319142
LST-3TM12,-0.10353960780518814
MTRF1L,-0.1035806775302382
L1TD1,-0.10358411824206352
VAMP3,-0.1035859808020553
DDA1,-0.10359858299641153
ATAD2,-0.10361962291747193
HOXB9,-0.10363760185863896
RMND5B,-0.10364424353896932
LAG3,-0.10366674388330505
PIN4,-0.10378755132883778
DHRS4L1,-0.10380428851770145
PYGB,-0.10382934231368224
SETD8,-0.10383697688716892
TP73,-0.10385485906750612
KCTD14,-0.10389364998995648
TMED5,-0.10390187401190432
MOGAT2,-0.10391861185846811
ZNF35,-0.1039567158839508
C11orf73,-0.10397456643208512
RRP1B,-0.10402298157406341
DHDH,-0.10403846844624519
ZNF684,-0.1040681683142561
DRAM2,-0.10409574528047585
KIAA0141,-0.10411243251041602
INSL4,-0.10414455425541036
DDX55,-0.10426150990317498
PCID2,-0.10428276487068887
C9orf95,-0.10432351601861586
MED8,-0.10432656909458331
MAP3K11,-0.10440185068398027
CD2,-0.10448851473773733
PCCA,-0.10449894674776151
SLC25A29,-0.10451322049062417
ATP6V0D1,-0.1045363118465015
GNB1L,-0.10458323073020323
APH1A,-0.10459309254275187
H2AFV,-0.10460304906486
CFB,-0.1046747800365886
ADCK1,-0.1047612523288135
MESP2,-0.10481647797332942
C11orf94,-0.10484430554393384
SEC11C,-0.10491346747772858
TNS4,-0.10497201835316715
C9orf122,-0.10497701022050088
THAP9,-0.1051971356933569
FAH,-0.10524124258987799
GLYATL1,-0.1052881412800307
MED11,-0.10532219917647655
DALRD3,-0.10533868176009345
ECT2L,-0.1053600042165559
EFNA2,-0.10536864822808074
C11orf16,-0.10539841593479256
SH3KBP1,-0.10544354415676468
HSPA4,-0.10548030149990216
SLMO1,-0.10551907428742445
SYTL1,-0.105611506197283
NOLC1,-0.10568237384748541
EIF3D,-0.1057012935614515
PSMD4,-0.10570455474274783
SNORA74A,-0.10570771534561059
FAM49B,-0.10575897979617524
C19orf51,-0.10578025634157957
HOOK1,-0.10578144572793784
DDAH1,-0.10583600851511844
ARL2,-0.10587714730242839
UGT2B15,-0.10588394618283756
NECAB3,-0.10589987022794733
PSMD7,-0.10590116361503923
RHBDL1,-0.10590454829434327
GALNT12,-0.10606705344393708
CEBPD,-0.10609460449062223
CSF3,-0.10610880054133488
PEX14,-0.10612124125821379
RPS23,-0.10612857763203984
DNAJC16,-0.10614072634829576
E4F1,-0.1061940709583685
SFRS6,-0.10624489136208692
JSRP1,-0.10629837269923911
SACM1L,-0.10638557054941768
SLC3A1,-0.10639563962195642
PCBD2,-0.10644460591308788
RPS4X,-0.10657030363243958
CEACAM16,-0.10659484339866075
LAD1,-0.1065995618702501
HIST1H2BI,-0.10660813872471786
AZI1,-0.10660841714246486
SC5DL,-0.10674146279695373
RPL13A,-0.10676304036806596
LIPG,-0.10676688333852796
IER2,-0.10676707577615209
RNF4,-0.10684451021176374
CYP4A22,-0.10685180515759696
TAS2R19,-0.10685296974745906
TADA1,-0.10690249791205701
PROSC,-0.10691152503525504
TEKT5,-0.10692385437044717
SLC3A2,-0.10693786087846746
TTPA,-0.10701514704713885
RPL22L1,-0.10701537275616733
C20orf134,-0.10703724422817107
LSM1,-0.1071076085252409
C7orf43,-0.10715762476663053
HIST1H2BM,-0.10721171582903619
DAPK2,-0.10730578116591212
UBQLN1,-0.10732496625592369
DAPP1,-0.10733236776998097
PPME1,-0.10737370320875592
C7orf68,-0.10753022442704749
SNX7,-0.10768615062825859
ARSE,-0.10770040946358841
C8orf40,-0.10770198400192138
TRPA1,-0.10776888957122871
MYH7,-0.10776921143370435
OXER1,-0.10792212491261625
KIAA0895,-0.1079266081088859
PPP2R5A,-0.10799053108571156
ATP8B1,-0.10800242956144122
TNK1,-0.10805793585906545
LOC256880,-0.10809517272205442
ZNF837,-0.10809801869409144
OAZ3,-0.10811878858297226
GFPT1,-0.10836796284630364
TCEA3,-0.10838005357306801
TRAPPC1,-0.10838433994838925
PSPC1,-0.1084063034788637
C3orf42,-0.10844848549610342
DNAJA2,-0.10846937843577822
PRR19,-0.10847238230105066
METTL10,-0.10847637807866771
ATXN10,-0.10849221630847833
HSD17B11,-0.1085437606381974
C10orf111,-0.10856567257693536
C1orf86,-0.1086618380051068
ACBD6,-0.10880833009840524
TNFRSF17,-0.10883929853963435
TBPL1,-0.10884764125141545
DNLZ,-0.10887670577402606
OR1D4,-0.10898000685556951
GET4,-0.10899091809046996
C16orf79,-0.10900409206849963
C6orf130,-0.10903150018836598
TARP,-0.10905124284028539
C12orf24,-0.10905280687842103
AGBL4,-0.10908058708031396
BRCC3,-0.10909977228000146
RPS26,-0.10910482597439891
NCRNA00169,-0.10911281812989106
CHCHD7,-0.10932870446851974
GLOD5,-0.10938746205416343
PAXIP1,-0.10950146352180322
KIAA1543,-0.10950870184443058
HDAC8,-0.10951420916444021
PHF7,-0.10952952677131092
DEFB1,-0.10955147680812329
PPP2R5D,-0.1095820322898703
C1orf163,-0.10963671462866983
UOX,-0.10974041930278908
LOC100131496,-0.10975277114653054
USE1,-0.10975504543542391
SAG,-0.10998746942908183
CCDC78,-0.11001944722215817
FN3KRP,-0.11005416264402826
CYB5R2,-0.11008784276845293
SSR1,-0.11010565519930067
GPN1,-0.11013797200364626
IFITM3,-0.11016633666407828
DARS2,-0.11017227804067878
RPE,-0.11029982543540853
CAPN10,-0.11030993550087209
ZNF321,-0.11031027114712985
AIPL1,-0.11033729124044747
PVT1,-0.11035987211961815
LOC148413,-0.11036830842049784
IGSF8,-0.11048355976641391
DKC1,-0.11050296317427012
SCP2,-0.11050617678133158
XPO1,-0.1105208211417739
PTCD1,-0.110574730365756
MTHFS,-0.11059504461751536
SCAMP4,-0.11063637301703841
TCOF1,-0.11067978415198534
CLPB,-0.11068684114396102
REG1A,-0.11069794605533682
SLC35C1,-0.110744430614912
SLC16A13,-0.11077666328999124
SETD6,-0.11079878122497386
TLX1,-0.11081265610607847
WDSUB1,-0.11081956339445916
REXO1,-0.11084195462989943
SLC6A14,-0.11088016574274152
SCML4,-0.11088603406564022
SLC26A3,-0.11089213883487317
SYCE2,-0.110944764953935
STAMBP,-0.11099046494660963
TARS,-0.11103674572576042
C12orf74,-0.1110373995163793
LYSMD4,-0.11107745064829036
C2orf72,-0.11107755395453917
FLJ39653,-0.11108308807422924
WDYHV1,-0.11110748445730288
LSR,-0.11118676403134943
UQCRB,-0.11119247435769049
EIF2B1,-0.1112146002590696
ZNF534,-0.11121604106276767
WDR25,-0.11131454404711205
VARS,-0.111340068088364
ALDH16A1,-0.11135727584359235
FABP7,-0.11139843889224353
KIAA1598,-0.11140426031010003
MRI1,-0.11142796643107361
MICB,-0.11146242846437009
CKB,-0.1114676971238643
C5orf44,-0.11151755806612132
FEM1A,-0.11152504608079145
WDR43,-0.11152580524322263
EIF4EBP3,-0.11153533234110272
B3GAT3,-0.11157736449235381
GLS2,-0.11158170692206408
LEMD2,-0.11159709514867298
DNAJB11,-0.11164992788059355
SPTLC1,-0.11165561259706423
SNORA11,-0.11171287264685031
ACTR1B,-0.11173171552195946
HHLA1,-0.11174268668969958
EGLN2,-0.11178222365473842
LRRC8D,-0.11179666186327122
HNRPDL,-0.11188602062110918
SPNS3,-0.1118881073002059
DNAH14,-0.11191645857167526
CD7,-0.11192691909760395
ANKRD30B,-0.11195846534117423
ABCA12,-0.11201180612623997
FAM86D,-0.11202595184178624
ZNF692,-0.11204484947536546
PFDN4,-0.1120719621743161
KLHL17,-0.11209474202757375
TSN,-0.11210424592215601
SNORA18,-0.11214230540037548
ZNF468,-0.11219422477705557
MYO5B,-0.11241122055069476
AP2B1,-0.11241738750376745
PPP2R2D,-0.11261242125696823
ZNF414,-0.11264134116461147
NCOA7,-0.11279634241075358
TOB1,-0.11279997753978391
PDIA4,-0.11284205796687032
MLKL,-0.1128586001324536
TXNDC9,-0.11296299688112926
C13orf1,-0.11311652353797973
ADH1C,-0.1131901961912514
TEX11,-0.11328719661629377
RHPN1,-0.11331615686267599
ZNF600,-0.11334115816246856
ZNF90,-0.11335606823755454
CXorf38,-0.11336760139814718
OR10W1,-0.11337464084182508
CTBP1,-0.11343315418377689
PGLYRP4,-0.11346231418533588
REG1B,-0.11357242990024982
C6orf58,-0.11366203390167208
DCAKD,-0.1137749540161039
RABGGTA,-0.11377836863782538
DNAJC1,-0.11381311591802762
HIST2H2AB,-0.1138145775989592
SERF2,-0.11381656603127724
XKRX,-0.11386539676336317
GTF2H2,-0.11387367866621725
SH3RF1,-0.1138813730463397
C19orf63,-0.1139078023972114
KCMF1,-0.1139218613959799
KIF12,-0.11397045014550829
OR2G3,-0.11397277787310568
NT5C3L,-0.11397698258686123
UBA2,-0.11400329517690884
TOR1B,-0.11403747418068536
SNORA71D,-0.11415772740493783
TXNL4B,-0.11421828813127792
ZNF642,-0.11436757732127892
KIAA0391,-0.11449251654786154
EIF2B5,-0.11455324948157872
SLC25A31,-0.11457189444078626
BCDIN3D,-0.11464098396080437
ATG16L1,-0.11464247641446658
SVIP,-0.11470767000841181
C19orf28,-0.11473755249995134
PIK3R2,-0.11475114781399001
HNRNPM,-0.11475301239235752
FAM32A,-0.11476221679944903
PMAIP1,-0.11478125926723429
C19orf50,-0.11478907685038722
PTPRH,-0.11482177857982852
INSIG1,-0.11482476694738697
LOC729375,-0.11485915410953025
TMSB4Y,-0.11488403478260445
INPP5J,-0.11491891998886472
COIL,-0.11491987390438005
RAB11FIP4,-0.11492317886405516
ACSL5,-0.11499724253359768
AP1G2,-0.11501269017115835
ATP6V1E2,-0.11503212485969337
TMEM216,-0.11508120639541805
MED26,-0.11510377344702652
CCNB1IP1,-0.11512216032240462
IFT57,-0.11518343328618667
TMEM9B,-0.11523575463355297
VPS4A,-0.11524077990109818
FAM104B,-0.11530561047373847
TFF1,-0.11531929985765377
MTFR1,-0.11534182496853602
CHRNA5,-0.1153479948868738
GFM2,-0.11536809775592989
C1orf43,-0.11546005800548867
C1orf177,-0.11555609329020401
PECR,-0.1155806060719164
FGF8,-0.11561244517070934
IL18RAP,-0.11561450343551072
SNORA53,-0.11566184095285612
LEKR1,-0.11569361957868338
CD3EAP,-0.1157135947232507
SNORD94,-0.11578952458252292
UBE2V1,-0.11582164904039677
PNRC2,-0.11582293803116002
GPR160,-0.11582306016554186
CHD1L,-0.11588108889490928
VARS2,-0.11591244834849859
NAF1,-0.1159611487680685
C11orf1,-0.11600775725087156
FAF1,-0.11601167575979468
THAP10,-0.11611826834562085
C5orf52,-0.1161360728134802
MED9,-0.1162055571522357
CEACAM8,-0.11632228274047095
LIN54,-0.11647577775625931
TOM1L1,-0.11654007390395858
LZIC,-0.11655746596106122
DOT1L,-0.11669325307733629
BAAT,-0.11672258593199482
PTPN3,-0.11673104532852846
LOC285359,-0.11679525707982832
HHLA3,-0.11685830520870524
GLRA2,-0.1168752211978968
C9orf103,-0.11697785271669194
TUBB4,-0.11698780323473397
MOV10,-0.11699956588301633
PLIN5,-0.11707429673144577
CDH3,-0.11709582822867164
TAF1D,-0.11714914761053052
FAM24B,-0.11717399488678608
CAPN12,-0.11718266527241934
TINAG,-0.11720232796190337
CYP4X1,-0.11720733266969993
TMC6,-0.1173219902429864
PALB2,-0.11738345659839881
WBSCR28,-0.11750305907908959
RASSF1,-0.1175285465387398
SMPD4,-0.11753372954792475
RAB19,-0.11754497440597746
SENP8,-0.11757456861653287
RAC1,-0.11757650710300449
SGPP2,-0.11764487189846376
BCYRN1,-0.11769289757442043
CYB5B,-0.11773808211948408
EIF2S3,-0.11780371897436542
RRS1,-0.11789033831250283
HLA-H,-0.11789073954474315
TMEM139,-0.11793224702114001
RICH2,-0.11794984505641665
C3orf23,-0.11798776304014072
HCRT,-0.1180217491774683
THEMIS,-0.11805086164025669
XPA,-0.11810630749757636
HPS1,-0.1181482448090186
EPS8L2,-0.11830569807631326
OST4,-0.11834275614315251
ASB9,-0.11834440454463908
ORC2L,-0.11834864512115403
ATP8B5P,-0.11842130225834542
C19orf56,-0.11842495728844624
PNLIPRP2,-0.11849122612798296
ZNF138,-0.11849971660180023
RXFP4,-0.11850716999772067
PUS7,-0.11853387239827859
PPHLN1,-0.11868916877378288
UGT1A10,-0.11871402110558009
ALDOB,-0.11872087151624752
BIRC3,-0.11874844625748694
CCDC64B,-0.11875306650861572
DCAF13,-0.11875990468014112
RAB20,-0.11880943982693656
CCDC76,-0.1188097787046336
TBCE,-0.11892459783930483
TBL2,-0.11893259639158955
DGCR6,-0.11894888453655915
LRRC8B,-0.11898459122461179
TCTA,-0.11899740553454533
SNORA68,-0.11899814655793368
KIAA1257,-0.11904045946487954
AIFM3,-0.11905815667066728
OR52N2,-0.11907582361612196
KRTAP10-1,-0.11935600752041092
PRMT5,-0.11939513643981196
CLLU1,-0.11939547176017694
POLR3H,-0.11946482683841077
DNAJC2,-0.11946753852279646
FGB,-0.11950314034644416
SNX11,-0.11952922811478615
PPP1R14C,-0.11956858751392428
LCLAT1,-0.11957649018109079
MS4A1,-0.11960917723411262
NFS1,-0.11962918376230129
IQGAP2,-0.11967078896157145
C3orf71,-0.11969112074671635
ATP5G2,-0.1197606376681966
HLA-J,-0.11980502684514376
TMEM89,-0.11990364733273604
TMEM111,-0.11993484231814476
C14orf68,-0.11996544647265836
CWH43,-0.11996697770839947
GTPBP10,-0.12003360437122602
SMAP1,-0.12012927327787602
NIPSNAP1,-0.12015109651396741
SEP15,-0.12016463838999943
LYRM7,-0.12016943010650391
GBA2,-0.12029208780601901
CCR6,-0.12037586046681623
MARS,-0.12039125124418174
XCL2,-0.1204576049582738
TNFRSF25,-0.12050814315518502
CAPN1,-0.12059128319017809
MCEE,-0.12059976490556709
IP6K2,-0.12066025503008956
COPS6,-0.12066237677465179
NRL,-0.12072682540145324
SMU1,-0.12073882158412261
LPCAT4,-0.12077328099731392
CCDC24,-0.12081923996243261
RAB11A,-0.12083057762296001
MCCD1,-0.12086855299634838
KATNA1,-0.1208711656226211
UGT1A6,-0.12087229935102815
DYNLL1,-0.12087414680114163
FAM50A,-0.1209103900302011
SP6,-0.12099187130739548
KIAA1468,-0.12101782920619149
CLCN1,-0.1210179519024828
MPI,-0.12102319727568982
REXO2,-0.12103533848355438
PPDPF,-0.12105683634829936
STAR,-0.12112956799403113
EPN3,-0.12113549256827108
BIN1,-0.12116329522306632
OR51I2,-0.12122056054914128
C6orf226,-0.12130213974366949
CRIPT,-0.121304263915375
SMARCB1,-0.12134756148665705
AATF,-0.12135600346462735
ACOT8,-0.12141678466114453
RPL17,-0.12144772415769722
FAM110C,-0.12144963465225048
MED24,-0.12149105897644287
UCKL1,-0.121508174949
ATAD5,-0.12153687307339768
TUBGCP2,-0.1215500451917777
ANKRD49,-0.12158374341947503
NKRF,-0.12163120643038863
SCGB2A1,-0.12165235647678305
RELL2,-0.12166854887953367
INTS5,-0.1216692489988788
OGFOD1,-0.12168525789824479
TMEM218,-0.1217064035241734
ZC3H12D,-0.12171614488344273
NIT1,-0.12172142770186886
GOLT1A,-0.12174326943190349
RBM10,-0.12181799482500197
MST1R,-0.12183900723225928
UPP1,-0.12190810103133885
NCR2,-0.12191085880860023
PIGP,-0.12203919400595284
BET1,-0.12217893620700072
LOC388796,-0.12221286458447947
MYC,-0.12238898983654771
HAGHL,-0.12248642508122448
ME1,-0.12253638312343192
SFI1,-0.1225449343949354
HLA-C,-0.12257459891835075
B9D2,-0.12259269195628945
DNM2,-0.12259543743736831
CDKN2D,-0.12265810790649488
C21orf119,-0.12266192161740677
C9orf152,-0.1226634291076773
CHMP2B,-0.12267297606105464
KAZALD1,-0.12272580872950067
RANBP17,-0.12273132301555126
ETS2,-0.1228386471784774
FZR1,-0.12284964023396397
C10orf84,-0.12286014083102675
MBLAC1,-0.12290862048135746
TTC27,-0.12294881110393448
RSAD1,-0.12302397246625878
RPS17,-0.12304134244056875
TMEM128,-0.12307354679374333
ASCL2,-0.12307531820153751
C17orf81,-0.12318147498364075
SLC7A11,-0.12322258920079494
RAB28,-0.12332873986631637
KRT20,-0.12334534223137845
HIST2H3C,-0.123347633468075
NAA50,-0.12335691020876903
B4GALNT2,-0.12336654316432318
C9orf69,-0.12337007558711734
MSGN1,-0.12337470397258703
CTSS,-0.12348101998596828
BOD1,-0.1235198618964301
DNASE1L2,-0.12356366865861425
RWDD3,-0.1235657977745673
SMNDC1,-0.12361461795359861
NDUFS2,-0.12363484800308917
AKR1CL1,-0.1236617645172647
RIPPLY1,-0.12374762338112079
RFNG,-0.12381227830063425
TRIM25,-0.12383361567227441
CEACAM1,-0.12388369305272375
ANKRA2,-0.12400989541494076
FKBP11,-0.12407986356230603
PFKL,-0.12408100915361656
SLC6A20,-0.12408227677005924
C20orf27,-0.1241442392670553
CNBP,-0.12416276786091393
CCDC19,-0.12422833629666241
NOP56,-0.12427460176379893
SNORA84,-0.12428964656974491
CMTM8,-0.12434079752968982
SEMG2,-0.12442659872524739
LRP5L,-0.12444325621431271
MTHFD1L,-0.12450941965960599
SERBP1,-0.1245713136621875
ZNF672,-0.12457421116240693
DHX34,-0.12459141228149163
FTSJ2,-0.12459672223391301
SUV420H2,-0.124597632475269
CENPT,-0.12460081749536824
SRP19,-0.12463588977899305
FBXO4,-0.1246608622706305
THAP6,-0.12468919606859212
TMEM56,-0.12469801957943058
LYRM4,-0.12477217686316465
PRRG4,-0.12480604011639473
CLCN2,-0.12481165089843461
LTBR,-0.12481702054161722
HYLS1,-0.12482123227547709
NCR3,-0.12484210947481038
EPHA10,-0.12489394090754881
HMGCS1,-0.12489772468016726
TRMT112,-0.12490520074026396
TGDS,-0.12495726608829107
RAVER1,-0.12496824713311123
ZNF799,-0.1250035742633581
HSD17B8,-0.12508392333007506
DVL1,-0.12529451373172512
RRP7B,-0.1254013215270988
ARHGAP11A,-0.12543071089946303
C22orf13,-0.12544416235106637
SFRS17A,-0.12546535503834824
SF3A2,-0.12551367480148187
ANLN,-0.12552670666749272
PPP2R1A,-0.12552887511681587
LOC653566,-0.12555414001570273
RPS27L,-0.12556369896094693
SLC25A14,-0.12557512776742535
SMYD5,-0.1255803677456038
P4HTM,-0.12559936461007554
TMEM68,-0.1256156477369724
MTO1,-0.12563395722752177
UBA3,-0.12563405356261212
RBMY2EP,-0.1256461502887691
RPL15,-0.12572117376848496
C1GALT1C1,-0.1257313895029553
MORC4,-0.12577803406197546
LYRM1,-0.12579567253019988
LOC402644,-0.12580801503482972
LRRFIP2,-0.1258568298028346
FZD5,-0.12585886819834913
RFWD3,-0.1258785022964973
FOXRED2,-0.12592399089971457
FAS,-0.12595304178160932
TRAPPC6A,-0.12597660633484628
SESN2,-0.12601925140750617
RWDD2A,-0.12603363779412005
IFT74,-0.12614597102481695
SFRS13A,-0.1261671616368868
C11orf17,-0.1263130799843012
SGSM3,-0.12632976555571024
SPAG1,-0.12633514958191883
LOC100128788,-0.12634638111840216
ATP13A4,-0.1263699024341731
AGR3,-0.1263715872430162
C14orf153,-0.1263762131369848
SPCS3,-0.1264147560816111
PFN3,-0.1264177785753525
FBXO16,-0.1264525853108798
DND1,-0.12648714569818284
C20orf196,-0.12650198783417851
PASK,-0.12657494396585792
HS3ST1,-0.1266826418009104
NAPA,-0.12675255931186688
ISCA1P1,-0.1267614019613137
SNORA71C,-0.1268611643277297
RPL12,-0.12686462716818825
GUCY2GP,-0.12688107444513916
MAD2L2,-0.12689503399686433
C1orf109,-0.12694480911554243
STOX1,-0.12697514150090175
ECHDC2,-0.12699349952567862
DUSP8,-0.12707252398816643
SUZ12P,-0.12709908126113856
XPNPEP3,-0.12712793666354869
GBP3,-0.12721153263168003
MUC4,-0.12728357146234492
CWC15,-0.12735872241291227
C10orf57,-0.12737319868301675
SNORA6,-0.12742581444411027
FCGBP,-0.12747121002826015
SLC28A2,-0.127495572472687
GLI4,-0.1275136529804487
USP1,-0.127608773388139
SNRPB2,-0.12765004257789556
RND1,-0.1277568786719773
SPRN,-0.12780604048137456
C15orf40,-0.1278283261805632
C10orf95,-0.1278321927602426
SDR39U1,-0.1279403012983607
ZNF76,-0.12800775922620888
RCC2,-0.12801986544915533
GPR15,-0.1280554527006883
MTNR1A,-0.1281121687836707
PLAC8L1,-0.12811488411533536
CYP4F12,-0.12815107190495356
GZMM,-0.1281850575640004
MRM1,-0.12819180477937195
RTN4R,-0.12819259122956964
RPS12,-0.12820457593453138
ZW10,-0.12832994595879227
UNC93B1,-0.1283420846316993
DENND1A,-0.1283766779661762
SDSL,-0.12841002085041228
PSMD1,-0.12850649224372632
ABCC6P1,-0.12861702827359772
TTC19,-0.12869653402265513
TMEM187,-0.12876318142741602
CSTB,-0.12876925924107763
RAP1B,-0.12896725709759477
PIGU,-0.1290694715148191
LOC100125556,-0.12912638053123196
SH2D2A,-0.1292092051245169
FXC1,-0.12922013207802263
ALG1L2,-0.12927734454322196
NKG7,-0.12930686177251502
ST6GALNAC1,-0.12934118719856488
OLFM4,-0.12935450246999683
RPL8,-0.1293560595686241
MAK16,-0.1293740537098493
WFDC12,-0.12948164495178338
NUDT12,-0.1295033113616103
C5orf55,-0.12950891634581643
TP53AIP1,-0.12965444590464031
CRLS1,-0.1297753329717114
AHSA1,-0.12981902031518386
TRUB1,-0.12988507198837357
SRXN1,-0.12993931302547998
RPS15A,-0.12994658607926954
ATL2,-0.12999678142366036
MT1IP,-0.1300176094371571
PSMC5,-0.1300194488134125
PEX13,-0.1301195642073614
TBP,-0.1301411676911233
RBM17,-0.13014220440768315
COQ6,-0.1301426753159462
RIPK3,-0.1301842224512058
CNDP2,-0.13025214961240295
EMP2,-0.13025517075344287
FAM120A,-0.13028071563947732
PQLC1,-0.13040984680485912
SLC35A2,-0.1304707638787839
CHRNA10,-0.13047317028027325
CETN3,-0.13049553880347273
RPS5,-0.13059536088563303
FBXO22,-0.13063601816175008
TMEM14C,-0.1306440336839047
LEPROTL1,-0.13067703391197985
ASB13,-0.13073450724120125
CD47,-0.13074774431687455
RPA2,-0.13075321854877656
ADCK2,-0.1307553861607577
CLLU1OS,-0.1307749768250218
RPL37A,-0.13079174228979545
MCTS1,-0.1309982041537729
ST20,-0.13101720904517294
HKDC1,-0.13105252419331337
ATPBD4,-0.13125892368769454
EGF,-0.13128989999837384
BPHL,-0.1312917386016267
APAF1,-0.13131720420796197
SCML2,-0.1313959362555814
ANKRD16,-0.1313977775998741
HSCB,-0.1314040694027013
CBX8,-0.1314600906901478
CT62,-0.13148787362886902
GEMIN4,-0.1314947702044237
TUBB8,-0.1315076650688806
CLYBL,-0.13158357444192068
RAB9A,-0.13162292049651197
ARMC10,-0.13164917205192922
RPS6,-0.13167978460591323
GTPBP4,-0.13170170512533066
ESD,-0.13173999752331736
GSK3A,-0.1317450874190739
TMED9,-0.1318802860564495
ARL17A,-0.131880448353089
FAM35B2,-0.13191789413170318
SLC10A1,-0.1319473076936961
C1orf131,-0.1319839899199331
TDRD7,-0.13198533204775437
LGALS9C,-0.13199904693832792
USP5,-0.13205360215351092
MED30,-0.1320761339663501
DDX11,-0.13212169232005394
FGFBP1,-0.1321236944129937
CLTB,-0.13214584990565276
PDE6A,-0.1321580912751133
TMEM48,-0.1321722793142877
KDM1A,-0.13218783329647166
SDF4,-0.1323977685588664
HBS1L,-0.13244124294822923
LOC100132724,-0.13249076553165046
SFT2D3,-0.1324994646129702
MINPP1,-0.1325595906642802
MAPKSP1,-0.13256636038133324
PIN1L,-0.13256984041889183
DHRS1,-0.1327198272330338
NCRNA00105,-0.13272651287051543
C6orf223,-0.13276124679860885
MON1A,-0.13278542735335655
GALNT3,-0.13282277336070644
TSPAN13,-0.13287168001429614
SH2D3A,-0.13291022800399002
SULT1A2,-0.13293948263257271
FAM86C,-0.13312080024182016
LOC727677,-0.13312692238964513
C3orf10,-0.1332104994688205
RP2,-0.13321411657922994
TCIRG1,-0.13323206167792714
EARS2,-0.13323431620598114
ATP5SL,-0.13334742452881573
KCNK1,-0.1334527541426824
FAM119A,-0.13345624613205168
FAM72A,-0.13346010953589255
MKI67,-0.13347824932464492
MB,-0.1334928340879553
HNRNPA3,-0.1335098369220366
CHMP4A,-0.1335558382605323
RPS6KL1,-0.1335624356600708
STARD4,-0.13358003310796157
C14orf184,-0.13369036833497128
GCA,-0.13371756242412422
MGC70857,-0.13376944315386954
PTPN2,-0.13390675292516507
INTS7,-0.13400667462169194
PCGF1,-0.1340522428039348
RPLP1,-0.1341111481482155
C5orf35,-0.13411365823197388
FRG1,-0.1341841946788779
ENPP7,-0.13421437935321218
TRIM27,-0.13421622168906566
CHMP1A,-0.13421848219798294
PQLC2,-0.1342225892376726
KIAA1841,-0.13422704969078586
NSA2,-0.13427377613495722
ZNF195,-0.13430635671669838
CEP72,-0.13431731912551362
POLB,-0.134419251956384
U2AF2,-0.13446658752854673
GGH,-0.1345209577112198
C9orf70,-0.13452384297827816
ACE2,-0.134650252506927
RMND1,-0.13468615389388772
KRT2,-0.13469192831460594
CCT6A,-0.13469475346561316
C12orf44,-0.13472378684775752
C14orf169,-0.13478223145094487
NEK6,-0.13479392792277853
GTPBP3,-0.13480435627475143
TTC39B,-0.13482602653328893
CLDN2,-0.1348468724015893
ELOVL1,-0.13502973987623565
RCL1,-0.13508950366110412
TAZ,-0.13508958202377783
ITPA,-0.1351964896442069
KIFC2,-0.135261546906689
UQCC,-0.13532071784196267
MUDENG,-0.13536123968493355
EIF3G,-0.13550142237177362
PDAP1,-0.1355106829427348
AMZ2,-0.13553861884241483
DCTD,-0.13554143501671675
USP28,-0.13557475559775994
CCDC71,-0.1356331206421757
CNOT7,-0.13563845190543045
STRAP,-0.1356508131433055
C18orf8,-0.13566521104770368
SLC35D2,-0.13582213168952498
TFAP4,-0.13585614472784927
TPRA1,-0.1359155038939865
ANXA3,-0.13595184468267035
MRPL45,-0.13606047994081583
ZDHHC13,-0.13612316581458872
ATP5S,-0.1362999371261563
TTC24,-0.13631404995569335
DOK1,-0.1363747847385033
DECR2,-0.13651207207286992
MED16,-0.13656913721581299
C21orf58,-0.13663381374480008
ANO7,-0.13676538447247513
BEND3,-0.1367846247667682
TDP1,-0.13683304849555436
WHSC2,-0.1368630770483541
NOXO1,-0.13691897399712602
TBCB,-0.13697564650736171
TMEM18,-0.13700917575616614
GOLM1,-0.1370186117837399
RPL11,-0.1370191140229997
ATF4,-0.13706176262746508
CLDN4,-0.13707103660975933
ISOC1,-0.1370773285934143
RANGRF,-0.13727523180071946
BSCL2,-0.13728977734443693
ZNF784,-0.13731617987789285
CORO2A,-0.1373281116186652
ENKUR,-0.13733770281006236
FLJ32063,-0.13736612735569573
MEF2B,-0.13751329787095293
BRIP1,-0.13751819932868922
PODXL2,-0.1376167745580122
CKAP2,-0.13764274858918762
ATP5L2,-0.13776394096521521
RNF114,-0.1377750601493244
PPIAL4D,-0.1377980446983283
CCDC134,-0.13788400800791956
DNAJC25,-0.13789776677459992
GPR18,-0.13798600171177303
B3GNTL1,-0.13799527361135003
TPD52,-0.1380736798215057
PRMT3,-0.138135715771906
MGC14436,-0.1381520774119819
SNORA25,-0.1382580977677944
GALT,-0.13826304784083338
APOL6,-0.1383055402085456
TBL3,-0.13834595387395254
ABCC6,-0.13844961467484307
CTNNAL1,-0.13847834331946676
BCAS4,-0.13849094954611846
RILP,-0.13856800735761052
C9orf24,-0.13856801064042112
TIMP4,-0.13862558308902734
S100A14,-0.1386512853917982
MSX1,-0.13868015445606938
FPGT,-0.1387843021008336
FABP1,-0.1388181947082191
LRP8,-0.1388721968737552
LOC100129716,-0.1389522763445863
RAB4B,-0.13902434023834215
ZSCAN5A,-0.1390343363706616
FAM35A,-0.13907658211843507
C11orf35,-0.13914053267512572
IQGAP3,-0.13916842151222428
C19orf21,-0.13919911843493493
TRPM4,-0.13925946858553617
HAR1A,-0.13928255983024815
GMPPA,-0.1393431535973266
WDR13,-0.13934927549021273
SLC27A2,-0.13936599443828832
FAM134B,-0.139422496020854
PGK1,-0.13942273660040813
NT5DC1,-0.13942560794194678
PAFAH2,-0.13951745441656063
EIF4A1,-0.13956602101563903
DAP3,-0.13961463633475243
SEPT1,-0.13962276756709333
PLCXD1,-0.13966761998454041
ECT2,-0.1396746752735314
RBM3,-0.1396920267838374
RBCK1,-0.13973437086322296
EPHX2,-0.13979632886449841
BTNL8,-0.139877615369539
CEBPZ,-0.13993978520433034
ZC3H15,-0.13996578073626348
LRRC40,-0.13998949509397368
SLC22A5,-0.1400319903919927
LOC100129935,-0.14005064196711853
SNHG4,-0.14021119790901768
ATP5E,-0.14025909843281392
RTEL1,-0.1403754457075833
MTMR14,-0.14039253640581775
PPP1R7,-0.14041438516170066
SCARNA2,-0.14041801005417345
CLDN12,-0.1404799940827131
LYPLA1,-0.14050372112675308
PAK1,-0.14054768552419947
ALDH3A2,-0.14069274652214842
XBP1,-0.1407322167969017
C15orf42,-0.14074347075394644
OR10A4,-0.1407492883974083
SCOC,-0.14078230221633253
TMEM82,-0.14078411679509326
NCAPD2,-0.1408928222353734
ACTL6A,-0.14090831825186556
SGK2,-0.14099332851303434
HMGXB4,-0.14099445481657885
SLC38A5,-0.14101927785542573
RPL13,-0.14113100023045103
LOC595101,-0.1411502390503603
RACGAP1P,-0.1412287086058305
NADK,-0.14126991980707326
PLA2G2A,-0.1412768840474277
CCDC90A,-0.14128289689575693
FAM71E1,-0.14135982387830043
SERTAD3,-0.1414039909711787
DHPS,-0.14143234753918643
DDX47,-0.1414987610074835
LOC100133985,-0.14151735434539575
EIF1,-0.1415768786519274
NANP,-0.1415812899696883
ETFDH,-0.1416352751431724
UBXN8,-0.1416437499520498
PCGF5,-0.14171706649392715
NUDT14,-0.14177397286307306
TMEM11,-0.14183815145559767
DPM1,-0.1418898878156612
ICAM3,-0.14192216125277857
LOC100130987,-0.14194527283391944
PDE4C,-0.1419599647315236
USF1,-0.14201378315084898
CENPL,-0.14202663360942347
GTPBP8,-0.14203222391285797
LOC202781,-0.14204660516763412
FDX1L,-0.14208468818222358
MREG,-0.14210053622948374
CARD14,-0.1421294047865138
GNL2,-0.14223738935246294
OR10A2,-0.14224064677886422
SLC35E4,-0.14225894847498397
ALDOA,-0.1423007757920834
RIOK1,-0.142309402112085
LRWD1,-0.14233407554296182
ITGA6,-0.14237204444107052
KLB,-0.1424007705851166
OVOL2,-0.14250843743577987
RPL7A,-0.14260134132920907
SEMG1,-0.14266578632650959
CAMKK1,-0.14272882499724115
NOX1,-0.14290006157258894
DLEU2,-0.14291697087711688
ELOVL7,-0.14293180295177332
C12orf60,-0.14293189666898073
PDXK,-0.14296876567171576
LOC407835,-0.14302955099232473
C18orf10,-0.1430306610310318
FOXE3,-0.14304606364050057
PIGZ,-0.14307140689364162
GPR151,-0.14313450958939056
LOC100130933,-0.14332812845132709
FKBP2,-0.14334640311898833
PPP1R11,-0.14337569743583636
POLRMT,-0.14341066269378902
DTD1,-0.14342032475854646
NSUN5P2,-0.14345729867954338
B3GNT5,-0.14350954240405578
AFMID,-0.14359063069785682
VBP1,-0.14362583927557174
STK39,-0.143641758865561
GNB2,-0.14365630452694586
RPL5,-0.14368489700369086
CTNNBIP1,-0.14370879027549419
LAP3,-0.14378386065406165
ARF1,-0.14380992544924054
IRF2BP1,-0.14385878029846202
METTL3,-0.1438754938019974
PIGV,-0.14392954240591174
TPK1,-0.14395441829997968
PIGA,-0.14396907071677012
CCDC61,-0.14403762303076692
TAF11,-0.14413316911012183
DUSP28,-0.14417203338868612
HDHD1A,-0.1442020378434663
SDHC,-0.14433560938237175
C14orf126,-0.1443449258400757
FAM55A,-0.1443707162529932
FAM132A,-0.14439073964107088
RPS24,-0.14441622564415948
TMEM170A,-0.14444580763242518
PWWP2B,-0.1444576067110467
L2HGDH,-0.1445203241224698
RNASEH2B,-0.14452852487471934
CAGE1,-0.1445473218794384
PECI,-0.14456148576826905
P4HB,-0.14458176383427443
RNU11,-0.14459188802297507
MGC72080,-0.14465303103615143
CCDC84,-0.14470893073581503
ADA,-0.14471273270111398
CDC26,-0.14479284686732885
TUBB,-0.144802421434202
NUP35,-0.14484374196202826
LDHD,-0.14489547401138528
CNTD2,-0.1449170072984795
CLNS1A,-0.14498242137021683
DHRS7B,-0.14498899209540847
CALM2,-0.14508069971897153
KLK15,-0.14508372141420978
IMPA1,-0.14508674609683214
AAAS,-0.1451167719021677
LYG1,-0.14516631322404153
CCL5,-0.14517321347241666
MTCP1NB,-0.14522934961251724
EFCAB10,-0.1452295939419848
SNORA8,-0.14528249988562028
SIRPG,-0.14529372097752524
RPS25,-0.14544833247453992
CDKN2AIP,-0.14553995898048963
TREX1,-0.14555876244039018
TMEM50B,-0.14562628377107295
ASF1A,-0.14567928814214012
C20orf20,-0.1457056385416912
RPL13AP20,-0.14574380253221172
POU5F1B,-0.1457848963641527
NARF,-0.1458083994961605
DDX31,-0.14587281200353494
POU5F1,-0.14595372696566156
BPESC1,-0.14595669455502008
B3GNT4,-0.14598557864879394
POLR2K,-0.14599413012460466
CEPT1,-0.1460117356174109
SLC40A1,-0.14604369652490376
JOSD2,-0.14614245562327752
SAP30,-0.1461727580231283
MACROD1,-0.14623325594179096
LOC647946,-0.1462708003386446
HAAO,-0.14630963299308794
OSBPL7,-0.14634888563488305
MBD2,-0.14635151588312095
SNX14,-0.14641461590976826
FAM186A,-0.1464519512423052
SLC35A1,-0.14647794918528192
ACAA2,-0.14652326479329109
HNF1B,-0.1465431597603083
ZP3,-0.14662704394216095
ACTG1,-0.14663284516736932
LOC389791,-0.14676934862773733
A2LD1,-0.1468603598897659
TGIF1,-0.14686332114493914
C2orf64,-0.14687858365824055
HEATR2,-0.14697603848677168
PRPF38A,-0.14704963825390552
DYRK4,-0.14709176570995863
RBBP4,-0.14710756148609944
MSH5,-0.14719458010065925
C5orf25,-0.147210445302291
CHST5,-0.14729071155002052
CORO1B,-0.14731497046464015
KIF24,-0.1473298931513981
FASLG,-0.14742674634590533
USP43,-0.14743761543591422
NIPSNAP3A,-0.14746306441670828
HSH2D,-0.1475021826896056
SPDYA,-0.1475133808411284
DDX10,-0.14754058565809275
C9orf163,-0.1475639230260411
SPZ1,-0.14757234397369876
GTF3C6,-0.1475825157963318
CPT1B,-0.14762574039031942
C14orf53,-0.1476499516194975
FAM22G,-0.14773506934920505
HLA-A,-0.147754699410256
SRPK1,-0.14779693470573554
SNHG5,-0.14783210109039166
ATP13A2,-0.14786426008300582
CEP76,-0.1478722876719175
STIP1,-0.14798457323580036
NUP93,-0.14807100190406158
ABCG5,-0.14807656271497763
OSTC,-0.14810086734496444
MRPL10,-0.14812685744667267
ATP5EP2,-0.14814869892961086
MUC1,-0.1481751486818909
IGJ,-0.14824612264127215
KLRB1,-0.1482465597359426
LIN7B,-0.14826171039121225
GZMB,-0.14826412394521374
AGR2,-0.14831476131341106
DCLRE1B,-0.1483182952806379
FBXO25,-0.1483343569067265
LOC339674,-0.14840084894219893
GRAMD2,-0.14841539839640408
RPL22,-0.14845883086922348
WARS2,-0.14853649018181475
SRD5A3,-0.14853804481979305
NUPL2,-0.14858755499246354
INO80B,-0.14867918289410353
DDX56,-0.14872604212413584
SURF6,-0.14878866454008705
REG3A,-0.14879852534314753
FAM57A,-0.14882356639847316
MRPS6,-0.14889032728185606
CBY1,-0.14889413812768293
ALKBH3,-0.14896213881558817
AEN,-0.14896707723270175
MORN2,-0.1489685658183143
LOC440563,-0.14898509087580616
ITLN1,-0.14899651762724608
PAK4,-0.14899711271944807
FHDC1,-0.14904141020874287
PRKRIR,-0.14905500876385183
ZNF789,-0.14906654355745608
RPS10P7,-0.14909241111343643
RDH14,-0.14910242010988342
SPCS2,-0.1491203409585303
C6orf52,-0.14914816609283324
SIRT5,-0.14916730525010885
CNIH4,-0.14921585005012616
METT5D1,-0.14923003417084846
RAB24,-0.14926591613138435
IL1A,-0.1495003478850636
GSPT1,-0.14959616155873928
SKP2,-0.14982093996936163
COMMD9,-0.14993747297488305
KCTD9,-0.15005399795073726
PSMC2,-0.15011513126637263
IMPDH1,-0.1501171524359488
KIAA0020,-0.1501362684335487
CCDC43,-0.15018326774252527
SNORA63,-0.15027056033356598
MINA,-0.15034511778782833
PRIM2,-0.15059419712383249
LARP7,-0.1506674021599377
EXOSC10,-0.15071600986962222
FAM108C1,-0.15071848564752355
CCDC99,-0.15077918668375528
GUK1,-0.15078525132949377
GIF,-0.15078982977431274
SLC5A8,-0.1508684902157694
ATOX1,-0.15093384388041803
DDX1,-0.15106254625192495
SAE1,-0.15114356899153902
GTF3C5,-0.15115459146375107
SAT1,-0.1512308504247966
MRPS14,-0.15129230477164088
WDR76,-0.15135092165009348
RNU4ATAC,-0.15144686450799688
TFRC,-0.15148754775823506
QARS,-0.15150017213362865
LOC151009,-0.15154608823221158
ZDHHC23,-0.1516114773150231
GGA1,-0.15165978846592862
C9orf114,-0.1516616460223695
HDGFRP2,-0.15169573510698256
ITPKA,-0.15169822362667476
RPL35A,-0.1517926543004361
COPS7B,-0.1517952049959124
GCHFR,-0.15182989309989867
CDK16,-0.15184130811363927
CBX3,-0.1518611919863755
SNX22,-0.1518827225513498
RFFL,-0.15200854584301104
TOMM34,-0.15201408769643784
GATA6,-0.15208049463843779
METTL7B,-0.1520826396674115
IFNGR1,-0.15211067580319806
SF3A3,-0.15214078708433404
NUDT9,-0.1521722181731387
PISD,-0.15225563180246873
PSMD11,-0.15227186516017457
C2CD4D,-0.1522926714109007
LPCAT1,-0.15231962203552396
PARS2,-0.15234358192320205
PNO1,-0.152433689742926
FARS2,-0.15248955849905216
BEST2,-0.1525072701353138
HMG20B,-0.15257191328341205
KIAA2013,-0.15266066798276218
C22orf28,-0.15270343300265077
NEURL3,-0.15272051831004893
COMMD3,-0.15278387764390053
NOB1,-0.15278393996617412
CS,-0.1528343843484787
SCARNA16,-0.1528391036962381
GPATCH3,-0.15284070512304593
HOXB7,-0.15285862887670523
REXO4,-0.1529202963519734
FAM72B,-0.15298429492275856
TRAF2,-0.1530642510438558
TAP2,-0.15307246013448625
GDF15,-0.1530983753875544
INO80C,-0.1531014879590998
TRIM14,-0.1531076935302556
CXCR2P1,-0.15311753159741046
COX10,-0.15333903028352328
GFER,-0.15344829226504858
KPNB1,-0.153460818711663
NHEJ1,-0.1535759756263558
SPINK1,-0.15362025205345028
WDR46,-0.153633958292649
NCRNA00158,-0.15365430630167828
IDH3G,-0.1536723877936204
CCT6B,-0.15369331297172917
SULT1B1,-0.15373591607550394
TRMT61A,-0.1537685093143047
MYPN,-0.15380250013695218
PMF1,-0.15390102058725746
CCDC41,-0.15398323216827803
LOC645431,-0.15399784237921033
CLINT1,-0.15405005919078996
ZNF598,-0.1542030116083929
C4orf14,-0.15421508577884335
CDK5RAP3,-0.15428087642442911
PHPT1,-0.15433321647022122
ASPHD2,-0.15436169618348605
RANGAP1,-0.15440789701645136
OASL,-0.15446763580972758
CYP2D6,-0.15447317868574426
FAM135A,-0.1545155158992429
SLC9A2,-0.1545440688304546
C8orf30A,-0.15455493699073833
SELK,-0.15462151298222862
MTERFD3,-0.15467412437933034
RPL36A,-0.15476116342034174
ETF1,-0.15479343587151512
BCKDHB,-0.15480350717835223
GABRA4,-0.15482549061713882
C9orf72,-0.15483600776396336
GP9,-0.15484862203168406
C8orf73,-0.1549642279131761
ZRANB2,-0.15502102124482525
KNTC1,-0.1550763011149762
HNRNPK,-0.15516403443473564
TMEM37,-0.15518479536597948
MAP7,-0.15521338139674398
IMPDH2,-0.1552301025300607
ZNF200,-0.15525732786224886
LGALS3BP,-0.15534003630600418
PDK3,-0.15537827346240068
CXCR6,-0.1555558410707706
LRIT2,-0.15562808557368726
PLA2G12A,-0.15564381161086122
EID2,-0.15569148671943048
SAMD1,-0.15576877771813646
C5orf56,-0.15580765832008675
SLC16A9,-0.15581684200885393
NAT9,-0.15585587437642562
HIST1H4D,-0.15591293081120883
C6orf192,-0.15595885165359716
FAM55D,-0.15599078050739593
SCLT1,-0.15603169494326227
RIN1,-0.1560971337249827
TRIM21,-0.15621588560640387
CINP,-0.15628783385689876
PPP1R16A,-0.1563561068260643
DNASE1L3,-0.15636479484748328
SLC7A5P1,-0.15648105655593783
ZNF584,-0.15650762013278824
DDN,-0.1565155643966083
CD24,-0.15653921304996415
PARP3,-0.15660777287833763
PUS3,-0.15672341200321646
VRK3,-0.15675464843688075
SFPQ,-0.1567720909183175
NARS,-0.15678867192859192
SIRT7,-0.15683356461959444
NME3,-0.15683786130174898
NAA40,-0.15684431486700537
BTF3,-0.1568647093800771
CEACAM22P,-0.15694023275054267
LOC645332,-0.15697255246852693
DBF4B,-0.1570634279140551
CHAC1,-0.157119417210781
SULT1C2,-0.15718127281753624
C2orf43,-0.15718529996716743
FAM72D,-0.1571991478208954
DDX51,-0.15733790459727887
HIST1H3J,-0.15739519513684028
PPFIA3,-0.15741977670408713
HNRNPA1,-0.1574519260552078
DGCR11,-0.15745818308944018
SEC22A,-0.15746970919602243
HIST1H2AB,-0.15750286575151692
ANKRD58,-0.15770162841246924
MTL5,-0.15770738339865017
AP1AR,-0.15776409856915824
SRI,-0.15781776911703152
CBWD1,-0.15782710604274464
HTATIP2,-0.1578916952984418
MYEOV,-0.1579025320836378
SLC22A18,-0.15793117539873994
KCNE3,-0.1579424591986335
PEX3,-0.15806276200135125
RPP25,-0.158226478500312
COPS3,-0.1583702099961787
IER3,-0.15841348250476792
LOC401052,-0.15842005953706464
LOC93622,-0.1585051429440381
HIST1H3H,-0.15852755229981985
TRIM10,-0.15856981196498088
SLMO2,-0.1585769625457722
ZNRF2,-0.1586827683043647
AREG,-0.15868919013834534
LIPT1,-0.15870902881907611
MAT2A,-0.15871117508355173
UBA5,-0.15871226406846528
POMT1,-0.1587321495309242
LRRC26,-0.15878545062233543
CCBL2,-0.15885926023864153
CTPS,-0.15887894363036018
C9orf37,-0.15889121031266787
C17orf95,-0.1589355600368878
PCOTH,-0.15895010092669526
ACOT13,-0.15897287774804997
SLC30A9,-0.15897362682369864
PAQR4,-0.1590224601642178
CPNE7,-0.15902977087869144
NFU1,-0.15907592116087
DENR,-0.15911675143036
SARS,-0.15916998327189416
TAPBPL,-0.15921350903456138
OVOL1,-0.15924575984663658
TDP2,-0.15924974940482828
ASPSCR1,-0.1592870180459935
TFDP1,-0.15929333996646147
ACO1,-0.1595180580843396
MSH6,-0.15967988250708515
SLC9A11,-0.1597464968304453
RAET1E,-0.15974910324626146
JMJD6,-0.15977200343690795
DCLRE1A,-0.1597799511011042
OSGEP,-0.15990880068436777
JUND,-0.1601197462160502
LARS2,-0.16012851897445374
HIST1H3G,-0.1602582898045036
DDX54,-0.1603235443496461
HAX1,-0.16038256689914224
H3F3A,-0.16038531394279093
MDS2,-0.1603946853787134
NUDT2,-0.16046127974836075
PTPRCAP,-0.16048156958221227
CYP2D7P1,-0.16051670886337702
C4orf29,-0.16051740952797997
NOC3L,-0.16056394318518383
CPSF3L,-0.16059982513480484
AIFM2,-0.1606080074785691
FITM1,-0.16063979841808101
STK16,-0.16064321626224604
LYPD6B,-0.16065171232935285
TARBP2,-0.16065810407147235
TRIM28,-0.16068533109702257
KLF1,-0.1607930950633577
KRTCAP2,-0.16081103857489534
EFTUD2,-0.16081832394991494
AARSD1,-0.16086917798904066
PAPSS2,-0.1608794222140886
ESPL1,-0.16093973160641467
RPS18,-0.16094487298387716
HIST1H3B,-0.16099896041644174
MT1G,-0.16102965694969845
AKR1B10,-0.16103140790015374
KDELR1,-0.1610675582486509
KLF4,-0.1612336560076278
THG1L,-0.16128004401895585
CD164L2,-0.1613816960087875
TMEM62,-0.16138209635589865
RSL1D1,-0.16142451188186693
G3BP1,-0.16149620649900323
MBD3,-0.16152599440439658
C17orf101,-0.1615409146849072
CA2,-0.16164597670699618
OPLAH,-0.16167418150148244
C17orf96,-0.1617187217665278
IL15,-0.16172345018084605
EXOSC6,-0.16179204812001052
C13orf34,-0.16180985708188036
SMC2,-0.16181071168156372
NUP107,-0.1618289599574944
RMRP,-0.16183593209254873
GALNT7,-0.161853992111206
BTG3,-0.1618563880704374
PNKD,-0.16191942896014644
GSTO1,-0.1619240654568794
CDHR1,-0.16195110824739423
AGTRAP,-0.1619555148604786
MOCS2,-0.16197789856147518
GNPDA1,-0.16197857102884303
ACSM3,-0.16199017228448723
KIAA0664,-0.16202400046678492
LGTN,-0.16204270298092435
TMEM92,-0.16214496229257078
DHRS9,-0.16218602327940662
AGK,-0.16227433976002198
HAS3,-0.16231054801193426
SLC25A26,-0.16231367213443063
HPS6,-0.16235746683607963
C14orf1,-0.16240244488811537
RNF208,-0.16242004803272805
RNF5,-0.16243036700028432
ILF2,-0.1624461830056711
RPAIN,-0.16251668422770837
CXCL17,-0.1625371504936971
RAB26,-0.1625874981336092
SHISA5,-0.16264427182545999
RPS11,-0.16268439857977002
DHX15,-0.16272138765421293
ACOT11,-0.16283529324240742
MKKS,-0.1628646447569491
PL-5283,-0.16286571808475114
TTLL6,-0.16291096840462121
IL1F7,-0.16292524534017194
BAT1,-0.16294089826959715
APOBEC1,-0.16305280180800344
PIGQ,-0.16306331397048113
ETNK1,-0.1630996190305372
LRRC47,-0.1631518358879434
HSD17B4,-0.16319007794871365
LOC25845,-0.16325142135431034
DUT,-0.1633549985454049
EXOC6,-0.16335659261471006
CHMP2A,-0.1633919682749467
C20orf118,-0.16340441919928486
GBAS,-0.1634240441883266
SRP72,-0.16346815564279882
FANCC,-0.16362295378697794
ADH6,-0.1636488569384462
FBXL8,-0.1637955081226684
MIR17HG,-0.16386831295533602
GSTZ1,-0.16395181588201868
SARNP,-0.1639518285281053
ZCCHC9,-0.16398084469094085
MFSD8,-0.16399485000164077
FAM111A,-0.16401303590501184
C1orf97,-0.16404897992764167
SHD,-0.16411262115226377
EAF2,-0.16414135960648482
ACAA1,-0.16414511452676364
C15orf58,-0.16419434442940695
APEX2,-0.164297618768255
ALG5,-0.16436153015551658
LDHB,-0.1643715692973443
GPN3,-0.16440246213827098
CCDC73,-0.16447671425597823
BCL2L14,-0.1645028674428198
CYP51A1,-0.164511359540799
HIST1H3C,-0.16457475584573675
RALY,-0.16457702223457074
WDR5,-0.16466112155754822
TMEM180,-0.16466978391221335
C1orf35,-0.16476829470562382
AQP11,-0.16477505616481933
SHMT2,-0.164787827885779
RPL10L,-0.16480077826490788
BACE2,-0.16481016977181714
GK3P,-0.16486977953616425
SLC35B2,-0.1648851093300572
E2F8,-0.16489946646677328
LYSMD2,-0.1651542975189439
SMUG1,-0.1651681364033273
CD8A,-0.16519309933762252
AACS,-0.1651963527419554
THOC6,-0.165246457477974
XK,-0.16524784191190575
E2F7,-0.16531729674945914
C1orf112,-0.16534457822026494
UCHL5,-0.16546299873427153
LARP1B,-0.16554975648883802
IKBKE,-0.16557360378378075
C6orf211,-0.16559785917117098
NOL10,-0.16563656879259767
SIGIRR,-0.16576878060266817
HIBADH,-0.16583127453737237
HIP1R,-0.16583253595547032
C2orf69,-0.16583464877346862
HAGH,-0.16585703761215365
PRKCZ,-0.16610358605825656
TRMT61B,-0.16615461528106695
LSM10,-0.16619757967234897
TNIP2,-0.1662102972175781
TLCD1,-0.16621752674654588
SULT1A3,-0.16624342691784702
TMEM205,-0.16633371030675417
MGAT4B,-0.1663838002103449
COPS5,-0.16638534274534286
RFXAP,-0.16648414032849204
KRT8,-0.1665444779870658
C12orf32,-0.1665622316066096
CCDC85C,-0.16656477271296768
TARDBP,-0.16659283176508663
IDO1,-0.1666918618583691
GPN2,-0.1667208660954842
ZWILCH,-0.16673656632255826
OR10Q1,-0.16680124410552088
IAH1,-0.166906107920165
PSMC6,-0.16690812558157897
ELP4,-0.16696151934756315
WDR90,-0.16700151341387753
CCT3,-0.16701616951839057
SH2D4A,-0.167112599876557
EEF1B2,-0.1671183181912317
C5orf43,-0.16713696717470466
TSPAN15,-0.16719065226396287
RLN2,-0.16722640790102228
SAA1,-0.1672402693524336
CBR4,-0.16731243909789933
CNNM4,-0.1673199306157598
PIM2,-0.16742598691578478
ACY3,-0.16748154248468877
PPIE,-0.16752748103781348
SAMD5,-0.16757895409154913
ABCF2,-0.1676892602481296
SURF1,-0.16769929948340725
NR2C1,-0.1677428822137571
ZSCAN16,-0.16774578871296103
TTC9B,-0.16781091739738516
MTHFD1,-0.16781887456939662
COG2,-0.16788595572582699
PCGF6,-0.16788824960153026
ZNF259,-0.16790327770370037
ACPP,-0.16802094679714052
NDOR1,-0.16806462921795112
LPAR2,-0.16808406898873715
KIF4A,-0.1680957242280636
EPHB2,-0.16811327840520832
PMPCB,-0.16824061361762543
ADAP1,-0.1682716341682885
NFE2L3,-0.16827322026400457
NOL11,-0.16840798359369322
RPL23A,-0.16847831125017662
EFCAB4A,-0.1684786287260727
KAT2A,-0.16848596341937552
LYPD6,-0.16864345605990463
PGAM1,-0.16864399105797614
ZNF330,-0.1687270481506998
RNASEH2C,-0.1687889909087974
CES8,-0.1689049292514007
ACD,-0.16903673308699807
TRIM26,-0.16904948037132803
ADAT2,-0.1690775623748859
RHEBL1,-0.1690955582979458
SNORA57,-0.16909676316021507
RBMX,-0.16910570823187884
SH3BP1,-0.16915890417553112
TIGD4,-0.16916139403252495
MGST3,-0.1691677858041565
BCMO1,-0.1691874260546912
EWSR1,-0.16921387525080656
CDC25B,-0.16925194330321003
CLP1,-0.16926630855066077
UBXN10,-0.16943587929014595
WDR73,-0.16950614633355762
ZNF207,-0.16961896577205007
ZCCHC4,-0.16962476322476783
LOC645676,-0.1696724138347257
PGLS,-0.1696777502030703
UBE2A,-0.16971154589552295
RPS3A,-0.16973340265509404
EXD3,-0.1697700342590314
TIAL1,-0.1697827804676096
KBTBD8,-0.16993707830272797
LYPD5,-0.16996622730614466
FAM81A,-0.17000478936639632
SLC9A3R1,-0.1700333653536346
TSPO2,-0.17018540820250722
MAP6D1,-0.17031901567346228
DTNBP1,-0.1703368090950463
RBM14,-0.1704489179759229
C18orf22,-0.17056756495576322
PAQR8,-0.17061366768970151
PDE12,-0.17068851269005345
PF4,-0.17070307649360236
RPL19,-0.1707934599045587
PFDN2,-0.17082679753313668
ZNF440,-0.1708385067874986
CCDC42B,-0.17088998473321862
ASNS,-0.17089138139453128
CYBA,-0.17089694145329468
PHLDA2,-0.1709408326283791
LOC642846,-0.1709521214633732
OVCA2,-0.17095906917825154
FAM98A,-0.17100707798767237
TOP2A,-0.17102767179169093
TMEM143,-0.1711085521639154
DGCR6L,-0.1711223420828697
TTC1,-0.1711401132849725
SNORD15B,-0.17114783471925896
PABPN1,-0.1712159591956026
SERPINB1,-0.1712788170179457
TPI1P3,-0.1713728580449009
PQBP1,-0.1713817575509188
HIST1H4C,-0.17138279183438307
BAIAP2L2,-0.1715217164600227
LIN9,-0.1715304323148226
NAGPA,-0.17157173712409088
WDR45L,-0.17165473642956447
FAM35B,-0.1716656375353081
ATPAF1,-0.17167560094296155
NME1-NME2,-0.17177132519248006
PPARG,-0.1719092959579681
CCDC85B,-0.17196084112038995
LOC100128191,-0.1720463287707535
RPS8,-0.17212328072422536
GPX1,-0.1722109577445565
NUDT18,-0.1722618432417496
UBE2F,-0.17230084182830682
PPAPDC2,-0.1723276828420984
AIM1,-0.17233098921649692
ATP1B1,-0.17233742267571672
AKAP7,-0.17234041983219425
PDRG1,-0.17235160123141208
SCCPDH,-0.1723541802259587
CARS2,-0.17237100920218912
RPS9,-0.17237815251996585
STARD7,-0.17239009738980593
PEF1,-0.17242777357495184
ITM2C,-0.17245973233234513
TMEM42,-0.17246291418413157
UBE2I,-0.17247630260604446
C2orf82,-0.1724952674880511
SSR4,-0.17253273173911368
TMEM102,-0.17254475424195184
IDH3B,-0.1725756995586704
SLC35A3,-0.17259485598764754
CRELD2,-0.17266846275466038
CSE1L,-0.1726898106142085
PFN1,-0.17269862045893225
RNFT2,-0.17274352307755966
AHCYL2,-0.17277407477560308
MST4,-0.17277548942189702
AP1S3,-0.17286397950263815
ZNF622,-0.1728936074816905
CENPI,-0.17293354268085664
C19orf52,-0.17299751745054773
C5orf28,-0.17302014915562192
RBM28,-0.17306312229784557
SCARNA10,-0.1730950183058973
NAMPT,-0.17315305984393867
AMN,-0.17315984654152725
NUS1,-0.17316212511805323
CCDC88B,-0.17325907622593267
ACOX3,-0.17326121415112034
SCO1,-0.17343789099865356
EIF3IP1,-0.17347335344619214
PREB,-0.17352376065702907
RAD51C,-0.17352481632307573
ZCCHC17,-0.17361266816425647
KHK,-0.17369030486207016
ZNF215,-0.17372980763761417
PSTK,-0.17377635097788915
RARRES3,-0.17388356278639777
OCIAD1,-0.17403031313943074
RPS26P11,-0.1740621909193834
GTF2H4,-0.17421311400117065
USP45,-0.17434674942936357
GMPS,-0.17436451312355455
FAM3D,-0.17439936780699178
IFI35,-0.1744053972538624
RINT1,-0.17449790434867035
C3orf33,-0.1745320299826282
RPL9,-0.1746142429539396
EPS8L3,-0.17475665315301658
HNRNPA3P1,-0.17489921537429337
USP39,-0.17500519936372017
HSBP1L1,-0.17502481068898923
PLEKHG6,-0.1751020855530019
CCDC21,-0.17510639264576558
MRPL30,-0.17513118777689615
FUNDC1,-0.17515455292734217
ACSM1,-0.17522012699965145
LOC399815,-0.17527962862764865
GPR172B,-0.17548412493498763
IRF8,-0.17559711181898702
TRA2A,-0.17566421612195687
BLNK,-0.17570683048781052
HDDC2,-0.175760212679986
CDK2,-0.1758160180335712
UBE2V2,-0.17586466805575632
HIST1H2AL,-0.17592335399112788
HARS,-0.17599232822647462
STXBP6,-0.17600384373970196
D2HGDH,-0.1760155753034428
RPS29,-0.17604861009666675
HIST1H3I,-0.17605633310310795
FN3K,-0.1761317623907331
PIP5K1B,-0.17616912772412577
RNPS1,-0.17617142715412829
PI3,-0.17619686540155752
C12orf10,-0.17620228931579981
PARP12,-0.17622883622204777
C2orf89,-0.17636663034510652
RNF8,-0.17646323629353536
YWHAE,-0.1764998172835659
PSMC1,-0.1765254191201341
TMEM171,-0.1765367652620524
PDLIM1,-0.17658614126950264
MVD,-0.1766212053091707
ACO2,-0.1766290732647667
NFKBIL2,-0.17667749434107063
KIF20B,-0.17670209687412933
RNF148,-0.1767035984402556
STK11,-0.17677525192436994
ATOH7,-0.17678989960608474
UGT2B7,-0.17680503644210174
PARM1,-0.1768703124165032
RPL32,-0.17690373557153422
LOC388789,-0.1769297016335349
HTRA2,-0.1769347286315607
ZG16,-0.17702942306633762
C9orf116,-0.1771729545405235
NUSAP1,-0.17717704683786561
NDUFA5,-0.17720428263015187
LOC643387,-0.17724682559203994
ARPC1A,-0.17724721662424242
MRPS21,-0.17725113581059093
C9orf6,-0.1772697371449632
EIF2S1,-0.17734160011744898
PAQR3,-0.17737022653595197
LSS,-0.17748343578633136
ORAI1,-0.17756342230372918
MYL12B,-0.17758131379306946
RPIA,-0.17758749912970212
C5orf34,-0.1776944679167717
PMCHL1,-0.17784638254490157
C2orf34,-0.17788872296821553
XPNPEP1,-0.1779235764670461
DNM1L,-0.17796864995990738
EPB41L4B,-0.17801929758598045
BOLA1,-0.1780984177312745
CNPY2,-0.17811141102383302
ADCK5,-0.17815698841430166
FOXD2,-0.17815861132894828
RPL34,-0.17817322458757617
CYB561,-0.1781831387581274
CENPQ,-0.17818536319613223
C13orf27,-0.17822907471940297
PLAC4,-0.17825659006978942
TMEM120B,-0.17829934758540833
ZAR1L,-0.17834350034134738
SERP1,-0.17839231882540965
ZNF706,-0.17842045523712152
MTPAP,-0.17844924555928784
CIAO1,-0.17849265946595122
ZC3H12C,-0.17853523885995803
C8orf38,-0.1786698305687938
KRTAP5-3,-0.17868110072188986
MRPS18B,-0.17876748737261647
SAA2,-0.1788089441704856
TTTY6,-0.17891833011657893
RNF183,-0.17894949319118755
C10orf81,-0.17904604904104546
SYAP1,-0.17905252659916668
MFF,-0.17916720822654653
NSUN5P1,-0.1791870324081524
NAA20,-0.179293473576684
RPL36AL,-0.1793174369071036
ALG1,-0.17933120100522792
GTF2B,-0.17939702190551882
RPL27A,-0.17940829297432276
DTX2,-0.17940961932425883
PCTP,-0.17945542829228997
ADRM1,-0.17953422540026948
CARM1,-0.17953773783861995
RPAP2,-0.1796148878889629
ATP6V1F,-0.1797047906948033
ERI1,-0.17972595831470864
ME3,-0.1798581494212423
GART,-0.17986816270240696
PINX1,-0.17988309021204518
BAT5,-0.1799027683976905
HK2,-0.1799134241913213
COPS4,-0.17992382264239978
HSD11B2,-0.17992816962972186
RLN1,-0.1799507919027752
HYAL3,-0.1799648714083883
C16orf80,-0.17999481587580196
STXBP2,-0.18001082466210994
C6orf182,-0.18001677812437508
PDK1,-0.18006619499423174
RPP30,-0.18010581569818412
NSUN2,-0.18024546395052934
SLC35A4,-0.18042996206012518
SEPW1,-0.18043610917358396
MEN1,-0.18053688268019763
CDX2,-0.18057904375102454
RAB32,-0.18058392720074465
ZUFSP,-0.1805914234851005
C15orf63,-0.18061184573125993
ALG8,-0.18064200787295606
GMPPB,-0.18066025251344445
RPS3,-0.18068796856218308
LOC80054,-0.18075264167070504
MYPOP,-0.18075398219429104
RPS14,-0.1807563158176882
PLS1,-0.1808758099891631
DOK4,-0.18096363723189351
UTP3,-0.18107836278577788
CLN6,-0.18109435866517168
CDC42,-0.18112023145349732
PCMT1,-0.18112867783187594
RAVER2,-0.18124512278059562
CDCA7,-0.1812518914794298
CSNK1G2,-0.1812873005703289
MIPEP,-0.1813937961153653
THOC1,-0.18140091609327472
TTC38,-0.18155392522261354
RAB1B,-0.18155638569950835
PTP4A1,-0.1816355081925915
C1orf128,-0.1816416641572565
SPR,-0.1817645804496644
SEC61G,-0.18191303840147438
FKBP4,-0.18195482926822573
LOC100216545,-0.1820167249613407
ECH1,-0.1821239928702435
C10orf119,-0.1822047102433391
C8G,-0.18221399549377776
HMGN4,-0.18223554869263425
CCDC18,-0.18225606392044955
TAF5,-0.18244635710826365
PHKG2,-0.18245129764751497
CDC23,-0.18254135094618867
IL32,-0.18260272811759706
HEXDC,-0.18266802227143508
EPN1,-0.18287741896011264
DFFA,-0.1829138037033728
FRAT2,-0.18294117965515563
CCNG1,-0.18297942028408787
THUMPD3,-0.18302360790092567
PRSS8,-0.1830986232015068
ARHGDIA,-0.1831205024438819
C1orf59,-0.1831385291518751
KIF20A,-0.18320429639499825
STX19,-0.18329700119952513
WHSC1,-0.18332418540017467
ELF3,-0.18332912256423628
DIMT1L,-0.18351793398147326
POLR2C,-0.18355430167037953
RBM11,-0.18356009456490066
PDSS2,-0.18356552983375285
METTL12,-0.1835840252268298
SMC4,-0.18373046310889213
TMEM60,-0.18373189386819977
NEDD8,-0.1837364653552148
NENF,-0.18377944477520072
POC1B,-0.18378629701567176
SLC6A7,-0.18380097715092414
CDK7,-0.18380298916139529
LYPLAL1,-0.18398469020380182
PPCDC,-0.18403070754153505
HMGB1,-0.18404378343865063
C14orf181,-0.1840896123435172
ATG10,-0.18411314192719802
MID1IP1,-0.184292414092295
C6orf162,-0.18429525538390953
C10orf91,-0.1843572236361402
SMPDL3B,-0.18439517627496788
NOP14,-0.1844115620635777
C14orf176,-0.1844348270793846
KRT18,-0.1844519745676583
STYK1,-0.18452066549264207
MBOAT1,-0.18452788234793566
SLC25A15,-0.18468634384916882
KIF23,-0.18469968067092254
PATL1,-0.18473011439607265
DDX12,-0.18474631583730494
CTBP2,-0.18474942191373586
SUMO2,-0.18476093631467516
NECAP1,-0.1848193342459647
POLE,-0.18489671732695642
PEX16,-0.1849107901753677
SAMM50,-0.1849301441801069
MRPL19,-0.18505718880707092
CCDC68,-0.18510071721328225
NR3C2,-0.18512508118971055
EXOSC5,-0.18520032362441327
ELOF1,-0.1852129067455777
CCDC150,-0.1852290796123518
DGKZ,-0.18531398465765733
SLC19A1,-0.18533806366109748
NSDHL,-0.18541626801246108
IL15RA,-0.18549543919225392
RPL28,-0.1855516292768289
RPL14,-0.18567283027596693
ENTPD6,-0.18575401003667655
ADAM15,-0.18575488044447286
GATAD2A,-0.18584957693105342
GLOD4,-0.18593960778288215
TJP3,-0.1859960968489486
LYRM2,-0.18599688602699616
TUBE1,-0.18604802976386411
HMGCR,-0.1860793549102374
ANO9,-0.18612380536415937
TMEM219,-0.18618280141853932
LOC150197,-0.18621877268776488
CMPK1,-0.18622881475574338
FAM23A,-0.18635722271116142
RAG1AP1,-0.18649691799889806
CLCA1,-0.18650438903118716
IER3IP1,-0.18656901858790342
EPCAM,-0.18665781817185284
HIST1H3F,-0.18666345452102762
BSG,-0.18671346296488775
RPL19P12,-0.1867474691410302
KTI12,-0.1868475636682064
BCL2L15,-0.18698442899554882
UTP11L,-0.18699234464484302
PRDX6,-0.18702249014147374
SNRPB,-0.18704480185988193
ATPAF2,-0.18705213442746738
AIM2,-0.18726217156767705
RPS27A,-0.18726759610015198
VDAC1,-0.18728818223363702
C14orf119,-0.1873392989794491
TFAM,-0.18738516873393918
C1orf53,-0.18740702834047634
GRWD1,-0.18745264491035654
CDK5,-0.18752825238445262
CDK5RAP1,-0.1876705299906426
POMP,-0.1876716572990858
RNF186,-0.1876962867172098
PBX4,-0.1877409035372734
LILRP2,-0.187775392460389
NIP7,-0.18788851164800585
PTCD3,-0.18796701079359446
FLJ39582,-0.1880208468592977
EIF3F,-0.18803604458183446
TMEM179B,-0.18804852943545317
ZFPL1,-0.1880683387252532
PIR,-0.18809760518390656
HIST1H2AM,-0.1881172258184506
HIATL2,-0.18812430247329578
HES6,-0.18825634531951518
MRPL9,-0.1882966892866758
FIBP,-0.18834530454487303
ZNF771,-0.18841241731490657
SLC37A1,-0.1884459809870523
ADH5,-0.18872470071527034
BLM,-0.18875641281851416
SOLH,-0.18879837656483786
ACP6,-0.18881106761333086
NLE1,-0.18885786790320855
LACTB2,-0.18885950386528583
MAGIX,-0.18889353914123086
CD58,-0.18889519210373878
FAM166B,-0.1889164212003946
PLCB3,-0.18895058261831368
CRYBB3,-0.18905031098257377
ZNHIT3,-0.18909877885766033
IL7,-0.189111825239415
HSPB11,-0.1892331819183387
TRIT1,-0.18925141173109183
C2CD4B,-0.1892841814862947
DNAJC8,-0.18933918107922118
LMNB1,-0.18946753195153523
WDR67,-0.18948937598966475
UBA6,-0.1897371522355255
C16orf53,-0.18980675089777135
PNPLA4,-0.18993137538675398
CALR,-0.18996453483739445
GDI2,-0.1899682094302364
GPR120,-0.18999793608992463
ITPK1,-0.19009501042187815
USP38,-0.19013819957458136
AADAT,-0.19019588396666232
METTL11A,-0.19021519605584558
ANP32B,-0.19030262936034537
LOC153328,-0.19032090972261181
CNTD1,-0.19039388395555853
FCRL4,-0.19039966091968588
PSPH,-0.1904371329861649
LCMT1,-0.19044939016465864
CD3D,-0.19050141822113772
TC2N,-0.1905023453839396
IL17C,-0.19060347104534817
GABRB1,-0.19065439813996582
C1orf182,-0.19068742276531536
GARS,-0.19069401822249543
PRMT7,-0.19101000427242135
FUCA2,-0.1910307195761842
DHRS4,-0.19107383195183958
C14orf109,-0.1910822195996324
KCTD6,-0.19109433057817202
GSR,-0.19110209236690967
HMGN3,-0.19118697429044842
TSPAN17,-0.1911898884993961
CTH,-0.19133672478087183
PEX11G,-0.19135260664773557
RASL11A,-0.19139123624896365
SET,-0.19143550408380897
TFG,-0.19174809999443618
THAP3,-0.1917742356734949
ACTL8,-0.19184740859104876
HRASLS2,-0.19184750169316017
PRR22,-0.19190349796599626
RCCD1,-0.19203349149067445
TMEM222,-0.1920599254559565
CLCA3P,-0.1920648039964397
PDHB,-0.19215119218543447
COX6C,-0.19217860963746222
GYS1,-0.1921899672965064
CUTA,-0.192195458458247
C1orf122,-0.19225427238332823
LTV1,-0.19244023342589886
ARV1,-0.1924918546556062
PYROXD1,-0.19249788565120618
NCBP1,-0.19254033654944222
GSTO2,-0.1925492088414551
RHBDD3,-0.1925531752047486
PIGX,-0.19270347396561302
MKI67IP,-0.19270812054897216
TMEM191A,-0.19275166549414613
PEX11A,-0.19277853439664608
HIATL1,-0.19282851529177047
HAUS6,-0.1928649615157942
PYCARD,-0.1929105740240228
CKLF,-0.19300435707133357
ZFYVE27,-0.19306928907139007
TMED2,-0.19313989210411656
HIST1H2BL,-0.19317490764721648
RAP1GDS1,-0.19319023245367048
TIAF1,-0.19325114130332427
ABCC6P2,-0.1933144073229822
CBLC,-0.19332941214119923
PRPSAP1,-0.19335991917377923
TOP1P2,-0.19343376392669456
NXT1,-0.19350374202523898
TERC,-0.19352833171272998
TIMELESS,-0.19358540677645744
C13orf37,-0.19362634076545238
PTBP1,-0.19375201793470992
CA4,-0.1938023686466694
CKAP2L,-0.1940151265314037
CIRH1A,-0.19411814073104683
TTC32,-0.19430607581632706
HLA-B,-0.1943340194042023
GRHPR,-0.19436017328230967
GAK,-0.19438355125534523
EIF2S2,-0.19439612099415046
INTS10,-0.194438790261872
RPL18A,-0.19446191777068195
C19orf33,-0.19450151902710086
TIMM9,-0.1945358549326829
FDPS,-0.1946189875635022
TMC5,-0.1946205409368177
CYB5A,-0.19462421406121114
ING2,-0.19463347404827924
GLE1,-0.19472110744329835
C1orf91,-0.19474005775163244
TTLL12,-0.1947845859220319
NACC1,-0.19480843874662726
DOLK,-0.19487015299346397
SLC25A38,-0.19488650081820963
LOC92659,-0.19501345834409553
GEMIN8P4,-0.1951319337405906
C6orf105,-0.19517224513604509
UBXN11,-0.19523115617390777
AKR7L,-0.19538953487336008
NCAPD3,-0.1954514300587802
LRPPRC,-0.19545418318413807
SMN2,-0.1954635402800012
TNFRSF6B,-0.19553181330653222
ANKRD32,-0.19553253933298867
ZNF576,-0.195686625235736
MAP2K6,-0.19571643507231865
TRMT11,-0.19572046550581523
ANXA4,-0.19577526159140587
EXOSC1,-0.19584403539356474
COBRA1,-0.19597903708243863
PGAP2,-0.1959886472145788
STAP2,-0.19604969404723374
BCL7C,-0.19608390945375717
C3orf31,-0.19614785565122694
NOXA1,-0.1961709897525374
ID2,-0.19633959406621454
RAD23A,-0.19634254391513722
GPT,-0.1964375885841015
CNO,-0.19649025162625533
POLR3G,-0.19650329298957459
C18orf21,-0.19661237383992983
DHCR7,-0.1968094933887562
SNRNP35,-0.1968852756682877
LOC401010,-0.19693327137085445
FADD,-0.19695435779522463
TRIM11,-0.19726667628661151
C4orf48,-0.19736624276053447
XRCC6,-0.197619107266846
TTC9C,-0.19765780874410704
PRPF4,-0.19768472408867815
C2orf56,-0.19779846199908344
SRP9,-0.19796299758575456
SELENBP1,-0.19798166042231846
RPL38,-0.19798787627962303
ESRP2,-0.19808945582310847
PKP2,-0.198158895557375
DNAJC30,-0.19824547226885164
C16orf55,-0.19824734103757033
C16orf42,-0.19825991150462288
KPTN,-0.19828842370072775
TRIM31,-0.19833382403542948
SLC25A16,-0.1984011931869272
DHCR24,-0.19856255536534437
UBE2L6,-0.19859877901794404
LENG9,-0.198615718240255
ASL,-0.19875897847920834
SURF2,-0.19876951496896775
EIF6,-0.19878835404898346
TMEM20,-0.19899128017780235
ADPRHL2,-0.1991488463678996
MED19,-0.19920077553012167
BUB1B,-0.19930818723523058
LGALS9,-0.19944652048637526
ANKRD9,-0.19947866973923614
LYPLA2P1,-0.1995082145131143
SSX2IP,-0.19951348442571623
AGPAT5,-0.19951722941213565
PSMB6,-0.19953291649377283
IL17RB,-0.19960094070633932
SIP1,-0.19963183053125655
ABCB8,-0.19972346134351673
WDR75,-0.19977464016284072
IQCB1,-0.19979672485466005
C16orf63,-0.19991380128975603
CYP2J2,-0.19998154231941662
SNORA72,-0.20000924178030352
EMD,-0.20006602522968825
DHRS11,-0.20017505261383067
GNLY,-0.20018587759975057
C1orf210,-0.20027113522990372
DPCD,-0.20032055960831405
AKR7A2,-0.20034788155177877
CSTF2,-0.2003698427341037
CHMP6,-0.20051229904319434
GSTM4,-0.20053673870885202
ENSA,-0.20058173957908546
FAM45A,-0.20058945409029472
SEC13,-0.20061490170434834
PHGR1,-0.20064637336140095
TSTD1,-0.200678308894422
HEBP2,-0.20072005249448888
ARL16,-0.20078818013090172
SMAGP,-0.20079709025291917
TIFA,-0.2008469206719835
SLC25A11,-0.20090348455536416
RPL29,-0.2009718927305198
RPLP0,-0.20102696459968783
PEX10,-0.2010499121328757
LOC348926,-0.2010679421412949
MSH2,-0.20112718660225623
MED27,-0.2011415878500734
NOP58,-0.20115506875150835
CTU1,-0.20117534226277342
RPL39,-0.20123902789302703
SAR1B,-0.20123996664565805
ALDH2,-0.20135993736915375
IMMT,-0.20150726270501673
SLC26A6,-0.20155317896655742
DMBT1,-0.2016306283679672
UNC119,-0.20182819526501664
FTSJ1,-0.2018330817430005
GLA,-0.20187330424095218
PGD,-0.20190317278555145
VTI1A,-0.2020200915710877
TSSC4,-0.202029022638564
HEATR3,-0.20203439055016062
PEBP1,-0.20206296518035122
NAPRT1,-0.20212225734034858
FANCI,-0.2023404288916788
DEGS2,-0.20236609104050313
HDDC3,-0.20248173519967758
IMMP1L,-0.202559548286218
NCAPG2,-0.20258771585500657
SPSB2,-0.20264023342425003
LOC341056,-0.2027019490997439
CCDC109B,-0.20287376239845675
RBM42,-0.20288047620907726
CYB5R4,-0.20291893669864064
PARD6A,-0.20298798650320193
RFXANK,-0.20305043550544868
BCAS2,-0.2030836729612582
TXNL1,-0.2031141992669032
API5,-0.20317440831701664
ACTR6,-0.20319236000514893
SSBP4,-0.20331309097804348
CLEC2D,-0.20331514319094346
MOCOS,-0.20338587550847007
ANKRD22,-0.20361503093555672
ACSS2,-0.203617894797621
SNRPE,-0.2038096215257862
MUS81,-0.20382822520787675
COL9A2,-0.2038911960951482
CORT,-0.20396300950784937
TCEB1,-0.20399685737145637
TFB2M,-0.20401416145442175
RABGGTB,-0.20405009790288337
C11orf86,-0.20405849690590355
STRBP,-0.20415522919547208
HAUS1,-0.20419603573527184
KRTCAP3,-0.20419755929367145
PEX7,-0.20420657534529477
IMPA2,-0.20435016373353768
CEACAM7,-0.20440516428106567
PIGW,-0.20441535102540065
MPP7,-0.20460012147294465
PPIAL4G,-0.20461651475211776
SNHG8,-0.20465131435087694
SUMO1P3,-0.20467410828846427
CCDC94,-0.20475383655735813
ARMC7,-0.20475552673347147
MRPL53,-0.2048256402917029
TRAPPC2,-0.2049091367454221
PREP,-0.20494828918088104
RPS21,-0.20496553295835712
C14orf143,-0.2049668349355878
WDR4,-0.20510506295945008
TAPBP,-0.20522795218722187
UBE2K,-0.20542223610308896
MCM4,-0.20543695124943728
PPIAL4C,-0.20560580476082452
NSUN5,-0.20561366961833316
MESP1,-0.2056594201666674
DLEU1,-0.20573043710631556
HRCT1,-0.20580063111363334
CDC42SE2,-0.2058699144542432
LOC401588,-0.20611137721784636
PNPO,-0.20617937251554358
BIN3,-0.20621687727463422
RPL24,-0.20624640866944485
BBC3,-0.2062651745412432
TOMM70A,-0.20627632793676004
CDC42EP5,-0.20634582615474364
FANCE,-0.2063634344219625
GCH1,-0.20642432566123553
MTIF2,-0.20643399718140623
RPS19BP1,-0.2064739189450947
C8orf59,-0.20653265359305775
SFXN1,-0.20657937550047026
MYB,-0.2066368201640076
GLTPD1,-0.20672918002820745
TEAD4,-0.20676804323386938
NDUFA4,-0.20699034834095853
CDCA4,-0.20700229348725047
TMEM199,-0.20708576264922407
FAM40B,-0.20716894833132665
IMP3,-0.20726220076385468
PPP1R14D,-0.20740485112921825
C19orf36,-0.20740492889224954
PIGY,-0.20743494760511388
LMNB2,-0.2074389732467467
C17orf79,-0.2074529668106906
PRPF31,-0.20760812271627838
NDUFS4,-0.20761948594237592
FBXO45,-0.2076644542059458
NUDT16P1,-0.20767092416096428
LRRC1,-0.2077162870302256
HIST2H2AC,-0.20787732747660564
HMGB3,-0.20792849323339507
RPF2,-0.2079394080494501
FAR2,-0.20804508923223178
C15orf23,-0.20805813815004356
DUSP23,-0.20808332636327515
SNORA10,-0.20811972907208837
LOC115110,-0.2081299104363617
DNTTIP2,-0.2082050622329129
ACTR3B,-0.2084326494469726
ANAPC4,-0.20855292167229592
IPPK,-0.20868678464606186
INSC,-0.20869862357447325
MTERFD1,-0.20876839985494475
LDLRAP1,-0.20879338075923934
RAD54B,-0.20879374718686314
SLC44A4,-0.20887774999889086
CALM3,-0.20898318408525304
TSTA3,-0.2090756754007237
PLD6,-0.20915937039054278
PDCD10,-0.2091833917389846
C2orf29,-0.20926323563816437
HIBCH,-0.20928858861468652
C19orf39,-0.2093127834232046
VAMP8,-0.20937902124082938
YTHDF2,-0.20946078423134531
IARS,-0.20968493047981815
NUDT16L1,-0.20971645602235714
CDK2AP2,-0.20976951143860362
UTP15,-0.20977788498712024
E2F4,-0.20979098487886108
RFC3,-0.2098038093317381
MECR,-0.2098825235233493
ADORA2B,-0.209934516325714
DLG3,-0.2099380853955293
RHOT2,-0.20995831858886507
HDAC3,-0.20995886704089475
MRPL28,-0.2099705078858257
DTL,-0.21006756733175075
TPD52L1,-0.21012467508454327
LDHA,-0.21018417647204743
TEX101,-0.21018897673052175
CCNE2,-0.2102153806861977
EPT1,-0.21031623951547548
CISH,-0.21034703958759932
FUT6,-0.21035918046410648
PSMB5,-0.2103943227343542
C9orf40,-0.21039823668111107
PPP6C,-0.21040251885094607
LOC285629,-0.2104395023710491
NFKBIZ,-0.2104421707299578
MRPS26,-0.21045614350854092
LRRC19,-0.2105037731858147
RPS7,-0.2105746768662703
C7orf40,-0.2107090796549203
FANCL,-0.21071906473890756
TTC4,-0.2107921258443901
DDX20,-0.21089660353332912
SFXN2,-0.2109262125553191
C7orf47,-0.21092839392473559
MPND,-0.2109688290151395
PIGF,-0.21098061629759016
LOC145837,-0.21098198774325905
PRDM12,-0.21106067996095565
RPS19,-0.2110745677052351
CEBPA,-0.21115113616251216
SCAND1,-0.21125360916821523
ZDHHC24,-0.21126931975765953
EFHD2,-0.2113306207160964
F12,-0.21136763210196036
DAK,-0.21139095678123515
TRMT2A,-0.211456813418903
FUCA1,-0.21146228161148936
TMEM41B,-0.21151870751112944
ALAS1,-0.21152071107022263
XRCC2,-0.2115409922757361
TBCC,-0.21157409169248034
PDDC1,-0.2115755121653776
ID2B,-0.2116186333946693
CDC34,-0.21175485806859612
VPS26A,-0.21175740042312707
PSMC3IP,-0.2118573891524882
APIP,-0.21187798751663037
TRAPPC4,-0.2118929874880671
ZNHIT1,-0.21220174713625328
DSCC1,-0.21230665183586286
ALG3,-0.21232756604304331
C15orf48,-0.2124062906804439
RNF34,-0.2125923939087989
ATP1B3,-0.21267182787213773
PDHX,-0.2127842974102434
C6orf167,-0.21278873872161716
C21orf59,-0.2127967798697448
MPG,-0.21280580249629288
MRAP2,-0.2128184250091193
MS4A12,-0.2128367664394538
GPR35,-0.21288949824858172
FAM173B,-0.21295688107178276
HSD17B12,-0.21297030781935516
C19orf62,-0.21298576967512645
TYSND1,-0.21306142082320179
LOC113230,-0.21310976539881593
LOC100144603,-0.2131623609567985
RPL13AP3,-0.2132325568416714
CKMT1A,-0.21330227741566032
YARS,-0.21332646191525986
NUDT15,-0.2133570077752872
RPUSD2,-0.21338605872457886
FAM86A,-0.2135110533672395
NIF3L1,-0.21357111107744134
COPZ1,-0.21359967583833075
SUCLG2,-0.2137081998080151
S100A10,-0.21372769430024885
DDOST,-0.2137889148491756
FAM165B,-0.21384373611362523
PRDX5,-0.21384615084997044
ETFA,-0.21397159982677638
HSPA14,-0.2141456453007341
TTF2,-0.2141491678059063
ENOSF1,-0.21415444005655748
NFKBIB,-0.21428328523152784
HACL1,-0.21428840499166707
C18orf19,-0.21437365609945352
GEN1,-0.21437367567878995
RPF1,-0.21438807440133878
FBXO22OS,-0.2144016487686546
ELL3,-0.21449950203710075
RPUSD4,-0.2146981541217423
TIGD5,-0.21482382333519137
OGG1,-0.21484027675491113
ATG3,-0.2149072420952629
NUP62CL,-0.2150118826558225
CCDC125,-0.2150680490251873
DRAP1,-0.21514640948715916
ANAPC10,-0.2151582515518663
UTP6,-0.21517825001449264
TPM3,-0.21525675849754355
TNFRSF11A,-0.2153160804932873
CLDN3,-0.21532585481588604
FAM108A1,-0.21551810059950044
CYP2R1,-0.21567637330573666
BLVRB,-0.21572506263305707
BPNT1,-0.21594303650628052
CLCA4,-0.21598667449426814
TMEM45B,-0.21599396401331308
ACADSB,-0.21604711647914854
C7orf36,-0.21606744914864984
C14orf179,-0.21612216354144223
CHCHD5,-0.21613440734227324
RNPEP,-0.21615825723050797
BTNL3,-0.21622538356749055
NT5C3,-0.21637814323294655
FASTKD3,-0.2163805286177061
MRPL24,-0.21638890812070685
IDH1,-0.21643043561486872
CASP8,-0.21652828202156882
CCDC138,-0.21653885897102162
RTCD1,-0.21656168381511962
MRPL49,-0.2166660218535337
IL22,-0.21681682957539694
HNRNPC,-0.2168772277138663
C11orf59,-0.2168797168558489
MAPK13,-0.216879828035316
PCCB,-0.21694793903162013
PPP2CA,-0.21703974465372106
RAB25,-0.21730369873931818
ACAD8,-0.217338746715307
DHRS4L2,-0.21751891143621824
FDFT1,-0.21754393336162417
PCSK7,-0.21764277145211267
MCRS1,-0.2176631164431876
BCL3,-0.217718798614656
ETFB,-0.21774695540609162
POLR2D,-0.21776455170529627
TRMT1,-0.21777753868761568
WDR12,-0.2177984003585249
C10orf125,-0.21779999086978805
MCM2,-0.21780058683344686
DEFB4A,-0.21781753183615687
DPP3,-0.21796090625738362
EED,-0.21802022987282701
PSMA7,-0.21808174397726734
ASNA1,-0.21810817135606178
MPST,-0.21815063767259346
PRC1,-0.2182698682344384
FAM104A,-0.21829885902475815
C9orf86,-0.21831705103946797
NMNAT1,-0.21832528854078173
CCT4,-0.21840630234888134
SGOL2,-0.21841444351063988
RCHY1,-0.21842636673051014
TMEM201,-0.21849008359377262
C17orf58,-0.21851063059747527
FPGS,-0.21854858402207758
UHRF1,-0.218573977982354
PTTG2,-0.21857756358400984
PRIM1,-0.21869797675920585
GUF1,-0.21872136999191236
LOC150381,-0.21874739277544603
TCF19,-0.2188691005196472
FOXA3,-0.21889224115441075
CATSPERB,-0.2189079870669934
GSS,-0.2190454363468602
SIRT3,-0.21907177941866804
PPAP2C,-0.21908649544813905
UBE2CBP,-0.21914723304315858
ATP5A1,-0.21921128737600554
SPATA2L,-0.21927448675594383
SNRNP70,-0.21929010638593915
GLRX,-0.21930400740779643
H2AFJ,-0.21930983032634035
TMEM183A,-0.21934946029216662
TCTEX1D2,-0.21938900058917657
RPP40,-0.2194634746576686
PSME3,-0.21959016182248592
SAAL1,-0.2197057368745195
BUD13,-0.21971125931433322
GTF2H5,-0.21974602561607343
UCK2,-0.2199579573174982
FASTKD2,-0.22002980798585126
C4orf27,-0.22004117439206433
WRAP53,-0.22019933845491546
UBE2NL,-0.22023194971664373
CDC7,-0.2203837937522413
BIK,-0.22046259806045737
KLHDC4,-0.22046924750600505
MOSC1,-0.22049916708199824
SPINT2,-0.22053457282519334
TTC39A,-0.22073852513381137
DIAPH3,-0.2208978196401991
FAM158A,-0.22102411463545665
POP1,-0.221238457123079
CEP70,-0.22139156708337188
C19orf6,-0.22144183128735875
KLRC1,-0.221446402589762
GK,-0.22152710803205283
SUMO1,-0.22156537054509637
FAM100B,-0.22164753391628478
ZNF823,-0.2217336260324343
CNOT10,-0.22173391554475239
RRP7A,-0.22174631279407195
GALK1,-0.2219317985493265
TECR,-0.22202230341966714
PRRG2,-0.2220306595215315
RBBP7,-0.22206068718305141
SCLY,-0.22206998771833641
CRYM,-0.22207981696323031
HN1L,-0.22208955146532824
NAT2,-0.22219596698404076
AFG3L2,-0.22222383831664141
RPL36,-0.22223657152977716
SSRP1,-0.22235351008533855
SLC22A18AS,-0.22236636491120382
TMEM33,-0.2224573163728331
GZMA,-0.22247168957705524
CALML4,-0.2224966775215595
TOMM20L,-0.22255333920548154
DOM3Z,-0.22269124532962353
RBBP8,-0.22274940542958055
PPP1CC,-0.2228284610515811
SHFM1,-0.22289213620073997
GLB1L2,-0.22295663770771426
DNAJC19,-0.22295919273985434
CLRN3,-0.2231435219090703
CENPP,-0.22325429378536907
C12orf11,-0.2232867966867342
YBX1,-0.22335583829596234
TIMM17A,-0.22338255937279564
ILVBL,-0.22342545110234027
NAT6,-0.22342629618054083
NDUFAF3,-0.22343117535781937
C17orf61,-0.2234970176077162
CHKA,-0.2235217202051075
TMSB10,-0.22353458224846556
C14orf166,-0.223700376859561
CAPNS1,-0.22378415353411885
HSPA9,-0.2238058316666353
SNF8,-0.2238453273419897
C4BPA,-0.22398734908382933
HHLA2,-0.2240736277794536
ETV2,-0.22414772601494515
LIAS,-0.22421892371609453
GLUD1,-0.22429661435559184
IFI27,-0.22456790075760383
SLC25A28,-0.2246621807266322
TMPRSS2,-0.22473871157417552
GTF2H2B,-0.22477778933209494
CYP2C18,-0.2247959250918206
TRA2B,-0.22498266398264136
AHCY,-0.22500912249130903
AUP1,-0.22503588832257285
HIGD1A,-0.22506058725179054
DLD,-0.22511349797511881
GGT6,-0.22520770064319123
HNRNPD,-0.2252736594843363
SF3B14,-0.2253508254380701
C1orf180,-0.22542413808131628
SLC25A4,-0.22553782285521212
PAK1IP1,-0.22560057866254807
NLRC5,-0.22574916569086248
ADI1,-0.22577305363926814
AURKAPS1,-0.22579945168313076
FUT3,-0.22591107034377736
GTF2A2,-0.22591737137992102
EIF4E2,-0.22598344411202442
SASS6,-0.22612044312194593
PIGL,-0.22612752590702354
BRCA1,-0.22617725958829252
C12orf45,-0.2263112915964743
TWF1,-0.22637387527408154
C7orf44,-0.22637652393463545
BDH1,-0.22638678748778215
TOE1,-0.22647362356432318
SLC35F2,-0.22649646158587414
PLAC8,-0.22651832571363167
NAA38,-0.22666781261881488
CAPZA1,-0.22672846861062299
CPT2,-0.22680075988635115
OGFOD2,-0.22712457492447835
GRPEL2,-0.22712941377275786
C11orf71,-0.22713899417022226
CCNH,-0.22716035883270178
SSX8,-0.22723912221463943
SH3BGRL3,-0.2273436723716394
TSEN34,-0.22738989591752357
FBXL15,-0.22743495750625886
POLR2J,-0.22749522261925104
BCS1L,-0.22749671591818962
GPD1L,-0.22753588995542492
CTRL,-0.22758435932106866
SIAE,-0.22758498072582398
CCDC34,-0.2275930572538424
RNMTL1,-0.2276003763053297
FBXO5,-0.22764193771618788
DCAF15,-0.2276776798164264
MCM3,-0.22769688117963588
AAGAB,-0.2277924805626001
ANAPC7,-0.22785663118034377
ANKS4B,-0.22807829401136592
OMA1,-0.22829300136560754
PCK2,-0.22843229257446512
ZG16B,-0.2284507726827472
UNG,-0.22851260438036802
C12orf65,-0.22858897087569577
HPDL,-0.22868699195006487
SLC27A4,-0.2287060354849453
MEA1,-0.2287563482714529
C19orf22,-0.22875902593190917
TMEM126B,-0.22878768453301374
LOC100271831,-0.22885172073178797
ADSL,-0.22892802196553486
ABHD10,-0.2290779058083448
LSMD1,-0.22912429610384377
RPS15,-0.2291440895036753
NPM1,-0.22936102368483058
SELO,-0.22936945760587046
PSMC4,-0.2293948746103559
CCDC109A,-0.22945128512360805
KIF15,-0.22966121168794484
C4BPB,-0.22966753389165687
FAHD1,-0.22978181509275092
SNHG3-RCC1,-0.2298202566139461
ZDHHC16,-0.22983330385724698
C21orf70,-0.2298740838762901
RPS2,-0.22989120770920535
NOP10,-0.2298927497996619
HRSP12,-0.22989310134312663
BUD31,-0.22989646298534186
FAM73B,-0.22989872828560212
BCAT2,-0.23006411993188602
NCRNA00173,-0.23013327638826356
WDR85,-0.23021261145386734
MAZ,-0.23033737270195098
HDGF,-0.2304404062038197
MPDU1,-0.23050857432467775
TAGLN2,-0.23071593484429762
KIAA1524,-0.23084633256477777
NME6,-0.23108341289837045
ZFAND2B,-0.23109076829349137
SLC2A8,-0.23112366220800384
ACY1,-0.2311338124863799
ARHGEF16,-0.2311356510597985
C1orf93,-0.23113895007400892
NCAPH2,-0.23125349876473336
ATP6V0B,-0.23131845024325157
S100A6,-0.23133695651764088
PLRG1,-0.23139731796962418
C12orf52,-0.2315030677995666
NOP2,-0.23163321615265653
C7orf50,-0.23174606372460302
POLE3,-0.2317924584427022
PIH1D1,-0.2317948270644462
FKBPL,-0.23180310665756879
UBD,-0.2318159842027293
ELMO3,-0.23186133549050386
ATG4B,-0.2319081088290466
STX3,-0.23206255324048725
UQCRC2,-0.23209323203997076
FIGNL1,-0.2321118740396676
TMEM161A,-0.23212033357740652
RPS13,-0.2321440621429514
SNHG9,-0.23221367347309213
LMAN2,-0.23251183821885518
METTL2A,-0.23253110045078956
ARPC3,-0.23255016759132843
PPP2R1B,-0.23256317253230316
GPX2,-0.23258253193616504
DPAGT1,-0.23273523800865606
RG9MTD2,-0.2327923186832097
C15orf21,-0.23279797923662995
ST14,-0.23280313261232177
CASP10,-0.2329245926006869
ARL14,-0.23292677119488825
FDXR,-0.23298021388841636
FANCB,-0.23302015821126243
MASTL,-0.23308778315548218
ROBLD3,-0.23312280083581946
ALKBH2,-0.2331516488429711
GIPC2,-0.2331620112543497
PDZD11,-0.233169631578004
TRAPPC3,-0.23330846020407714
SRRT,-0.2333713618826133
CCDC12,-0.23339788788567167
KCTD5,-0.233399068030509
MRPS27,-0.23340695569020012
GPR3,-0.23346492241209235
TSPAN1,-0.23346568915144486
POLQ,-0.23359571729601153
ACAD9,-0.23361484137122207
EIF1AX,-0.23363373335080428
SMARCD2,-0.23364486474672244
DOHH,-0.233664578459779
TUBAL3,-0.23375353256579437
TIMM17B,-0.23385065865127755
PLP2,-0.233888871666096
IMP4,-0.23402029702802432
SSNA1,-0.23414619915097165
PITX1,-0.2341517623814798
DNA2,-0.234166313432798
COASY,-0.2344238006671255
ARL6IP1,-0.23451956782459135
PTDSS2,-0.23456349025295925
PPP1R8,-0.2346052970152479
C2CD4A,-0.2346507694749324
ARF5,-0.23465181557253745
C10orf99,-0.23469512835056547
C7orf59,-0.2347066202682928
C14orf73,-0.23471085188285376
IL18,-0.2347525836465298
TNFRSF14,-0.23480064955346072
FANCD2,-0.23505922228422121
TAF6L,-0.23511381802360562
ZNF57,-0.23518121429213454
LOC728554,-0.23523842822380994
FAM111B,-0.2352463268802077
C19orf47,-0.23525062344131042
TMEM138,-0.23539751440238957
C15orf61,-0.23540066609552257
QTRT1,-0.2354229935948363
DCPS,-0.23547041640831906
NUDC,-0.23550160951967036
MTFMT,-0.23565294085908367
TMSL3,-0.2357232668388102
ZNF524,-0.23588667845869674
C12orf73,-0.23594981676629057
GNL3,-0.2359591192879416
SKA3,-0.23598247264473282
C1orf174,-0.2360086648362314
HIST1H2AH,-0.23602496358984854
CDC37,-0.23604868868921253
C6orf26,-0.23614031644292321
DPH2,-0.23627888303342462
C11orf20,-0.2362977584342668
MARVELD3,-0.2363141978506789
C20orf7,-0.2364407176280246
FAM98C,-0.2365487648099789
RPS6KA4,-0.23667866178448677
UBE2D3,-0.2366862315467399
TIMM8A,-0.23669941828327376
RUVBL1,-0.2367192800430461
HNRNPA2B1,-0.2368100806380817
UFSP1,-0.23682627163080222
DEPDC4,-0.2368277060808946
FLAD1,-0.23683212440950188
DGUOK,-0.23683743068219767
NOC2L,-0.23683893577353288
ZDHHC3,-0.23704473481230778
PRPF19,-0.23713762366480068
NADSYN1,-0.23716192892342836
MIIP,-0.23718254397498825
PIF1,-0.23723694302042198
TNIP3,-0.23739694839082584
IL17F,-0.2374393641727564
PSMD8,-0.2375021727520803
CMBL,-0.23750709806448128
URM1,-0.2377794003379391
SRA1,-0.23778513632075274
PIM3,-0.23780810133155278
PPP1R1B,-0.2378820289750952
DGAT1,-0.2379096124829684
IFI27L1,-0.23792428819415193
PRSS3,-0.23797171623736518
NTHL1,-0.2380095027451659
IFITM1,-0.2380923560277107
C6orf57,-0.2382058524298574
DHX32,-0.23829559662956967
MRPL40,-0.23833041615441486
MAGOHB,-0.2383943215078595
AKR1A1,-0.23844988313965798
C4orf52,-0.23845862521933534
GTF2E2,-0.2386307969025651
TTC12,-0.23863539629415548
UXT,-0.23866856397027753
SDHA,-0.23892905848430443
ERLIN1,-0.23897806545623515
RAB8A,-0.23902308985705067
FAM84A,-0.23909558712754414
LLPH,-0.23937738464744845
DNAJC7,-0.2395973265237876
ADK,-0.2396194090872846
NUP43,-0.23962790936589132
ALKBH7,-0.2396805450618361
C1orf125,-0.23972510885640383
ERI3,-0.23973608326646473
PRR13,-0.23990846869987245
PRDX3,-0.23995480306614686
MED7,-0.2402210241627263
ECSIT,-0.2402862321711903
QDPR,-0.24041644055043285
EDF1,-0.24045054490755535
ALG2,-0.2404801910244815
AGPAT2,-0.24050728013607475
HAUS5,-0.24051681045146872
SSSCA1,-0.24061548036996255
SHQ1,-0.24080990855572418
SORD,-0.2408899618623161
ABCC13,-0.24090969952942876
PNPT1,-0.24097524344547694
C12orf29,-0.24098020337434745
RRP8,-0.24098124019335568
SFRS1,-0.2412935349593979
ZNF165,-0.24138076012707596
STARD5,-0.24144609644304282
PLEK2,-0.24148388933124876
LYPLA2,-0.24160513516538076
TMIGD2,-0.2416722437913702
RACGAP1,-0.24168122124085736
ITGAE,-0.24170230810466095
GSTCD,-0.24172747333953418
C19orf73,-0.241799434089338
DECR1,-0.24188089962432507
RPPH1,-0.2420653017010025
RER1,-0.2421416626165521
SLC39A3,-0.24215246685885516
YBX2,-0.24216938610835823
SRPRB,-0.24223879652949631
FOXM1,-0.24227670413462798
RPL35,-0.2422818066823583
C18orf55,-0.24232202677458123
RSPH1,-0.24233556928097014
TMUB1,-0.24241396703888504
IRF3,-0.24246599125667095
RPS10,-0.24251914207833422
TELO2,-0.2427594385186528
FAM128A,-0.2427682869421654
TXNDC12,-0.2428092560069458
KARS,-0.2428518360821985
DPH5,-0.24308838948150466
HMGCL,-0.24323937767862033
CMAS,-0.24338117530694356
NAP1L4,-0.24342805081427335
DCK,-0.24342861660565376
APRT,-0.24364719408004493
CACYBP,-0.24367579224947764
COX17,-0.2438138097722521
FAR1,-0.24385129435275407
TMEM14B,-0.2438832472870762
FAAH,-0.2439073330131627
SNHG12,-0.2439171207637795
YARS2,-0.2441495940824354
MRPS10,-0.2442190250983261
ZNF552,-0.2442603270270899
TEX10,-0.2443365340165345
TMPO,-0.24436884867169156
DHODH,-0.24437819503818764
C22orf32,-0.24442761966230106
C10orf35,-0.2444781850955097
MANF,-0.24453545155710288
FAM96A,-0.2445934997596585
OLA1,-0.24462127717293008
FAM118B,-0.2446442775743937
SCRN2,-0.24468706345225985
DDX49,-0.24472798778883595
DUSP2,-0.244785031285721
C5orf32,-0.2449196816588725
C19orf57,-0.24493042162548673
GCSH,-0.24499456111262324
SPATA24,-0.24502621579567083
CENPE,-0.24508765721098516
CC2D1A,-0.24509461417273645
ARL6IP4,-0.24518787958462587
COX15,-0.24520550119274087
VDAC3,-0.24533775987856146
THYN1,-0.24543333721604907
SGOL1,-0.2454442470140639
SC4MOL,-0.24559883952586595
C19orf25,-0.2456391521722871
THAP7,-0.24565362810337255
SLC25A1,-0.24569818732125825
TMEM97,-0.2459149765121793
DUOX2,-0.24599471659370648
GPR128,-0.24604777005307382
METTL5,-0.24622576453909167
HSD17B7,-0.24632751854675158
CISD1,-0.24635068332683135
TMEM125,-0.24638075836455786
RPL18,-0.24638094089148607
DLAT,-0.2463935237280581
ACYP1,-0.2464046648030288
PSMC3,-0.24641823027998702
MRPL46,-0.2465141459265537
TMEM134,-0.24652054345210808
ABCD3,-0.2465913646748788
GSTK1,-0.24667271308311414
MRPL15,-0.24684279482337082
ATRIP,-0.2468456018746283
ORC5L,-0.2469659059590492
MRPS11,-0.2470494332339999
SLC25A6,-0.2470975279257484
SLC31A1,-0.24710617436389265
PES1,-0.24722585689899887
AVPI1,-0.2473475989156371
ECHDC1,-0.24741656605626802
UROS,-0.24743586512406687
DENND2D,-0.24757776983452337
PYCRL,-0.24757959023378906
IDH2,-0.247742772702432
ABHD3,-0.2478178396148062
GINS4,-0.24781803502606245
CPSF3,-0.24787765694375444
TMEM165,-0.2479093346466586
XDH,-0.24791017423248282
MDH2,-0.24814700274239748
C21orf33,-0.24822198944846158
SYNGR2,-0.2483310593276937
GPT2,-0.2484409578977268
HSBP1,-0.24848586652710308
OSTBETA,-0.24852419559339803
RCE1,-0.24853240689291758
IDI1,-0.24854508651274498
TRNAU1AP,-0.24854536539883237
FBL,-0.24863558176289646
DIABLO,-0.24908086413732167
BZW2,-0.24929412835907416
SCML1,-0.24945489452870578
MCM7,-0.24980770735201324
KIF18B,-0.2498565239181951
RDBP,-0.2499401976517951
TIPIN,-0.250154998429076
KLHDC9,-0.25025055344313135
INO80E,-0.25037833939450693
FKBP3,-0.25039219244219957
HPRT1,-0.2504513055574967
RBX1,-0.25046905685074655
TXNL4A,-0.25052329149619873
TBCA,-0.25075901552876506
NARS2,-0.2507950851417412
ART3,-0.2508205309603551
DSN1,-0.25086147477355264
AKR7A3,-0.25090485522747685
TMEM49,-0.2509075509631827
RNF138,-0.2510563960906105
RRM1,-0.2511698242337087
CNFN,-0.25124058829198453
TCEB2,-0.25126635327495817
ERH,-0.2513739597514528
AUH,-0.2513772454704909
TRABD,-0.25152922723732524
COQ5,-0.25157644920436173
ENO1,-0.25170298821951353
FUT2,-0.2517382460756541
LLGL2,-0.25178957809093006
PRDX4,-0.2518379338010173
NGLY1,-0.2518616646863562
C9orf140,-0.25186531398981626
DLGAP5,-0.2518731314755397
TCP1,-0.2519725848663471
PPP2R3B,-0.25210603750284727
KCNJ4,-0.25211143463402913
C19orf53,-0.25228205725134306
CCHCR1,-0.2524145204471545
IL12A,-0.252458215658221
LAGE3,-0.25261633031046876
ZNHIT2,-0.2529760081140543
OCIAD2,-0.25304579469137994
RPSAP58,-0.2531470098166644
CLTA,-0.2531871847019864
STRADB,-0.2532305579070006
ODC1,-0.2532714000077377
JTB,-0.2533751756166167
COMMD4,-0.25338738435812114
NOSIP,-0.25347542817794144
ST7OT1,-0.2535393490944888
FANCG,-0.2536152508895489
RABEPK,-0.25363434490427306
C9orf100,-0.2537979686838842
BID,-0.25382616256981194
CARD16,-0.25388734121433215
FAU,-0.253954423911893
MTX2,-0.25400967203851976
TMEM208,-0.25410795764385546
TMEM53,-0.25417062295780374
PCNA,-0.2542059830027634
ABT1,-0.2544512131149627
RPSA,-0.25455403371784624
ASRGL1,-0.25457548500549926
KIR2DL4,-0.2545883478089794
UBE2D2,-0.2547375078183908
WIBG,-0.2547465087886891
DDC,-0.2548595822026517
CPOX,-0.2548713609078884
NME2P1,-0.2549063689417477
SCARNA12,-0.25492326186992287
ERP29,-0.25497243411248555
ELAVL1,-0.25505159571506003
CEBPG,-0.2550710860782115
TPRKB,-0.25510066785024454
MYO19,-0.25526194755586
GSG2,-0.2552837347044705
LRG1,-0.25531690850077826
DOLPP1,-0.25538309563863787
SEH1L,-0.25542660798546984
DUS3L,-0.2554386459858351
UGT8,-0.25552449797540533
ORMDL2,-0.2555765318489262
C11orf82,-0.2557344485493616
CIB1,-0.2557354872578426
RPN1,-0.25584423600620004
C4orf21,-0.2560992671778334
NUF2,-0.2561391645662189
KLF16,-0.2564191080811271
C20orf24,-0.2565156855615331
STMN1,-0.2566150119339645
MOBKL2B,-0.25667898782042786
CCNI2,-0.2566928748139791
TEX12,-0.2566987195155634
COX16,-0.25684102171001594
PTMA,-0.2568915982445839
TMEM186,-0.25693907279993394
ROMO1,-0.257155678951305
ALKBH6,-0.25718176887787036
CCT8,-0.25744773570225077
RPL26L1,-0.2576636696453072
DPY30,-0.25791873931464315
MARS2,-0.2580237969457179
NEK2,-0.2580538248595996
NAA15,-0.25811937595600043
ERP44,-0.25822483428701837
LOC400696,-0.25875439024475105
CCT5,-0.25882400734890615
MRPL42,-0.2588399817627
ZNF367,-0.25889718901082304
JMJD4,-0.25890186012281813
AIFM1,-0.2589421841124249
DNAJA3,-0.25900130180208036
MRPS28,-0.2590358040241399
C17orf106,-0.2592804866313274
C7orf11,-0.2594025862552506
PUS1,-0.2594197074691961
HMGN1,-0.2594466892935647
SFN,-0.2595676815657007
PSMD9,-0.259592569954934
C4orf33,-0.25966166809814545
CCDC86,-0.25970299885400006
STARD10,-0.25990765360105056
C1orf57,-0.2599848336494959
SNRPD3,-0.2603651972912275
PRR5,-0.26046113759828354
KIF11,-0.26054726840353487
PSMD3,-0.2605694405561995
EIF2B3,-0.2605936746373558
MCCC2,-0.2606151172796083
GTSE1,-0.2606986570093606
DFFB,-0.2607015091634172
G6PC3,-0.26076178809635087
NR2C2AP,-0.2608552836252038
METTL1,-0.26099185264784747
TOR3A,-0.26103046943507796
SLC25A17,-0.26111632693931913
TIGD3,-0.2614890832764669
B9D1,-0.26151023000370927
GLRX2,-0.2616005408275365
HIST1H1B,-0.2616303534270677
CLN3,-0.26163264635707073
HEMK1,-0.26170916061557553
EXOSC8,-0.26181528910704827
PSMD6,-0.2618310503679718
ORC4L,-0.2623316521137639
RDM1,-0.2623866872267758
MPHOSPH6,-0.262395237920146
EBPL,-0.26241540429227317
NDUFB4,-0.2624928754242081
PRR7,-0.26250142560262946
STUB1,-0.2628261847621329
PIN1,-0.26302562578565714
PPAT,-0.2630340310834705
MTX1,-0.2630623516233473
FASTK,-0.26324950484540033
AP4B1,-0.2633966842678263
UBA52,-0.2635275074471401
TMEM69,-0.26360778894070164
F2RL1,-0.26362597755988665
MRPL3,-0.26362764742036965
PDCD2L,-0.2636761279812281
GAPDH,-0.26378420686253573
C5orf30,-0.2638284127271391
BCL10,-0.26386136467774196
CDCA2,-0.26397884673676253
FAM58A,-0.2639945904153705
PICK1,-0.2640330637554702
C7orf55,-0.2640426512319423
CTU2,-0.26412269281857675
TMEM129,-0.26413568617363464
NAE1,-0.26422226522031184
QRSL1,-0.2642605333499179
REEP4,-0.2642988214483627
MMAA,-0.2643010223954029
ASS1,-0.2643211113916892
RPP38,-0.264502944652814
LGALS4,-0.2645058887818938
CKMT1B,-0.26460485896315383
PPP1R14B,-0.2648090667698046
DERA,-0.2648489768106273
FAM173A,-0.2648541190708997
RRP1,-0.264874208809508
TTK,-0.2648753627020215
PNKP,-0.2648967547444903
C14orf80,-0.26495482849770635
TPX2,-0.26508169315437147
CLIC1,-0.2651013249272496
GPA33,-0.26516965741196136
ME2,-0.26543736034517496
DEPDC1,-0.2654569689655025
RBM47,-0.2654645218799182
MRP63,-0.26547326813023986
LOC127841,-0.2654910191988471
EXO1,-0.26570153826002824
TRIM40,-0.26574644522241075
HCP5,-0.2659144462785677
CDC123,-0.26594936276831405
CPSF4,-0.2661428390078144
PSMD12,-0.2662019644109368
MMP15,-0.26621253199329886
GLYCTK,-0.2662142937163821
HJURP,-0.2664695443318302
HDAC1,-0.2665592024267852
NHP2L1,-0.26669004645831695
SQRDL,-0.2667767227094078
WBSCR22,-0.2669272239052973
MTHFD2,-0.2670318767421894
RAD9A,-0.2671351794653883
CXCL11,-0.26719819132619094
SNHG1,-0.267238527817692
UMPS,-0.2672607663648471
ANKRD39,-0.26728551663533195
ANKRD54,-0.2675942532947289
TMEM203,-0.2676911945464695
MYBL2,-0.26779939636475586
C8orf76,-0.2678022880322233
ISCA2,-0.2678386574362093
ACAT1,-0.26799782509767506
CCDC137,-0.26808183506514616
S100P,-0.26816719745700995
PPID,-0.26837159519784254
CASP7,-0.2685173486807268
RPS16,-0.2687128782893967
IQCC,-0.2687238648597143
C14orf147,-0.2687650619107771
C3orf75,-0.2688469253704178
LETM1,-0.26888250180562673
WDR74,-0.2689392048777231
FAM64A,-0.26894649399609505
NUBP1,-0.26900797349904315
FBXO6,-0.2691095568028191
LONP1,-0.26913864603621035
DNAJC11,-0.269233999676687
FXYD3,-0.2692842927499013
SHCBP1,-0.2693036632946449
DHFR,-0.2693368688669955
HINT2,-0.26935870022249936
GIYD2,-0.26968559417679033
SH3RF2,-0.26983430545244924
SEPX1,-0.2698752177158484
EIF3M,-0.26990790523089747
RPP21,-0.27002982041421
MDH1,-0.27007697444591283
POLD3,-0.2701910620902655
AIMP2,-0.2702407288782595
ACP1,-0.2702487430385761
AAMP,-0.27032574146218485
LIN7C,-0.2703591749077647
PTRH1,-0.27038280244362056
MCM10,-0.270702805760333
PRR15L,-0.270735234256217
LIPT2,-0.27081304502402037
FDX1,-0.2708243316167825
LOC344967,-0.27088768417195186
HAT1,-0.27094870481767513
SNRPA1,-0.2709665948568173
WDR62,-0.2709845798661347
CDKN2AIPNL,-0.27112131288268176
ACADS,-0.2711632851031647
C9orf82,-0.27124069139801277
C11orf10,-0.2712637760631435
ACN9,-0.27141869042611827
KATNB1,-0.27147295287407436
C4orf43,-0.27147759540746275
UBE2L3,-0.2715156558623187
C17orf75,-0.2715328519839708
CDK4,-0.2716249794914589
MAPKAPK5,-0.27170443226666824
UBE2MP1,-0.2717194563961146
FANCA,-0.27179168448676905
BRI3BP,-0.27180203846827894
C9orf123,-0.2718241983724652
ANAPC5,-0.2718865049777273
ATG5,-0.27208133304829973
COQ7,-0.27217864543084097
RAD18,-0.27221819068195685
PCBD1,-0.272291509641498
KIF18A,-0.27256274622118976
NOL7,-0.27256649617225615
MRPL13,-0.2726997370425523
NMI,-0.2728664458131215
UFD1L,-0.2728693785652429
C19orf48,-0.2729247070762385
POLR2G,-0.27300984088089814
HSD17B10,-0.2730353267208681
EXOSC4,-0.2732795917277765
MAP2K2,-0.27328180174307304
GEMIN6,-0.27335250066887246
HMGA1,-0.27342925919308714
TMEM70,-0.2736650242284384
DPM2,-0.27366869351968076
C19orf43,-0.27368669517469546
H2AFY,-0.27386009079057777
AKT1S1,-0.27390262140837685
ZNF511,-0.27393994521781523
HIST1H2AJ,-0.2741540734285094
GCDH,-0.27430979861480975
FAM96B,-0.27433729461565115
CCNF,-0.27457399029457685
TMEM52,-0.27467048503831515
ZDHHC6,-0.2748194165816739
PPIA,-0.2748341134660396
GRK6,-0.2748847416403947
POLE4,-0.27493337791892436
XRCC3,-0.274939921014166
PPIL1,-0.2749627509824903
CES3,-0.27498986905422335
METT11D1,-0.2750369891934427
HRAS,-0.2750397460635722
SLC25A3,-0.2750524766312252
PDZK1IP1,-0.2750836085436509
MYL5,-0.27511417397524995
BUB1,-0.2753391063354215
BUB3,-0.27545847187876676
NAA10,-0.2754783060133454
MAD2L1BP,-0.2754853020701661
TRAF4,-0.27612862692434553
HIGD2A,-0.27616682080045457
TAF10,-0.27624923731652506
ABHD14B,-0.27637461569241234
SRM,-0.27639195445679016
FASTKD1,-0.27657866918361496
C11orf31,-0.27699267151311
TMEM144,-0.27699894644855805
SIGMAR1,-0.2770412579204056
CAMTA1,-0.2770989192868649
CCT7,-0.2771786984395286
MMACHC,-0.27727635483892255
SIVA1,-0.2773415472701091
ARFIP1,-0.2774598846380567
PDCD6,-0.2778991356494634
ATP5B,-0.27793817678077015
PNP,-0.2779986711371822
BAD,-0.2783654085622016
POLD2,-0.2783684464785501
GNPNAT1,-0.2787241089857086
MRPL43,-0.2787360638874077
DHRS13,-0.27893492048908874
CCT2,-0.27903440394406
NDUFB9,-0.27906867922434625
SLC27A5,-0.27911201834555227
NDC80,-0.2791993682847781
LRDD,-0.27921808426070743
RPL27,-0.2792568456107719
ARPC4,-0.2793667043882293
BYSL,-0.2794793288263146
UTP18,-0.27949002872239276
RAN,-0.2795072636963461
THOC3,-0.2796950661417262
SLC35B1,-0.2799783819646952
C4orf19,-0.2800461769650088
STIL,-0.28015359890563424
PPA1,-0.2801597847468632
TBRG4,-0.2803637635890569
NASP,-0.2804350101023238
CENPO,-0.28044822615352855
GINS1,-0.280675896822854
MCM5,-0.28085719119078095
C6orf153,-0.28093024293691443
PACRGL,-0.28106015393101147
OBFC2B,-0.28112184781795707
MRPL52,-0.28114446462095627
RPSAP9,-0.2813089343422371
MFSD3,-0.28131476720099163
PDCL3,-0.28151145782408493
HSPD1,-0.2815399492375962
DRG1,-0.2816074895515607
COX11,-0.28167622903265704
UCHL3,-0.28182852656370594
HCCS,-0.2819709864792709
NDUFAF2,-0.2825432578178892
MVK,-0.28262298437736827
C9orf89,-0.2826352002709472
LIG1,-0.2826562094847218
FAHD2A,-0.2827098518032433
CCDC59,-0.28286929546060435
CSNK2B,-0.2830207428957703
C14orf129,-0.28310434831581355
PET112L,-0.2833053524926474
MPV17L2,-0.283656073824995
C2orf7,-0.2837377718637558
TYMS,-0.28374890516967005
NUDT6,-0.2837703903444573
RECQL4,-0.28383431824217253
SKA2,-0.2838710933161287
TSPO,-0.2838972789491376
SIRT6,-0.2839218335462656
LOC152217,-0.2840063407840907
MRPL18,-0.28406977742419187
FARSA,-0.28438566868020165
GSDMD,-0.2844646533851021
CCNO,-0.2845803652209194
MITD1,-0.2846431123507054
HLA-F,-0.2846902565564175
FGFR1OP,-0.284709485640869
IFNG,-0.2847106657847022
EIF5AL1,-0.2852518918575234
PRR5-ARHGAP8,-0.28557068287710974
HMMR,-0.2856543170316527
NARFL,-0.2857134890484305
SNHG3,-0.2859701092039189
BRIX1,-0.28609314630677957
RPA3,-0.2865069998615158
SLC29A2,-0.28651278047083273
NPM3,-0.2867928493689024
NDUFB5,-0.2869145467292862
PAFAH1B3,-0.2869425870790431
CECR5,-0.2869546419643037
C1QBP,-0.28714814509897635
GIPC1,-0.2871515862377051
MAEA,-0.28729963307891326
BANF1,-0.287307114043704
C3orf26,-0.2875818279898142
STX10,-0.28769011613669954
PARL,-0.28776312894548367
C3orf37,-0.2879542852052523
FUT4,-0.2880456181450166
MFSD2A,-0.2884138119490828
SLC37A4,-0.28869994724069586
MGST1,-0.28876063554448594
ELOVL6,-0.2890018631539686
MED18,-0.28901123534144174
SARS2,-0.28911697589790925
CLDN7,-0.2891578479034826
CWF19L1,-0.2891623072527235
C1orf212,-0.28921035510306714
SAA4,-0.2892338064236812
HELLS,-0.28935241187314226
NDUFS5,-0.2893853859974357
GLRX5,-0.28942922995155357
CKS1B,-0.28976599559413396
MRPS22,-0.28977938405614556
CCRL2,-0.29006137880781135
XRCC6BP1,-0.29024236972287865
SDF2L1,-0.29042096425796593
EIF4EBP1,-0.2904489546385404
BAX,-0.2905684100721079
PDHA1,-0.2907873000422841
C7orf30,-0.2909885202050012
PPM1G,-0.2915157724278666
YEATS4,-0.2915867845186423
PGAM5,-0.29182207170400537
VPS25,-0.2919686994056729
PDCD2,-0.2920223983419766
HSDL2,-0.29204199715652274
TMEM161B,-0.2921330131168533
PSMG2,-0.2927875145779891
UBL5,-0.292833200298349
MRPL32,-0.2928844603888208
ISOC2,-0.29314382914777287
SLC39A8,-0.2931892455030681
SPRYD4,-0.2933833600549662
LRFN4,-0.29345806912145234
PRPS2,-0.2934598362147976
C6orf115,-0.2935214092229134
C14orf156,-0.2936779875060137
MLX,-0.2940121545813684
RWDD4A,-0.29435268727522695
CHAF1A,-0.2943537209994235
COMMD8,-0.29436685734467183
C12orf47,-0.29443260010274735
C2orf47,-0.2945372835796132
BSPRY,-0.29456993918239804
ACAT2,-0.29461136069213256
NUP37,-0.29466267180332983
POLR2L,-0.2950901417561744
PSENEN,-0.29510415418817604
OAZ1,-0.29523451453767496
MFSD2B,-0.2953319023914685
C6orf129,-0.29542229076116455
SLC25A22,-0.2954815367361382
KIFC1,-0.2955070762450027
ERI2,-0.29553188325451735
RPLP2,-0.29557184780178314
CDKN3,-0.2956577543782338
TUBA4A,-0.29572917078318683
ERAL1,-0.29574048797774394
FAM128B,-0.2960021754665655
YRDC,-0.2960848362943058
C16orf93,-0.2961635741896304
PHB2,-0.2961968353459197
ARHGAP8,-0.29621408000304267
C4orf46,-0.2962527480808736
APOA1BP,-0.29647623894048303
MRPL55,-0.29649743703005227
CENPV,-0.29654707616307396
C16orf91,-0.29672420108870606
SH3GLB2,-0.296977839785952
C12orf75,-0.2970171962351331
DNPEP,-0.2971803127211207
ESCO2,-0.29729200730316135
GLMN,-0.29730182482649825
PSMB7,-0.29731140860355026
AP1S1,-0.2975061304522419
CEP78,-0.29760132178090026
BNIP1,-0.2976556506886303
ADAT3,-0.29771216902000225
AMD1,-0.29776087530755035
ZNF787,-0.2977975962367228
OIP5,-0.2979373130728317
UBE2M,-0.29794803216766164
FAM66D,-0.29814741806828676
PPCS,-0.2981631799980538
SLC25A19,-0.29817549040805896
MRRF,-0.2982693682751795
DONSON,-0.298447118205416
ZBTB8OS,-0.29851897182303727
CHCHD3,-0.2985777399446903
NUDT22,-0.2987398469035715
U2AF1,-0.29886902552087025
NDUFB11,-0.2993538477447186
PYCR1,-0.2997576960307765
HNRNPL,-0.29976009283608407
LRRC59,-0.29980497585180993
SNHG10,-0.2999116044623739
MRPS36,-0.3001492305165397
CDS1,-0.3001930477391689
NR2F6,-0.30022709253739205
UBE2C,-0.30025007432364975
COPE,-0.300297850444658
MAGOH,-0.3003280723462536
CCDC124,-0.30038141201973306
PSMD14,-0.30040027606137876
TMEM160,-0.3010168390654102
YIF1A,-0.3010356979931827
ATAD3A,-0.30104281927550464
LOC388955,-0.3011678028946568
MIF,-0.3012128084020696
SSU72,-0.30132633185198
MRPS9,-0.3013650892114239
NDUFV3,-0.3016550582579719
MEMO1,-0.3017352837241794
PKP3,-0.3018565973593338
NUDCD2,-0.3019928605539436
NOL12,-0.30211722444217676
GPI,-0.30232275005317805
TBC1D7,-0.3024163822032225
SUB1,-0.3024532572499314
METAP1,-0.302491251314423
NCLN,-0.30251375842591466
KPNA2,-0.30251804053627007
TOMM6,-0.3025805986267618
MRPL35,-0.30282347022398093
STX18,-0.30293796490163794
ALG14,-0.3029960047011903
SLC25A5,-0.30301009010800956
EXOSC3,-0.30308021137612634
TMEM177,-0.3030920804199187
TST,-0.30318137643858595
MTA2,-0.3032056845593639
NUDT19,-0.3032257747070048
CXCL1,-0.3033541547674973
C14orf142,-0.30339766731349105
ABHD11,-0.3034347958627758
POLDIP2,-0.30348450027865037
NME2,-0.3036200085386349
C12orf62,-0.3036377130738852
SPC24,-0.30364971373457383
NDUFB8,-0.3036715150123519
PSMG1,-0.3036785635609321
NUTF2,-0.30369108045993554
POLE2,-0.3037222962227235
GCAT,-0.3037657994487256
FA2H,-0.30381756600123416
MRPL51,-0.3039993960250569
PPIF,-0.3040621158771285
C9orf23,-0.30417702222901116
NMRAL1,-0.30427675551746936
FABP5,-0.30437108355916226
TIGD2,-0.30444758572696
CBR1,-0.3044996805358148
TRPT1,-0.3047044333208309
SPAG5,-0.30478616746591286
NAT1,-0.3048503054973092
NDUFA1,-0.3048971306125508
DCI,-0.30505889158677096
HMOX2,-0.3050676465127213
BATF2,-0.3050962697763667
PPAN,-0.3051602693127722
TROAP,-0.3053851256537896
RAD51,-0.3053860505136626
PPP5C,-0.3055406977996916
MRPL23,-0.30562636003313975
TRAP1,-0.3057160343685235
ZNRD1,-0.30572267633252753
PSAT1,-0.30592913301817176
MRPS5,-0.3062977793496423
TUBA1B,-0.30649510804825236
SOD1,-0.3066543569624785
RFT1,-0.30690820937910507
EZH2,-0.30705007349367947
NDUFC2,-0.3070633373426047
DUOXA2,-0.30712750023173757
NUBP2,-0.3072333340526194
ARMC6,-0.3072510220681064
CHTF18,-0.3073480683472944
NUDT1,-0.3073890902750156
WDR8,-0.3074479437364048
PLK1,-0.30762766548558895
TRIM15,-0.30773094900074255
NRARP,-0.30788208504888914
POLR2H,-0.3081141884496431
IDH3A,-0.3081487536241856
CHCHD6,-0.3084742183941723
TRIAP1,-0.30872451224889014
TEX264,-0.30875063616132564
COQ4,-0.30887967898038776
BLOC1S1,-0.30890550886443513
HAUS7,-0.3090286542572323
MRPS30,-0.3090698549207247
PTRH2,-0.30919065691537884
PA2G4P4,-0.30927784662098484
CCNC,-0.309684752740869
ZNF695,-0.30978586828454496
MLF2,-0.3098435272785779
MCM6,-0.3098721541584158
CHCHD2,-0.3098744737191822
LGALS3,-0.3099190291756063
THOC7,-0.31022175813818587
PCYT2,-0.31028154967594834
RARS,-0.3103402848829779
C1orf159,-0.3104312658876368
HINT1,-0.3105277566200478
POLD1,-0.3106219611539858
MRPS33,-0.310659959813126
MAPKAPK3,-0.31074704637425227
FARSB,-0.3108396372375472
C17orf53,-0.31105065232485274
CCNB2,-0.3112162031526806
PLK4,-0.3114586117124388
PTTG3P,-0.31151362457718973
ID1,-0.3117001708814849
CDCA8,-0.312031132340158
ATAD3B,-0.3121022628959918
NUP54,-0.3124713682781374
SHMT1,-0.31252197527600356
GADD45GIP1,-0.3127157232353156
MRPS17,-0.31278090055870555
SNRNP40,-0.3129311372835154
MRPL48,-0.3130615793758925
SPCS1,-0.3131695924989646
LRRC45,-0.3133409015671513
PTGES3,-0.3133544031640606
DPM3,-0.3133638602908159
CCDC51,-0.31356569424808794
APTX,-0.313776505763698
NCRNA00114,-0.31387820522564913
C17orf90,-0.3139060295308697
HNRNPF,-0.3139786364416333
TUSC2,-0.31404202288651195
RFC2,-0.3141119188445322
SUV39H2,-0.31420713326880406
ITGB3BP,-0.3143792397679059
NDUFA12,-0.3144501434909838
WDR77,-0.3145012012215135
KIAA0101,-0.31451736138366004
GGCT,-0.3145961004223606
C19orf10,-0.31462323589196683
TOR2A,-0.31466586362764015
POP4,-0.3147182628002799
MELK,-0.31481859233082204
NDUFA6,-0.31481986621799957
ANAPC11,-0.3150536562266589
GPS1,-0.31507376372062024
C19orf24,-0.31522579441820303
GLRX3,-0.3154876882634154
DBF4,-0.3157579704320036
SFRS9,-0.31577788885613894
BRMS1,-0.31591977282890904
NCAPH,-0.316027509379005
TPRN,-0.31605817342628584
RAD51AP1,-0.31623461107661394
CDT1,-0.31645336532176255
SDCCAG3,-0.31650356931841556
ABCE1,-0.31672774591383346
ETHE1,-0.31720116829456313
MCAT,-0.3176956343464583
SEC61B,-0.3177514032394472
C10orf78,-0.31796551356047104
COX18,-0.3179972363788119
SDHAF2,-0.3182207108119517
CHEK1,-0.31842049640453157
EME1,-0.31869295745356796
NOC4L,-0.31876114821593626
CCL15,-0.31886810804490884
TAF9,-0.3189121847274378
FAM83F,-0.318942686961272
TFB1M,-0.3189778031644031
MRPL39,-0.3191159775165278
GALM,-0.3191652394845191
LYAR,-0.3192578255661952
DUS1L,-0.3192668742318626
IRF1,-0.31937877934287284
PRELID2,-0.31949554181527734
RFC5,-0.3195056450077349
SOCS1,-0.31959383116582624
COX7A2L,-0.31977011461841826
DUS2L,-0.31979543012598144
FXN,-0.3198942226616998
TMEM147,-0.31991610209022175
NT5C,-0.3204667821845517
DBI,-0.32052615153110214
TRAPPC5,-0.32057884050913465
VDAC2,-0.32084076051276006
TMEM93,-0.32090837956195023
PSMA4,-0.32090885240846695
DCXR,-0.3210024188744795
LOC81691,-0.3210472790798671
CIAPIN1,-0.3215634428343511
NDUFA13,-0.3217148761653861
MRPS23,-0.3218545851963754
GPR25,-0.3221779672013724
AURKA,-0.3223969090815815
POP5,-0.32268945549598993
ARRDC1,-0.32274628017907286
PSMG3,-0.32276673888135854
COX7C,-0.322859522483836
ETV7,-0.32328614368082736
SCO2,-0.3235562482787095
PRDX1,-0.3235714739747574
CFL1,-0.3237179009196272
MMAB,-0.32384085626316733
PFDN6,-0.3240547905825381
SLC4A5,-0.3241166756135802
TPI1,-0.3242207666325137
NUP85,-0.3245610745510849
KIF2C,-0.32456628864664083
DNAJC9,-0.3246454315791584
DEPDC1B,-0.3247105122096463
SSBP1,-0.3249751789659455
NDUFA11,-0.3252052259918165
SUPV3L1,-0.32566254574389425
C9orf142,-0.32570479913299394
SUV39H1,-0.3257433296680933
NUDT5,-0.32575462426389185
RAD54L,-0.32579093342938453
PHF5A,-0.32583706528588696
PI4K2B,-0.325935448969053
CASP5,-0.3259580421171221
MTP18,-0.3260303638423826
C11orf51,-0.3261312656077906
BRP44L,-0.3262983360718057
BCCIP,-0.3263373290700527
PDSS1,-0.3267224547992942
NDUFV2,-0.32672422968816967
PRMT1,-0.3269472901910457
RMI1,-0.3270608933944554
NDUFB3,-0.327286079546092
TXNDC17,-0.3275995963092114
DDTL,-0.3277868696195964
TRAPPC2L,-0.3279359194803463
BRP44,-0.3281027945034878
NHP2,-0.32819394555088977
MRPL54,-0.3288868336631248
C9orf16,-0.328906314109527
PSRC1,-0.32894555845254336
C21orf45,-0.3289871251770557
C12orf48,-0.3290079923446426
SNRPC,-0.32915567176506005
PPPDE2,-0.3291569580765467
TOMM5,-0.3294335989224375
PBK,-0.3296368264400911
NSMCE4A,-0.32966978534332314
LSM5,-0.3296859459193863
GSDMB,-0.329819348830689
EEF1E1,-0.3302581091099934
BOLA2,-0.33031308900432377
TAP1,-0.3304047042177802
AGMAT,-0.33048952836925527
CEP55,-0.33058447138580427
SDHD,-0.33062878938759216
EIF3I,-0.3306456873133442
AP2S1,-0.330676914401847
CD320,-0.3307913517661214
CMC1,-0.33084189519786683
PSME1,-0.33105595628048967
POLR2E,-0.33117729862619855
SNORA76,-0.3314868217554333
MRPS24,-0.33172363989283915
SGTA,-0.331734699273408
ESRRA,-0.33176663328024747
NPRL2,-0.3318098461429852
RASSF7,-0.33197357832918833
PPP4C,-0.3320694929411196
MRPL36,-0.3321044794617236
PDCD5,-0.33222006593541675
GLO1,-0.33233552107953734
POLR2F,-0.33236005086439735
RPUSD1,-0.3323746714535153
UBE2J2,-0.3325803351507815
TUBG1,-0.3327022422147997
TSFM,-0.33295364471654665
CDC6,-0.3333102428477382
ILKAP,-0.3333788214543615
C19orf60,-0.33339781123646517
SMS,-0.33340258870458866
SFT2D1,-0.33341966245075216
PSMA1,-0.3335095971478384
DCTPP1,-0.3336464209195318
TKT,-0.3336975094731591
PARK7,-0.3340922390011558
YDJC,-0.3343852633505432
ERCC6L,-0.33440394364316517
NDUFB6,-0.3344775195965522
SPA17,-0.3345035212253912
STOML2,-0.3345493821436216
CCL28,-0.33469141346737613
GRSF1,-0.3349997955153788
NDUFB7,-0.33501809055334797
ENOPH1,-0.3351812195156468
GMDS,-0.33521121224146966
EIF4A3,-0.3352275094814605
ATP5O,-0.33524820997947224
IL26,-0.33536524520284294
PUSL1,-0.3354533604882763
AURKB,-0.3355722376891193
TALDO1,-0.3358535193076263
GHITM,-0.3360466124364019
ALG6,-0.3361726598013595
SFRS7,-0.33618999901537566
PSMB1,-0.3364392996184754
LOC729991,-0.33650416041302594
ATG4D,-0.3366897407731384
MLST8,-0.33672828654587084
MRPS25,-0.33682947037727945
TMEM141,-0.3373637458972623
RG9MTD1,-0.33742281646518224
THAP4,-0.33756387414201505
POLR2I,-0.3376864024329829
YIF1B,-0.3379915533059377
EIF3K,-0.338278946204273
MRPL50,-0.33842437414451376
GINS3,-0.3384946485597977
CHCHD4,-0.33852745248695276
LCN2,-0.33857247650596
EIF5A,-0.3389469305685284
C1orf31,-0.3389830082220506
RPUSD3,-0.3393497991764726
SNRPD2,-0.33944551263450634
C2orf79,-0.33987734837771777
POLR3K,-0.3400336994754889
HAUS8,-0.34038147924511897
PSMA6,-0.34054148363149506
C1orf172,-0.3407075990663599
MRPL34,-0.3408151371118958
SNRPD1,-0.34110212797199585
MTG1,-0.3412568086579033
HMGB2,-0.34128974723744626
C9orf46,-0.34130287818796856
UBAC1,-0.3418018867226266
NEIL3,-0.34203699219546957
CDCA5,-0.34238252418074205
PXMP2,-0.34249869590834336
CSTF3,-0.34275098611664273
ORC1L,-0.3428018479965263
CENPK,-0.3428506351903215
POP7,-0.34287562555379253
PAICS,-0.3430161441427533
PA2G4,-0.34323737719178454
PSMA2,-0.343391844737879
POLR1C,-0.3435840169130763
TRUB2,-0.3436185738293132
PTPMT1,-0.3437568683342993
CCL20,-0.34378699160042103
C6orf203,-0.3441593964964044
ZDHHC12,-0.34433240909936536
TMX2,-0.3444298774278284
E2F2,-0.3444787980048108
INTS12,-0.34477747162698213
SKA1,-0.3449517017560885
C16orf13,-0.3450376677877273
OTUB1,-0.34520870207056303
MRPL22,-0.34552556294046166
AK2,-0.3459847245535351
PSMB2,-0.34606942247798606
MRS2,-0.34650935756875545
FAM136A,-0.3465522680915871
IL17A,-0.346584976195523
NDUFB2,-0.3467191063289341
MRPL1,-0.3468518294975903
ORC6L,-0.346940719197614
TMEM106C,-0.3470905242783779
IFRD2,-0.3472541738205081
MRPL17,-0.34739792503347977
PSMG4,-0.34794831720912023
TRMU,-0.3479954312888676
TMEM126A,-0.3481070359232634
SUCLG1,-0.3484018756422989
C18orf56,-0.34851755461124
EI24,-0.34878884262434495
DDT,-0.34890041970641783
EBNA1BP2,-0.34892272876684455
RRP9,-0.3489285238137212
OXNAD1,-0.349328686987493
COX4NB,-0.34941173692265504
TRAIP,-0.34950820934155924
E2F1,-0.34965688979690296
AP1M2,-0.35035891232397204
CRB3,-0.3506852170077273
ATP5J,-0.3507185987900482
QPCTL,-0.3509174421045897
SDHAF1,-0.3510080979830873
CASP1,-0.3512249395119948
DCUN1D5,-0.35126795106185554
PSMB4,-0.3513135321964325
PSMA3,-0.35132890812812034
FCAMR,-0.35177578330216125
HSPE1,-0.35178362696250065
CHAC2,-0.35197370003716943
TXN,-0.35211751536722063
NIT2,-0.35211967356604207
C16orf75,-0.35218280789654927
MRPL47,-0.35262581495322703
HDHD3,-0.3526941674969962
ZNF296,-0.35292256829496066
ZC3H12A,-0.3533158878219147
PPIL5,-0.3537366198998435
EXOSC2,-0.3537471305455612
AIMP1,-0.3540267417517908
C17orf37,-0.35404412577346006
C16orf59,-0.3544783094318027
NDUFB1,-0.35458024810123895
EXOSC9,-0.35465655795644857
CDC25A,-0.35467302348181856
MRPS2,-0.35469875371870546
CYC1,-0.3547617329817279
CISD3,-0.3548990084760569
CISD2,-0.354921179956074
GAR1,-0.3550377324281474
RCC1,-0.355080422195882
SS18L2,-0.3551831048511612
TMEM223,-0.3553822634290753
KIAA0114,-0.3554613374887614
TIMM44,-0.3554789248905417
ATP5H,-0.3557367554443931
C17orf89,-0.3558007514400395
CCDC72,-0.35591899357586076
LOC100130932,-0.356002225856134
PDF,-0.35617584845642364
CENPN,-0.3563052322497635
CDK1,-0.35637381884465885
ATP5J2,-0.3563738903825861
GOT1,-0.3565113767762139
MRPS7,-0.3569040532173313
UQCRHL,-0.3576122595323505
PTS,-0.357637384617002
C19orf70,-0.35828735618426766
DYNLT1,-0.3588292836533343
APITD1,-0.359090493327355
LOC440957,-0.35928057348676656
C16orf61,-0.3595275007501618
COX4I1,-0.3596658413764194
TRIP13,-0.35972474683237093
HNRNPAB,-0.35972935417430085
SNRPG,-0.3605773781436821
TACO1,-0.36116664394263714
LSM12,-0.36133995044943484
RFC4,-0.36178305211253836
FBXW9,-0.36207004578558366
HMGN2,-0.362087759788367
POLA2,-0.3624539911388677
MRPS35,-0.3625122004013157
DDX28,-0.3628387806201039
FH,-0.3630265919712099
MYEOV2,-0.3630617979458784
APOO,-0.3631296623606431
TACC3,-0.36327923935261314
WDR18,-0.3635350582342698
CDC20,-0.3637297272418571
CHCHD10,-0.36396222901048003
GEMIN7,-0.3643788661869962
PPP1CA,-0.3646193034858009
GOT2,-0.36470662131090065
CXCL2,-0.36490283241411936
GALE,-0.36502285417768204
NDUFA8,-0.3651583865797973
MGST2,-0.3651596978488332
NDUFA2,-0.36520889454650973
MYCBP,-0.36521723254747507
NUDT8,-0.36547988228027045
PIGR,-0.36556045151075595
EIF4E,-0.36566487985585067
ARPC5L,-0.36582766826922203
TXN2,-0.366104986013121
GNG5,-0.36611507242933683
NANS,-0.36625176562204853
C14orf2,-0.366277747562592
ECE2,-0.36636426580118975
SAC3D1,-0.3664103022664735
NDUFA3,-0.366561755798002
NDUFS7,-0.36664746148206295
UBE2N,-0.3666623568729379
MRPL21,-0.3672344011189823
KIF22,-0.3674872312971948
RTN4IP1,-0.3678103330462681
SNRPF,-0.3680034677537951
NCRNA00116,-0.3680483686927285
CYB561D2,-0.36848587210312406
GMNN,-0.3685487031006227
PSMD13,-0.36877034688031823
UBE2T,-0.3687973623479696
NOP16,-0.36902328037922827
EXOSC7,-0.3692501757224568
SLC25A33,-0.36943372956352377
KIF9,-0.36989354753448406
NDUFA10,-0.37013068799586446
APEH,-0.37067627376956297
ZMYND19,-0.3708729262878975
EMG1,-0.3709488601991103
RNF126,-0.37130919805988916
NDUFV1,-0.37142832828255307
SPC25,-0.37179725148127213
RUVBL2,-0.37181773909862725
ATP5C1,-0.37191278383084025
WDR34,-0.3720094702708499
FAM54A,-0.3729801549572802
TSSC1,-0.37362267146825945
COX7B,-0.37365020826815254
PRELID1,-0.3736837901028451
VRK1,-0.3737745078614171
TPMT,-0.37383701351832344
USMG5,-0.3738852520279456
BCL2L12,-0.37431133633663133
FOXRED1,-0.374333295080759
CHCHD8,-0.37439797797559693
CCDC58,-0.374693638775123
MRPL2,-0.3747565321656544
PMM2,-0.3747848174064415
MRPS18A,-0.3748305296887962
C6orf125,-0.3750103880900768
MRPL44,-0.3750311706955887
ECHS1,-0.37535676740504714
SLBP,-0.37544269936850694
PSMB3,-0.3755119736638962
CHAF1B,-0.37555303305673304
ACOT7,-0.3759297847133197
RDH13,-0.3762236956296818
TIMM16,-0.37751883968310623
RNASEH2A,-0.3779258823635419
MRPS16,-0.3779323412109159
TOMM22,-0.3779888663827457
HSPBP1,-0.37809224149063786
HBXIP,-0.37814489735178736
NCAPG,-0.37839498721193926
MRPL20,-0.37896380740273233
CHEK2,-0.3790609839983543
C17orf42,-0.3796723912155153
RRM2,-0.38019434990324064
RPS6KB2,-0.3801963748737637
MTHFD2L,-0.38095120938502014
MRTO4,-0.3812999089044234
BAK1,-0.38152799012861244
VPS29,-0.38160979369153125
NDUFB10,-0.382687847308007
ATP5I,-0.382835217528639
C1orf135,-0.38313495365609335
CCNB1,-0.3841438052209198
CENPH,-0.3847897541204923
C6orf108,-0.3850950531120058
PSMB9,-0.3852754249317873
SDHB,-0.38536612653992175
MRPL38,-0.3856374079553765
NDUFA7,-0.38578568082204345
COQ2,-0.38593564965511495
EBP,-0.3859504093000359
MRPL41,-0.38604579986025045
MLF1IP,-0.3863428804375039
HN1,-0.38635696002462006
NOS2,-0.3865334564155403
JAGN1,-0.38653668793914575
COQ9,-0.38656146018742027
DAZAP1,-0.38668580793825336
PRDX2,-0.3868565802085045
NDUFS8,-0.3869060741093198
UQCRH,-0.3869888675289846
ATP5F1,-0.3876081654176876
OXSM,-0.38771337521914795
NME1,-0.38809282275538676
FEN1,-0.38839481353435507
TSEN54,-0.3890991306555062
TUFM,-0.3893345630269899
TIMM10,-0.3896169660184396
MRPS15,-0.3898908875983083
CLPP,-0.39055672541084147
CDCA3,-0.3906963749777868
SFRS3,-0.39071452341130164
NDUFAF4,-0.39101918187789886
CENPA,-0.3911511012664082
PKMYT1,-0.3912536609894556
CENPW,-0.39223638331189925
PHB,-0.3926085728052796
UQCRQ,-0.392810743566096
COMTD1,-0.3932898535912709
LSM7,-0.39335620991038
ZWINT,-0.39373940934209944
NDUFS6,-0.3941653173208424
GINS2,-0.39433222897236747
CYCS,-0.3947866657579879
SMPD2,-0.39510961134106876
TMEM54,-0.3951906086297141
HMBS,-0.39574234898002386
CASP3,-0.39665727816552543
CASP6,-0.39669411460273857
PLEKHJ1,-0.39679650594520804
TIMM8B,-0.3980614643438724
THOP1,-0.3982062964568243
GRPEL1,-0.39853915043515215
POC1A,-0.39875852546092005
ATP5L,-0.39898296586631843
MRPS18C,-0.40147377134387524
SFRS2,-0.40167078104097237
C1orf151,-0.4019163865868274
SFXN4,-0.4024488149047814
PGP,-0.40343417564924805
UQCR10,-0.4037259608415373
SNRPA,-0.40458122375276784
CCNE1,-0.4046031742479463
CXCL3,-0.40512377211649175
FAM162A,-0.4057728657200698
LSM6,-0.4068189497289737
AURKAIP1,-0.407203477382494
ICT1,-0.4079866037422791
CCDC56,-0.40821099982547965
LSM3,-0.4094545970776276
PSME2,-0.40970642597901347
RPS6KA1,-0.4100638063390532
MXD3,-0.41022109136286106
MRPS34,-0.4111277906251817
CDC25C,-0.41118932228790367
MRPL37,-0.41189622796063496
UQCR11,-0.41219753104305823
COX6B1,-0.4124736761552267
CDX1,-0.4125844925448111
PMPCA,-0.4129204230257467
MTCH2,-0.4142501292697727
PSMB8,-0.4143133143895092
UBE2S,-0.4145269773626003
CHCHD1,-0.4146032439620266
PPIH,-0.41492690137423305
TIMM50,-0.4151001519809204
ENDOG,-0.41589392966536065
NDUFC1,-0.4161046342114926
ATP5G3,-0.4166179512278037
TOMM40,-0.4169451187592798
RANBP1,-0.4171951916540024
C11orf48,-0.41787761105159826
ARFIP2,-0.4184582637191447
SF3B5,-0.4187129333268163
CCNA2,-0.4194368636536235
HADH,-0.4205724431707995
COX7A2,-0.4217092734297394
PSMB10,-0.4225571706744644
COQ3,-0.4234395470837744
COX5A,-0.4236982911564776
CDC45,-0.423839144956041
MRPL27,-0.42492123332785153
DDX39,-0.42547646080256357
BIRC5,-0.4265121326044674
DTYMK,-0.42948034356337733
TIMM13,-0.4296271391299003
CENPM,-0.4302629774020375
PTTG1,-0.43029200914328725
SLC25A39,-0.43053050170862817
BOLA3,-0.433446029397843
LSM2,-0.43397148021842674
THOC4,-0.4341477630899336
C6orf136,-0.4350803397638432
COX6A1,-0.43569914062236564
MRPL11,-0.43611455840470437
CKS2,-0.4368168782348264
MND1,-0.43696043063252493
COX5B,-0.43813905349398663
ZNF593,-0.4387537764857596
ATP5D,-0.43897952524660405
TUBB2C,-0.4392137091899918
MRPL16,-0.43924538934841123
TK1,-0.43928340672268223
NDUFA9,-0.4415273012864227
H2AFX,-0.4421868986430982
TUBA1C,-0.4439576875251555
EPR1,-0.4441446526090285
MRPL14,-0.44432482837868814
ATPIF1,-0.4452898925751616
MRPL4,-0.44601146204122244
MRPS12,-0.4490665326715317
STRA13,-0.4492266665467886
SNRNP25,-0.45121854008022416
LSM4,-0.4514940248491353
H2AFZ,-0.45422525434605704
PPA2,-0.4543639346586836
PTGES2,-0.4549818582933438
ASF1B,-0.45500278974907077
UQCRFS1,-0.4554232720552418
NDUFS3,-0.4554844132869565
MAD2L1,-0.4576337054728385
PSMA5,-0.4588586134383412
NDUFAB1,-0.46102273602074123
UQCRC1,-0.4626314100531371
ATP5G1,-0.46822582967705284
FAM195A,-0.4696794948639965
C11orf83,-0.4716716462139239
MRPL12,-0.47702208975221505
SLC25A10,-0.47750599111340536
COX8A,-0.4997702555116936
