TF,n,spearman_rho,p,is_signature_gene,p_fdr_bh,significant_fdr01
ZNF532,380,0.6620351963753486,2.8072608569466675e-49,True,4.345639806553441e-46,True
PEG3,380,0.6563972705654152,3.3965132560718745e-48,False,2.6289012601996307e-45,True
PRDM6,380,0.6390445584979307,5.2737351522573915e-45,False,2.5724363847581043e-42,True
ZFHX4,380,0.6384792521288725,6.647122441235412e-45,False,2.5724363847581043e-42,True
MEIS2,380,0.6296587987498375,2.3127907456631274e-43,True,7.160400148573043e-41,True
SALL2,380,0.629142159888983,2.8371956118563795e-43,False,7.319964678589459e-41,True
BNC2,380,0.6268846505564334,6.898398304425849e-43,False,1.5255315107501737e-40,True
MEIS1,380,0.6256811994315471,1.104466397137938e-42,False,2.13714247846191e-40,True
DZIP1,380,0.6218610928657754,4.854095208788302e-42,False,8.34904375911588e-40,True
GLI3,380,0.6159190829177521,4.663749893180297e-41,False,7.2194848346431e-39,True
GLIS2,380,0.6153839929524217,5.704228977776782e-41,False,8.027405870544053e-39,True
TSHZ3,380,0.6148234252243556,7.04114578136082e-41,False,9.083078057955459e-39,True
GLI2,380,0.6139568475913596,9.74201803256169e-41,False,1.1600495318773458e-38,True
ZEB1,380,0.6129511053712019,1.4182463479050403e-40,False,1.568175247540716e-38,True
PGR,380,0.6110068981052856,2.9200526640329347e-40,False,3.0134943492819885e-38,True
AEBP1,380,0.6094019104995441,5.280487818740386e-40,False,5.108871964631323e-38,True
HAND2,380,0.6080065775184166,8.81370910115309e-40,False,8.025659816814698e-38,True
NKX3-2,380,0.6056122069338741,2.1104770428676373e-39,False,1.815010256866168e-37,True
ZNF667,380,0.60477715318108,2.8568152463845536e-39,False,2.3275526323175206e-37,True
MEIS3,380,0.5959100797966219,6.739241245155919e-38,False,5.216172723750682e-36,True
TSHZ2,380,0.5933942420908974,1.623209493694526e-37,False,1.1965372839233934e-35,True
ZNF521,380,0.5911770811586234,3.4998223106707387e-37,False,2.462602244053774e-35,True
TCF4,380,0.5823472390881571,7.041526720428181e-36,False,4.739253636183837e-34,True
MITF,380,0.5818226689920809,8.392011826778686e-36,False,5.412847628272252e-34,True
ZFPM2,380,0.5811529548349237,1.0494185269963274e-35,False,6.49799951916126e-34,True
GLI1,380,0.5635688254279999,3.102638400653055e-33,False,1.8472631708503573e-31,True
ATF7,380,0.5630484215984185,3.65273811554842e-33,False,2.0942365195810945e-31,True
SOX11,380,0.5607366645052954,7.516362369526711e-33,False,4.155474624295482e-31,True
CPEB1,380,0.5598032789037098,1.0042591881531118e-32,False,5.360666287106955e-31,True
ZNF365,380,0.5539400811302335,6.071434384088831e-32,False,3.1328601421898365e-30,True
HLX,380,0.5537303359927729,6.470835512768431e-32,False,3.231243023795333e-30,True
ZNF135,380,0.5520957492579278,1.0615043418748675e-31,False,5.135027253819672e-30,True
HEYL,380,0.5512983550831431,1.3500711347532651e-31,False,6.333060959388044e-30,True
ZNF154,380,0.545095124172567,8.576310604020302e-31,False,3.9047437691245376e-29,True
MEOX2,380,0.544094682352296,1.1514321729630195e-30,False,5.037511426200224e-29,True
TRPS1,380,0.5440358576895447,1.1715142851628428e-30,False,5.037511426200224e-29,True
ELK3,380,0.5412862530282028,2.6187901782881606e-30,False,1.0752926454319912e-28,True
ZNF835,380,0.5412590630240067,2.639607269148299e-30,False,1.0752926454319912e-28,True
SETBP1,380,0.5395370258899548,4.351936759628491e-30,False,1.7273841292063856e-28,True
TCF7L1,380,0.5331427207422216,2.717324624318337e-29,False,1.0516046296111965e-27,True
ZNF454,380,0.531888990753062,3.873717294068571e-29,False,1.4625644807849141e-27,True
HEY2,380,0.5287630969488993,9.316900602497322e-29,False,3.433943364920442e-27,True
AR,380,0.5271303348036698,1.4682033338347213e-28,False,5.285532001804997e-27,True
ZEB2,380,0.5262414915621774,1.8787099050519564e-28,False,6.609643029591883e-27,True
ZNF512B,380,0.5260965675786983,1.9556353624438176e-28,False,6.727385646806733e-27,True
ZNF843,380,0.5243343717321785,3.1807911809484143e-28,False,1.07040538002351e-26,True
ZNF362,380,0.523310404494128,4.214240421180421e-28,False,1.3880093982951684e-26,True
JAZF1,380,0.5220877074366588,5.889442981548112e-28,False,1.8993453615492662e-26,True
ZNF25,380,0.5219829014078392,6.0604688476539355e-28,False,1.9146134237078149e-26,True
ZBTB46,380,0.5215592367480558,6.803258441247202e-28,False,2.106288813410134e-26,True
TEAD1,380,0.5209644662696841,7.99995445581074e-28,False,2.4282214701166714e-26,True
EBF4,380,0.5173200595763496,2.1441890221266004e-27,False,6.383085781253803e-26,True
KLF17,380,0.5171740511571349,2.230026238998183e-27,False,6.513359656545636e-26,True
KLF8,380,0.5154776568221562,3.513714690591344e-27,False,1.0072648779695185e-25,True
HIC1,380,0.5151780796635855,3.806463382907816e-27,False,1.071346421225691e-25,True
BCL6B,380,0.5149190947007319,4.078869582025761e-27,False,1.1275160916028354e-25,True
ZFHX3,380,0.5126609231011704,7.43347049174426e-27,False,2.018774091442125e-25,True
ERG,380,0.5120161193944284,8.815815373408909e-27,False,2.352910723799481e-25,True
ZBTB47,380,0.5107767325978142,1.2223425901224353e-26,False,3.207095473744966e-25,True
SNAI2,380,0.509504158438665,1.7073431381788876e-26,False,4.40494529650153e-25,True
ZNF677,380,0.5085633141048157,2.1838662273505883e-26,False,5.542008065473297e-25,True
PHF21A,380,0.5080949699898423,2.467850888481441e-26,False,6.070715479679292e-25,True
RARB,380,0.5080906393041618,2.4706400207997118e-26,False,6.070715479679292e-25,True
ZNF418,380,0.5034549335451358,8.202002808869465e-26,False,1.9838594293953016e-24,True
ZNF469,380,0.503365621444615,8.392313710366614e-26,False,1.9986617882534644e-24,True
FOXC2,380,0.5028038611043302,9.693325901255064e-26,False,2.2735255295670968e-24,True
ZBTB4,380,0.49957900997088595,2.2057283413342627e-25,False,5.096220108037969e-24,True
ZIK1,380,0.49914534923957826,2.4619629499012163e-25,False,5.604586244775122e-24,True
ZNF208,380,0.4986206765732427,2.8114924396706434e-25,False,6.307522169000226e-24,True
RUNX1,380,0.49001457047212893,2.402031186053789e-24,False,5.311920394301807e-23,True
PKNOX2,380,0.4897665264555488,2.552944048803192e-24,False,5.566137165559636e-23,True
ZNF578,380,0.4859926048020965,6.412292357658771e-24,False,1.3786428568966357e-22,True
SKI,380,0.4850406598995239,8.074625124849829e-24,False,1.7122629716804843e-22,True
ZNF626,380,0.48460784350748576,8.964685068043604e-24,False,1.875315200720473e-22,True
ZNF676,380,0.48414043872819756,1.0034699400773676e-23,False,2.0711619563196866e-22,True
ETV1,380,0.48201477552839184,1.6720944774752165e-23,False,3.40579243569952e-22,True
MAF,380,0.48180817564348466,1.7568373543289278e-23,False,3.531927564287247e-22,True
SOX17,380,0.47917754548166597,3.28736258260299e-23,False,6.524150356242858e-22,True
EBF1,380,0.4750378775624313,8.71619787368589e-23,False,1.7025108129319942e-21,True
MEF2C,380,0.4749977009949245,8.798505493188599e-23,False,1.7025108129319942e-21,True
MAFB,380,0.4747925099547479,9.230970310894664e-23,False,1.764140992748758e-21,True
PBX1,380,0.47339909159929633,1.2775762035720186e-22,False,2.4118145891822986e-21,True
BACH2,380,0.4733030207191042,1.3064537937567449e-22,False,2.4366150273920978e-21,True
RUNX2,380,0.4707994214274106,2.333386613738574e-22,False,4.300098188175372e-21,True
RORA,380,0.4696792655433053,3.0200831793875155e-22,False,5.500104425519852e-21,True
MEF2A,380,0.46838110261462357,4.0676133316540324e-22,False,7.321703996977259e-21,True
PRRX1,380,0.46654048839733986,6.190923603080961e-22,False,1.1015574410999227e-20,True
ZNF229,380,0.4659660479495028,7.054404233258846e-22,False,1.2409338355778061e-20,True
ZNF467,380,0.4652763722227052,8.248960251457727e-22,False,1.4347629740737708e-20,True
NR3C1,380,0.46140645536622504,1.9713997682221247e-21,False,3.390807601342054e-20,True
EBF3,380,0.45916462212007714,3.249182820535159e-21,False,5.527181325481788e-20,True
FOXS1,380,0.45645028611015265,5.920751590614168e-21,False,9.96230811116384e-20,True
NR2F2,380,0.45402684901387735,1.0071435543951756e-20,False,1.6764066905416469e-19,True
SOX5,380,0.4526340899271234,1.364122334275386e-20,False,2.246448269636487e-19,True
HIVEP2,380,0.45099380531099514,1.9465217154438995e-20,False,3.1718059110601647e-19,True
ZNF660,380,0.44918929870728286,2.871856474631139e-20,False,4.6308685653427115e-19,True
TWIST2,380,0.4489208269573677,3.042329135590206e-20,False,4.855180929787255e-19,True
TAL1,380,0.4461328356914712,5.520368441458756e-20,False,8.719928925896076e-19,True
NPAS3,380,0.44598933431099463,5.691445470855177e-20,False,8.89935109988264e-19,True
LEF1,380,0.4434836920492268,9.674925959929351e-20,False,1.4976785385970636e-18,True
ZNF425,380,0.44334376496703476,9.964593603870066e-20,False,1.5272466236426597e-18,True
FOXN3,380,0.4391966353091676,2.3741113891667376e-19,False,3.6030631670883426e-18,True
POU6F1,380,0.4390559673269978,2.4445544077016594e-19,False,3.673951672934144e-18,True
PURG,380,0.43776483989645065,3.1950599950593394e-19,False,4.7557239157229395e-18,True
GLIS1,380,0.4326395622886036,9.145200650866739e-19,False,1.3482638673849251e-17,True
ZNF281,380,0.4319235196506389,1.0577543879983631e-18,False,1.5447205590768547e-17,True
IKZF4,380,0.43166493908602876,1.1147257446595916e-18,False,1.6127060305916335e-17,True
TWIST1,380,0.43108702456614295,1.2531895455216919e-18,False,1.7962383485810916e-17,True
SOX7,380,0.4304088758576428,1.4373436415934942e-18,False,2.0412917038410355e-17,True
MSC,380,0.4293369776271971,1.7840386791891006e-18,False,2.5106289776224797e-17,True
ZNF727,380,0.42915554552418766,1.850356732373183e-18,False,2.5696200805565602e-17,True
SIX4,380,0.42913195288849454,1.859156647431103e-18,False,2.5696200805565602e-17,True
TBX1,380,0.42722871451591765,2.7227594745941964e-18,False,3.729939528028156e-17,True
ZNF385B,380,0.42667569044274595,3.0405960283974987e-18,False,4.1288093438239717e-17,True
ZNF385D,380,0.42599945011089635,3.479139939318373e-18,False,4.683224892230297e-17,True
ZHX2,380,0.4258771098467979,3.564869327417156e-18,False,4.757256654173929e-17,True
ZNF781,380,0.42511771125176595,4.1454243189850145e-18,False,5.4847152528109426e-17,True
NFATC4,380,0.4249128728604813,4.317330902300705e-18,False,5.663752743018213e-17,True
DLX5,380,0.4239194763207292,5.255617936017173e-18,False,6.836719802482845e-17,True
ZNF354C,380,0.4237598851104517,5.423985680096258e-18,False,6.996941527324173e-17,True
TCF15,380,0.42321445279698433,6.040431853188684e-18,False,7.727759098128994e-17,True
ZNF471,380,0.422668699923685,6.726049395007432e-18,False,8.534364314320906e-17,True
EBF2,380,0.42218863744793705,7.391998617238508e-18,False,9.303100698768464e-17,True
CIC,380,0.42116169121225155,9.041758256137332e-18,False,1.128761433911338e-16,True
MECP2,380,0.42061978685815626,1.0053102167884328e-17,False,1.2449761724707952e-16,True
HAND1,380,0.420535060859491,1.022096730769115e-17,False,1.2557188406591983e-16,True
ZNF423,380,0.4193954202735217,1.2765339883553427e-17,False,1.555964262971709e-16,True
PBX3,380,0.4190411540767404,1.3676282022738855e-17,False,1.6539753571249802e-16,True
MEF2D,380,0.4187180848503442,1.456252665322756e-17,False,1.7475031983873072e-16,True
ZNF385A,380,0.4180296628993739,1.664351666042061e-17,False,1.9818587531023927e-16,True
ZNF641,380,0.41793942617404983,1.693709099119947e-17,False,2.0014211339218913e-16,True
KLF7,380,0.4169813605679752,2.0385547369192965e-17,False,2.3906687369326293e-16,True
ZNF366,380,0.41564754105387436,2.6359896716790638e-17,False,3.0680541441798423e-16,True
ZNF436,380,0.4156030357207546,2.658640314994764e-17,False,3.0713247817999216e-16,True
RORB,380,0.41479476257653725,3.104907123598947e-17,False,3.5602935017267924e-16,True
FOXF1,380,0.41442786597362663,3.3310276923379685e-17,False,3.791493285102335e-16,True
CDX1,380,-0.4125844925448111,4.735877086824438e-17,False,5.351195423652722e-16,True
SOX10,380,0.41187202893850544,5.4226803988108103e-17,False,6.082832795187778e-16,True
MXD3,380,-0.4102210913628611,7.412419605903693e-17,False,8.254982410027998e-16,True
VAX2,380,0.40953008291034054,8.444123189674377e-17,False,9.336787641154239e-16,True
EGR2,380,0.4067050646750303,1.4340607275108382e-16,False,1.574415607224665e-15,True
HEY1,380,0.4047239798130264,2.07286160624174e-16,False,2.2597111031424037e-15,True
ZNF568,380,0.4042800732707985,2.2504872505911276e-16,False,2.436191792947598e-15,True
KCNIP3,380,0.403927387560727,2.4021898649985337e-16,False,2.5823541048734236e-15,True
NR2F1,380,0.4013562436366534,3.855939084552932e-16,False,4.116547381302027e-15,True
ZNF609,380,0.4013126152074942,3.8868898548248473e-16,False,4.121168147444427e-15,True
TCF21,380,0.4004583794069587,4.54445510913353e-16,False,4.785589461863064e-15,True
BCL6,380,0.3997353382633077,5.185416927573839e-16,False,5.42366581343534e-15,True
ZNF382,380,0.3991935058392345,5.723121363314488e-16,False,5.945900584168341e-15,True
NPAS4,380,0.3974284038351579,7.882760567118072e-16,False,8.13500890526585e-15,True
GTF2I,380,0.3961965193654924,9.845304667276659e-16,False,1.0093067301287596e-14,True
TET1,380,0.3945397728147763,1.3257021856101398e-15,False,1.3501230153450634e-14,True
ASH1L,380,0.3923700819784728,1.9524317674520366e-15,False,1.9754015529514723e-14,True
ZNF333,380,0.3917257355962753,2.189114623342298e-15,False,2.2004866473596607e-14,True
ARNT,380,0.3915598366402434,2.2544738523518237e-15,False,2.2515648538326598e-14,True
EMX2,380,0.39145410530649266,2.2971234786497812e-15,False,2.279453298044783e-14,True
CENPA,380,-0.3911511012664082,2.423780189008611e-15,False,2.3898163901817388e-14,True
ZBTB16,380,0.39049436907146273,2.722266927195805e-15,False,2.6671324071513333e-14,True
ZNF853,380,0.3898603266281002,3.044520242518164e-15,False,2.964098953093156e-14,True
KLF12,380,0.3878939048324282,4.30076173390057e-15,False,4.160986977548802e-14,True
REST,380,0.3874458749028421,4.651437047459465e-15,False,4.472313384762268e-14,True
ARID5B,380,0.3873683732187969,4.714878785971045e-15,False,4.505328617705665e-14,True
PRRX2,380,0.3855844698600598,6.4337331793014605e-15,False,6.110072982551325e-14,True
CSRNP2,380,0.38468090839110536,7.525319099933326e-15,False,7.103167052863896e-14,True
CREB1,380,0.3806522646404843,1.5046705717845668e-14,False,1.411654572801521e-13,True
NCOA2,380,0.3786471516978243,2.1167554271688743e-14,False,1.9739381935285648e-13,True
ZBTB20,380,0.37825409888866063,2.2626007975916083e-14,False,2.0973090027974906e-13,True
ARNT2,380,0.3779371899967243,2.3873214294092014e-14,False,2.1997461742413357e-13,True
ZNF483,380,0.3777934517210858,2.44608701702764e-14,False,2.2405578120466195e-13,True
ZNF474,380,0.3774261290993593,2.6027761405719336e-14,False,2.3700573327090314e-13,True
ZMAT4,380,0.3772450674398649,2.6835884178102914e-14,False,2.429353725596685e-13,True
AHDC1,380,0.3763914729556071,3.098898680801614e-14,False,2.7890088127214526e-13,True
ZKSCAN1,380,0.37498756171863334,3.922733892637082e-14,False,3.510053217226707e-13,True
ZNF671,380,0.3749182431710776,3.968543512468321e-14,False,3.530635262816644e-13,True
ZFAT,380,0.3715306745131055,6.97561080784561e-14,False,6.170426017454288e-13,True
FOXD3,380,0.369384367446545,9.938050110376938e-14,False,8.740966801626988e-13,True
FLI1,380,0.3685169147735564,1.1457891391178827e-13,False,1.0020799928556397e-12,True
CSRNP3,380,0.36832830307802916,1.1817297043487473e-13,False,1.0277065069280117e-12,True
ESR1,380,0.3682277906131871,1.2013310097889546e-13,False,1.0389164263426266e-12,True
HOXC4,380,0.36657246106710584,1.573864604442111e-13,False,1.3535235598202154e-12,True
ZNF750,380,0.3660463029970935,1.714400901049867e-13,False,1.4662390026658531e-12,True
TBX15,380,0.3652937938858562,1.9369528026338073e-13,False,1.6474741420204031e-12,True
TSHZ1,380,0.3623684624469049,3.103588128462203e-13,False,2.6253302857155685e-12,True
ETS1,380,0.3614670651206607,3.5853633787932493e-13,False,3.01638179911519e-12,True
SOX18,380,0.3606147471772817,4.1077946515504614e-13,False,3.4372249300541157e-12,True
ATF2,380,0.35867437953149567,5.590405406858231e-13,False,4.652659983772334e-12,True
HOXB2,380,0.35674471566412636,7.579484253117645e-13,False,6.274353809532681e-12,True
ZFP92,380,0.3558128346693671,8.773246061420505e-13,False,7.223928139935607e-12,True
BBX,380,0.3533765315695068,1.2830607150579123e-12,False,1.0508878237617187e-11,True
ZNF296,380,-0.3529225682949606,1.3767399734162337e-12,False,1.1216807783412261e-11,True
FOXF2,380,0.35272054772944933,1.4205473937131159e-12,False,1.1513127567894781e-11,True
STAT5B,380,0.3526306521151554,1.4404761240898597e-12,False,1.1613838750474495e-11,True
PRDM2,380,0.35245834868966075,1.4794401853654236e-12,False,1.1866183455677075e-11,True
SALL4,380,0.3519864620675883,1.5914994345681721e-12,False,1.2699181055214074e-11,True
BPTF,380,0.35148986590608006,1.7183787993555095e-12,False,1.364128400719143e-11,True
ZNF625,380,0.35039215695909515,2.0349212223701475e-12,False,1.607172475627035e-11,True
ZNF304,380,0.3501228094875436,2.1209060416423846e-12,False,1.6665799758692443e-11,True
BNC1,380,0.34976793805613127,2.2396295788557182e-12,False,1.7509831252871978e-11,True
E2F1,380,-0.34965688979690296,2.2780972640764465e-12,False,1.772107821502683e-11,True
NFATC1,380,0.3486481471337603,2.6584203034937618e-12,False,2.057617314904172e-11,True
ZSCAN23,380,0.3475259226038412,3.1545449472985554e-12,False,2.4294704370239618e-11,True
ZNF407,380,0.345224147720993,4.471306652190375e-12,False,3.426526087916188e-11,True
E2F2,380,-0.34447879800481074,5.00294996754545e-12,False,3.815057413675053e-11,True
TBX2,380,0.3439596254083663,5.409229597699882e-12,False,4.1046506947252046e-11,True
SOX15,380,0.34327121861209303,5.9979279337358186e-12,False,4.5291670445966085e-11,True
PA2G4,380,-0.34323737719178454,6.028426374615588e-12,False,4.5300990426722966e-11,True
ZNF713,380,0.3431119696496385,6.142771232976652e-12,False,4.593724574226018e-11,True
ZSCAN18,380,0.34149735997201286,7.818118689703241e-12,False,5.8184844863752966e-11,True
SON,380,0.3404255578650445,9.168436576027344e-12,False,6.790784602722645e-11,True
MGA,380,0.3391738586621761,1.1034841673345245e-11,False,8.134254719208781e-11,True
PURA,380,0.33845257205023094,1.2273631721101141e-11,False,9.004541186855243e-11,True
SP4,380,0.33820686886214835,1.2725825441220006e-11,False,9.292253671230456e-11,True
GLIS3,380,0.33784747360474,1.341666324929403e-11,False,9.750701741740451e-11,True
KDM5B,380,0.33776719387806825,1.3575905934041295e-11,False,9.820328217708377e-11,True
THAP4,380,-0.3375638741420151,1.3987503684245373e-11,False,1.0071002652656668e-10,True
FOXP2,380,0.33676993893337376,1.571451045514614e-11,False,1.1262065826188068e-10,True
MBNL2,380,0.33659406078706994,1.6124336565182618e-11,False,1.1502522121153316e-10,True
SP7,380,0.3354460554600798,1.906730776686856e-11,False,1.3539537808767215e-10,True
RFX8,380,0.3348794847685641,2.0706694132243432e-11,False,1.4636512564709055e-10,True
ZNF496,380,0.33461452687791443,2.15197671716089e-11,False,1.5142090718932083e-10,True
HOXD10,380,0.3342200398665703,2.2788297672872453e-11,False,1.5962119817921516e-10,True
ZBTB34,380,0.3324077338787189,2.9616338537308165e-11,False,2.0637864943888583e-10,True
SRCAP,380,0.33238109733756777,2.97302576388059e-11,False,2.0637864943888583e-10,True
BAZ2B,380,0.3322179978009368,3.0437174389641435e-11,False,2.1034261587127206e-10,True
ZNF175,380,0.3319951710474665,3.142950648098672e-11,False,2.1623500458918863e-10,True
ESRRA,380,-0.3317666332802475,3.2480013581368295e-11,False,2.2164649503090135e-10,True
TEAD3,380,0.3317618365140146,3.2502425304918996e-11,False,2.2164649503090135e-10,True
FOXL1,380,0.3316353858820086,3.3098701719164693e-11,False,2.2472276430380237e-10,True
KLF2,380,0.33012515009166865,4.109847700023392e-11,False,2.7781852574830617e-10,True
KLF9,380,0.32722005215334177,6.211925734478816e-11,False,4.180896103031829e-10,True
SATB1,380,0.3270396065990243,6.372455974792296e-11,False,4.2703730947958766e-10,True
L3MBTL3,380,0.326592937389981,6.787408274196892e-11,False,4.528839658817581e-10,True
FOXJ2,380,0.3264810113638518,6.895442137929708e-11,False,4.581177866744716e-10,True
BHLHE41,380,0.32636057884412084,7.013557389805663e-11,False,4.6397379655637465e-10,True
ZNF540,380,0.3255562584098535,7.854490585270294e-11,False,5.173936777020602e-10,True
PHF1,380,0.3254751131285383,7.944591372668195e-11,False,5.211113324106087e-10,True
SPI1,380,0.32480161176357686,8.73230501275046e-11,False,5.703632134910427e-10,True
HIVEP3,380,0.32397945208573564,9.797411877119106e-11,False,6.372434279739654e-10,True
ETV7,380,-0.3232861436808274,1.0793029598387798e-10,False,6.990631723139878e-10,True
ZNF772,380,0.32165107152233535,1.354711491006467e-10,False,8.737889116991712e-10,True
ZNF582,380,0.32161454275902746,1.3615862232126063e-10,False,8.745790346610434e-10,True
LYL1,380,0.32149040284174857,1.385204168455743e-10,False,8.860727490783017e-10,True
RARA,380,0.32105583173469804,1.4710655708738687e-10,False,9.371232525566866e-10,True
GSC,380,0.3206817262402549,1.5491116566108782e-10,False,9.82797067390836e-10,True
ZNF570,380,0.32004187524716265,1.6920355470716163e-10,False,1.0690902150476986e-09,True
ZNF699,380,0.3199855969082026,1.7052034307610986e-10,False,1.0730304515521059e-09,True
ZNF827,380,0.31965696339196115,1.7841112452029248e-10,False,1.118139355293169e-09,True
IRF1,380,-0.3193787793428728,1.8536731396146485e-10,False,1.1570508145659178e-09,True
ZNF225,380,0.31880320384975497,2.0060804391252136e-10,False,1.2471536223959158e-09,True
OSR1,380,0.3177176628553823,2.3273864862538707e-10,False,1.4411177122883966e-09,True
HOXC5,380,0.3168737466109775,2.611249964785237e-10,False,1.6104442013894612e-09,True
ZNF610,380,0.31607540252535327,2.910620301591808e-10,False,1.7879524709778247e-09,True
BACH1,380,0.3151073840155293,3.318589679601202e-10,False,2.030504673526743e-09,True
RBPJ,380,0.3143518610920375,3.6751391721223005e-10,False,2.2398092277343784e-09,True
ZSCAN2,380,0.31408856286717685,3.8079392496088097e-10,False,2.311643120938995e-09,True
NKX2-3,380,0.3133084413845106,4.2293895015918653e-10,False,2.557458964243831e-09,True
ZNF134,380,0.3127504199305709,4.5583244861125016e-10,False,2.745636694358814e-09,True
NCOA1,380,0.3126641539917405,4.611345955769608e-10,False,2.766807573461765e-09,True
ZNF319,380,0.31123826159170104,5.579688248246641e-10,False,3.3348870302261777e-09,True
ISL2,380,0.3103008553066503,6.321091482856008e-10,False,3.763480621331193e-09,True
LHX6,380,0.3101696830671997,6.432186971833407e-10,False,3.814952272949469e-09,True
ZNF695,380,-0.3097858682845449,6.768265390222823e-10,False,3.998959856513331e-09,True
ZNF331,380,0.3096191984856892,6.919463299088875e-10,False,4.07274874030022e-09,True
NR2C2,380,0.30903977348987677,7.471067782525952e-10,False,4.380762472481126e-09,True
BHLHE22,380,0.3086536881801861,7.862087827034747e-10,False,4.592646021226335e-09,True
FOXC1,380,0.30780995582093423,8.787046958016909e-10,False,5.113664921432396e-09,True
POU2F2,380,0.30740558496988396,9.267006736649536e-10,False,5.372781433832764e-09,True
EPAS1,380,0.3054596837894349,1.1956178480252653e-09,False,6.9060314505339956e-09,True
BATF2,380,-0.3050962697763668,1.2536253251952009e-09,False,7.214171016364947e-09,True
MYT1L,380,0.3049857196639599,1.2718068151058741e-09,False,7.291692406607011e-09,True
POU3F4,380,0.30475766660283826,1.3101256775759279e-09,False,7.48366992209423e-09,True
RUNX3,380,0.3045957806769802,1.3380045630439355e-09,False,7.61482008673534e-09,True
ZNF528,380,0.3044979846123538,1.3551244971627895e-09,False,7.68400264325274e-09,True
TIGD2,380,-0.30444758572695996,1.3640300468716707e-09,False,7.70627194363995e-09,True
NME2,380,-0.3036200085386349,1.518652726917463e-09,False,8.54863425915721e-09,True
VEZF1,380,0.3034330100073349,1.5558785936229472e-09,False,8.726449503363486e-09,True
ZNF788,380,0.30278781606972566,1.691241510089377e-09,False,9.451414648441716e-09,True
NFIC,380,0.30233814732467507,1.7922708639964855e-09,False,9.979983084412084e-09,True
ETV5,380,0.3018029836778875,1.920155534580885e-09,False,1.0653766191868137e-08,True
ATF6,380,0.3013284447617647,2.0409264108829254e-09,False,1.1283407443024173e-08,True
GATAD2B,380,0.3002468607177648,2.344377546963175e-09,False,1.2901712927599068e-08,True
NR2F6,380,-0.30022709253739205,2.3503120449502176e-09,False,1.2901712927599068e-08,True
DBX2,380,0.3001899690187182,2.361496102440249e-09,False,1.2917300235256203e-08,True
SOHLH2,380,0.3001361197707209,2.377810867151432e-09,False,1.2960743740670481e-08,True
NFATC3,380,0.29885732781200075,2.799006998323532e-09,False,1.5203027485630974e-08,True
CHCHD3,380,-0.29857773994469033,2.9003007251203976e-09,False,1.5698131197504808e-08,True
NFATC2,380,0.2984896229371853,2.9329556270076414e-09,False,1.5819565542187555e-08,True
ZBTB40,380,0.29804273235285184,3.1041342568925484e-09,False,1.6684721630797447e-08,True
ZNF787,380,-0.29779759623672275,3.2021067324495307e-09,False,1.7151768933674305e-08,True
ZSCAN1,380,0.29696318689722556,3.5585818204856623e-09,False,1.8995464338316567e-08,True
ZNF804A,380,0.2966903486444496,3.6832774401929513e-09,False,1.9593517104531577e-08,True
SP3,380,0.29632279297737824,3.857977667322879e-09,False,2.0452566537725402e-08,True
TFE3,380,0.2962291962402358,3.90373202657401e-09,False,2.0601593736170993e-08,True
CREBL2,380,0.29621096401097036,3.912705787102243e-09,False,2.0601593736170993e-08,True
ZNF548,380,0.29550483860879884,4.276065040585874e-09,False,2.243847011127774e-08,True
ZNF585B,380,0.29535586538016706,4.356799041817438e-09,False,2.2784881475450655e-08,True
MLX,380,-0.2940121545813684,5.154981306319888e-09,False,2.6868387414758203e-08,True
ZNF573,380,0.2939582008423985,5.189825279593821e-09,False,2.695922662017193e-08,True
HIF3A,380,0.2938354629792743,5.269943139486556e-09,False,2.7196881108206554e-08,True
ZKSCAN5,380,0.2938342917746102,5.270713393063286e-09,False,2.7196881108206554e-08,True
ZNF793,380,0.29296746966700465,5.871740489065101e-09,False,3.019752251519195e-08,True
TEF,380,0.2929123646876539,5.912114982090259e-09,False,3.0304483418131524e-08,True
LMX1B,380,0.2928629348896582,5.948560117404042e-09,False,3.039066357010382e-08,True
DMRTA1,380,0.29176412202247504,6.817277967037198e-09,False,3.471429701636047e-08,True
SOX4,380,0.2903281116901818,8.13949509506088e-09,False,4.131127346607948e-08,True
PROX1,380,0.2896345670578944,8.863917941653864e-09,False,4.484099664601367e-08,True
STAT2,380,0.2895894322880136,8.913166186141254e-09,False,4.4891976169479337e-08,True
SNAI1,380,0.28957223970193674,8.931995258526897e-09,False,4.4891976169479337e-08,True
ZNF516,380,0.28906556597195904,9.504516740828232e-09,False,4.76148605657026e-08,True
ZNF624,380,0.28876290970791557,9.863289654205156e-09,False,4.925281414422445e-08,True
ZNF264,380,0.28835110820532917,1.0372563986693134e-08,False,5.1629353863025626e-08,True
ZNF415,380,0.28593425908044046,1.391554340371793e-08,False,6.904250381075436e-08,True
KLF13,380,0.284468827539607,1.6606989470712455e-08,False,8.213297028965777e-08,True
ZNF221,380,0.28409125577041244,1.7378194474721115e-08,False,8.567339186900728e-08,True
ZNF70,380,0.2836562948800606,1.830958484869831e-08,False,8.997853125646026e-08,True
TRERF1,380,0.2832220817306447,1.928744216024925e-08,False,9.448405210147418e-08,True
THRB,380,0.28238809919673036,2.130914765169672e-08,False,1.0405855067768618e-07,True
PCGF2,380,0.28225648737155673,2.1646363190900395e-08,False,1.0537286232551513e-07,True
GTF2IRD2B,380,0.2820127556891489,2.228452684987565e-08,False,1.0813933405519596e-07,True
ARID2,380,0.2819217891381722,2.2527335297886107e-08,False,1.0890982763440893e-07,True
C11orf95,380,0.28190069109679805,2.2584014645119682e-08,False,1.0890982763440893e-07,True
IRX6,380,0.2817055953283733,2.3114708242543542e-08,False,1.1112288310390498e-07,True
PHOX2B,380,0.2813213934732326,2.4195272266772544e-08,False,1.1595752776769009e-07,True
ZNF569,380,0.2810059460298659,2.5118820631964532e-08,False,1.200121430193861e-07,True
ZNF880,380,0.2808894787751658,2.5468345538669002e-08,False,1.2130768890418342e-07,True
ZFP90,380,0.2807659657261332,2.5844150564051625e-08,False,1.2272007691150895e-07,True
ZNF646,380,0.2806652000770775,2.6154708405181275e-08,False,1.2381494988140862e-07,True
RFX3,380,0.28014494948510965,2.7816371965507384e-08,False,1.3127970671526047e-07,True
ZNF611,380,0.28009028948527803,2.7996763384094276e-08,False,1.3172945203215178e-07,True
ZNF462,380,0.2796924216154282,2.934431701428708e-08,False,1.3765152344883758e-07,True
ZNF662,380,0.2791770691366099,3.118321320806176e-08,False,1.458356919821136e-07,True
ZNF491,380,0.2781798744028835,3.506265167704583e-08,False,1.6348489396405705e-07,True
CAMTA1,380,-0.2770989192868649,3.97940342418834e-08,False,1.849884835028093e-07,True
ETV3,380,0.2770171585197672,4.0175969694966706e-08,False,1.8620479367607323e-07,True
ZNF236,380,0.2769357526964323,4.0559763245098355e-08,False,1.8742242836839479e-07,True
RAG1,380,0.27644904733988646,4.2929313375747386e-08,False,1.977814794811219e-07,True
ZNF829,380,0.27596138610735715,4.543733098079144e-08,False,2.0871509898595e-07,True
KDM2A,380,0.27556281643599184,4.759167602336032e-08,False,2.1796424403598155e-07,True
CEBPE,380,0.27472954492192464,5.2418851032578406e-08,False,2.3936395692752617e-07,True
ZNF511,380,-0.27393994521781523,5.742695411795714e-08,False,2.614615440429343e-07,True
HOXC9,380,0.27357955037722637,5.986341029433528e-08,False,2.7175530538308215e-07,True
HMGA1,380,-0.2734292591930871,6.09086676561217e-08,False,2.7569186412770873e-07,True
ZNF438,380,0.273208948537301,6.247279562032239e-08,False,2.819471942281605e-07,True
ZNF778,380,0.2713683301349215,7.714536350188286e-08,False,3.471541357584729e-07,True
SIX5,380,0.27048420191709555,8.532507749560891e-08,False,3.828499129368191e-07,True
RFX7,380,0.2703483435618754,8.66539155994273e-08,False,3.876886166124666e-07,True
ZNF592,380,0.26966853402542695,9.360861321031758e-08,False,4.1759692579127266e-07,True
ZNF546,380,0.2694674998131069,9.576635216489244e-08,False,4.2599515273348704e-07,True
ZFP82,380,0.2690729468867268,1.0014142019353366e-07,False,4.4418028211916934e-07,True
TFEC,380,0.26882440292733184,1.0299570063448364e-07,False,4.5553527023480194e-07,True
MYBL2,380,-0.26779939636475586,1.1561770318875643e-07,False,5.09903716627336e-07,True
NFAT5,380,0.2669196355186174,1.2762874527828236e-07,False,5.612764138942645e-07,True
ZNF275,380,0.2667830767744378,1.2959775979158553e-07,False,5.683210542701824e-07,True
SIX1,380,0.26651893264103965,1.3348979170764568e-07,False,5.83735021365637e-07,True
ZNF160,380,0.2664320311496255,1.3479468407573862e-07,False,5.877807632373053e-07,True
ZNF616,380,0.2663244123048754,1.364277033795938e-07,False,5.932305753696945e-07,True
BAZ2A,380,0.2662183852644247,1.3805519926455897e-07,False,5.986259060547263e-07,True
TBX18,380,0.26615543337316994,1.390303322638527e-07,False,6.011702635319664e-07,True
ZNF280D,380,0.2655462449519056,1.4881601105677663e-07,False,6.416913234425911e-07,True
MEOX1,380,0.2651493857996123,1.5554430729118495e-07,False,6.688405213520953e-07,True
DACH2,380,0.2644864833101459,1.674415040240638e-07,False,7.180040117153762e-07,True
ZSCAN29,380,0.26351168787272533,1.8654097507014252e-07,False,7.976945563772946e-07,True
PIN1,380,-0.26302562578565714,1.968318420414144e-07,False,8.393820701931391e-07,True
TBX19,380,0.26236582373052214,2.116790332372419e-07,False,9.00217427063875e-07,True
CREB3L2,380,0.2622093378207503,2.1535536511450325e-07,False,9.133427539650713e-07,True
TIGD3,380,-0.2614890832764669,2.330835578800604e-07,False,9.858288185746817e-07,True
ZNF449,380,0.2611078547161755,2.4302715022044854e-07,False,1.0250845464339356e-06,True
SPEN,380,0.2603367222914358,2.6440312718830784e-07,False,1.1122175024116863e-06,True
ZNF559,380,0.260254705925764,2.667802536234503e-07,False,1.1181198634247558e-06,True
ZNF549,380,0.2602385519148763,2.672508717488111e-07,False,1.1181198634247558e-06,True
LCOR,380,0.26013044580321565,2.704209681651876e-07,False,1.128333311912966e-06,True
REL,380,0.2598325437712469,2.7934492565263395e-07,False,1.1624353357803154e-06,True
HBP1,380,0.2594754040534925,2.904170542528883e-07,False,1.2052697050495203e-06,True
ZNF367,380,-0.258897189010823,3.092432512032974e-07,False,1.2798355692247924e-06,True
HOXD11,380,0.25887354050836126,3.1003768634321517e-07,False,1.2798355692247924e-06,True
ZSCAN20,380,0.25857870534247573,3.20108470651791e-07,False,1.3178933844919479e-06,True
ZNF710,380,0.25785161867746215,3.4630615537719643e-07,False,1.4219679801694962e-06,True
HOXD9,380,0.25749568301150266,3.5987077162039033e-07,False,1.4737564933025509e-06,True
HHEX,380,0.2574634821835505,3.611228235139336e-07,False,1.4749818754606047e-06,True
KLF16,380,-0.2564191080811271,4.0407880440703714e-07,False,1.6460894453212986e-06,True
SGSM2,380,0.25603656368730393,4.2100947423765514e-07,False,1.7105581787923626e-06,True
PAX1,380,0.2558788164448332,4.281877763307975e-07,False,1.7346542441937172e-06,True
HIVEP1,380,0.25585718476142966,4.291812503399184e-07,False,1.7346542441937172e-06,True
DLX1,380,0.2557683789551932,4.332830777235907e-07,False,1.746672407073225e-06,True
FOXO1,380,0.25511616490497474,4.645834722474359e-07,False,1.86798757152995e-06,True
CEBPG,380,-0.2550710860782115,4.6682529280373567e-07,False,1.8721387390160177e-06,True
ZNF623,380,0.2547916409937163,4.809560512146741e-07,False,1.9238242048586964e-06,True
ZNF429,380,0.25437451040217435,5.028161917385027e-07,False,2.006081094874232e-06,True
ZNF211,380,0.2528856240006256,5.888924212380938e-07,False,2.343458786829227e-06,True
TCF23,380,0.2514520395926753,6.850268746221105e-07,False,2.7190297485000692e-06,True
ST18,380,0.25137093838456986,6.908932078880994e-07,False,2.7353009867283317e-06,True
ZNF334,380,0.2501108777955709,7.884709030202743e-07,False,3.113655504784145e-06,True
ZNF500,380,0.2500854269651279,7.905719015160749e-07,False,3.1140084059717146e-06,True
RBAK,380,0.24996495445508327,8.005901586647061e-07,False,3.1454659025709773e-06,True
ZNF678,380,0.24993485692887454,8.031119594385567e-07,False,3.1473856030655338e-06,True
PBX2,380,0.2495381839700061,8.370686209962573e-07,False,3.272177336621733e-06,True
ETV3L,380,0.24950354654546184,8.400982251433325e-07,False,3.2757482431281582e-06,True
FOXO3,380,0.24858503965832573,9.243836963670235e-07,False,3.595341613005408e-06,True
CUX2,380,0.24811303303786067,9.70793284930576e-07,False,3.7663859776253927e-06,True
PRR12,380,0.24808416887351303,9.737026501668485e-07,False,3.768229256145704e-06,True
ZNF98,380,0.24771800932434546,1.0113431297403807e-06,False,3.9041375681748364e-06,True
ZNF883,380,0.24738276632125164,1.0470256034771592e-06,False,4.023347290044977e-06,True
SP1,380,0.24737910575372585,1.0474218074212696e-06,False,4.023347290044977e-06,True
ZNF585A,380,0.2471467836941659,1.0728634804298788e-06,False,4.110872939864981e-06,True
SMAD3,380,0.2469574654158473,1.0940327982925952e-06,False,4.1816364734739196e-06,True
PHOX2A,380,0.24682096195133152,1.1095442298334442e-06,False,4.230478984685152e-06,True
ZFP28,380,0.24642998238548858,1.155148039632818e-06,False,4.393536032804919e-06,True
ZNF430,380,0.2461455930226209,1.189441969377198e-06,False,4.5128827661664276e-06,True
VENTX,380,0.245865454702212,1.2241758384109726e-06,False,4.633310997213168e-06,True
THAP7,380,-0.24565362810337255,1.2510829796499266e-06,False,4.723601103653869e-06,True
THYN1,380,-0.24543333721604907,1.2796659706305618e-06,False,4.819763801791021e-06,True
CC2D1A,380,-0.24509461417273645,1.3248396372160157e-06,False,4.977795530122312e-06,True
ZNF618,380,0.24501859269807993,1.3351860900943214e-06,False,5.004523165777263e-06,True
HOXD3,380,0.24481949100547118,1.362651767602933e-06,False,5.095132696254446e-06,True
TIGD7,380,0.24441558550954817,1.4200415262160047e-06,False,5.277369156591498e-06,True
ZNF284,380,0.24441307298662235,1.4204056654408869e-06,False,5.277369156591498e-06,True
ZNF704,380,0.2444047201322765,1.4216168852058491e-06,False,5.277369156591498e-06,True
ZNF552,380,-0.24426032702708989,1.442711863926711e-06,False,5.342865945833848e-06,True
HOXC6,380,0.2442341236811733,1.4465720182653087e-06,False,5.344375857457512e-06,True
ZXDC,380,0.24321478302513275,1.6046544385148056e-06,False,5.914297787668855e-06,True
ZNF257,380,0.242958694749076,1.6468958130890134e-06,False,6.055569402997132e-06,True
ZNF81,380,0.24263355454877544,1.7020625875306012e-06,False,6.243585036723627e-06,True
IRF3,380,-0.24246599125667098,1.7311795665618842e-06,False,6.335380541460513e-06,True
FOXM1,380,-0.24227670413462798,1.7646449092028711e-06,False,6.442618677938784e-06,True
YBX2,380,-0.24216938610835823,1.7838925116699023e-06,False,6.496392691349387e-06,True
ZHX1,380,0.2421479174602942,1.7877669809527381e-06,False,6.496392691349387e-06,True
EN1,380,0.24158454669399768,1.8923660841054978e-06,False,6.860381026218526e-06,True
ZNF165,380,-0.24138076012707596,1.9316252835713434e-06,False,6.98634565179542e-06,True
SIX2,380,0.2412045855814307,1.9661920873149172e-06,False,7.094791028353128e-06,True
PLAG1,380,0.24074417097204345,2.0593459393242986e-06,False,7.413645381567475e-06,True
HOXD8,380,0.24056664120376858,2.096380698428838e-06,False,7.529460141920746e-06,True
FOXI2,380,0.24024224069090988,2.1657063673940924e-06,False,7.760447816495498e-06,True
CGGBP1,380,0.24021064584246563,2.172574290857936e-06,False,7.767078527131834e-06,True
HOXA4,380,0.24003665723511,2.2107698448379404e-06,False,7.88541870923763e-06,True
ZNF292,380,0.2391111600529246,2.424981167442503e-06,False,8.629588154485045e-06,True
ZNF268,380,0.23895572898795583,2.462849568171069e-06,False,8.74424571451563e-06,True
KLF11,380,0.23835012456811533,2.61585971933606e-06,False,9.266249074444442e-06,True
NFIX,380,0.2376301513150667,2.809598873384622e-06,False,9.929815196345651e-06,True
ZNF347,380,0.23725815619069526,2.914999394741531e-06,False,1.0278858913576058e-05,True
ZNF34,380,0.23621611925289945,3.2307441721033554e-06,False,1.1366345405490896e-05,True
ELF2,380,0.23607354066347325,3.276407486422611e-06,False,1.150085893193243e-05,True
ZNF524,380,-0.23588667845869674,3.337187544520274e-06,False,1.1671822764152655e-05,True
HOXC8,380,0.23587752557269884,3.3401921734622908e-06,False,1.1671822764152655e-05,True
ZNF57,380,-0.2351812142921345,3.576503511433203e-06,False,1.2469431161483329e-05,True
MNT,380,0.2350635765422166,3.6179714583060075e-06,False,1.2585662511140899e-05,True
ZNF550,380,0.2348745366042934,3.6855723224733878e-06,False,1.2792076132710324e-05,True
POGK,380,0.23446813293080304,3.835009278059263e-06,False,1.3280971728044159e-05,True
ARNTL,380,0.23436651370236677,3.873269547648885e-06,False,1.3383529597679632e-05,True
PITX1,380,-0.23415176238147983,3.9553270285264575e-06,False,1.3636628597235983e-05,True
ZBTB1,380,0.23406155155714278,3.990289704209312e-06,False,1.3726596582480032e-05,True
ZNF286B,380,0.23372815712980036,4.1220794699291035e-06,False,1.4148512238248897e-05,True
ZNF287,380,0.23334576053412162,4.2783548751930594e-06,False,1.4652418908847026e-05,True
NFE2L1,380,0.23281012669500464,4.506788191442415e-06,False,1.5400680177379377e-05,True
TEAD2,380,0.23241528217732918,4.682581242910588e-06,False,1.5966158070540946e-05,True
ZNF791,380,0.23169028168779116,5.022537087948754e-06,False,1.70876646420762e-05,True
ZMAT1,380,0.23134203670888617,5.194080426074133e-06,False,1.763253618325166e-05,True
HSFX2,380,0.2311346745096541,5.298864933494199e-06,False,1.7948890409297636e-05,True
ZNF426,380,0.23081713285937538,5.4632415099052844e-06,False,1.8465279164483363e-05,True
ZNF397,380,0.2306792135027883,5.536140427079116e-06,False,1.8670904969757015e-05,True
MAZ,380,-0.23033737270195098,5.720843991100031e-06,False,1.92518836917888e-05,True
ZNF445,380,0.23008242539411997,5.862406373186891e-06,False,1.9685477365929082e-05,True
TBX5,380,0.23002030097647916,5.897404258716248e-06,False,1.9760133749984314e-05,True
NFE2,380,0.22998021268348579,5.92009369059609e-06,False,1.9793315406139844e-05,True
SKIL,380,0.2295848162526376,6.148385865810287e-06,False,2.051228732817742e-05,True
HLF,380,0.22861169922686234,6.746516920862655e-06,False,2.2459372459129873e-05,True
SMAD9,380,0.22842928473307825,6.8646417324124225e-06,False,2.280357382355028e-05,True
FOSL2,380,0.22835508711034802,6.913250878780992e-06,False,2.2915872291976392e-05,True
HOXB4,380,0.22813253447145856,7.06102658726563e-06,False,2.3355703327109395e-05,True
CAMTA2,380,0.22800696892699476,7.1457253447676165e-06,False,2.358546446417968e-05,True
GTF2IRD2,380,0.22757948850661608,7.441391969152884e-06,False,2.45090952515929e-05,True
ZNF821,380,0.22670787859417127,8.08073155847419e-06,False,2.6558327924666763e-05,True
CTCF,380,0.22615383075899462,8.513966245118574e-06,False,2.792292319373634e-05,True
ZNF148,380,0.22574752758832925,8.845630357390864e-06,False,2.894933571509737e-05,True
HOXC10,380,0.22480864985304472,9.65970267106321e-06,False,3.1546877077649474e-05,True
ZBTB41,380,0.2243372017940713,1.0094891772636269e-05,False,3.28987209769283e-05,True
ETV2,380,-0.22414772601494515,1.027499623098052e-05,False,3.341532387722236e-05,True
MLXIP,380,0.22349006418566622,1.09241398672526e-05,False,3.545192560693297e-05,True
ZBTB37,380,0.22343353628214,1.0981719766178722e-05,False,3.5564230539842384e-05,True
YBX1,380,-0.22335583829596234,1.1061334859840897e-05,False,3.5747278419694595e-05,True
TET3,380,0.22224968062810446,1.2256033069940992e-05,False,3.95257066505597e-05,True
NACC2,380,0.2221318413976503,1.2390298470006817e-05,False,3.9875638319273496e-05,True
ZNF823,380,-0.22173362603243432,1.2854442767993877e-05,False,4.1283563080611046e-05,True
ZNF697,380,0.22012169152229305,1.4907567048659253e-05,False,4.777828942303214e-05,True
ZNF844,380,0.2197010254493805,1.5492543153361023e-05,False,4.955053058141087e-05,True
PRDM8,380,0.21945683260920562,1.5842047281031065e-05,False,5.056389523924967e-05,True
FOXA3,380,-0.21889224115441075,1.667900929927397e-05,False,5.312573332361339e-05,True
SRF,380,0.2188617818220484,1.672533571030268e-05,False,5.3163900779360464e-05,True
ZNF689,380,0.21875654882483822,1.688632908737256e-05,False,5.356565046568181e-05,True
NR1D2,380,0.21806193075690555,1.7986486470551745e-05,False,5.69388160662865e-05,True
GATA3,380,0.21784628438872988,1.8341644405503387e-05,False,5.7944623550447434e-05,True
NFYB,380,0.21711070674921573,1.9603821233027747e-05,False,6.180593741084919e-05,True
PRDM10,380,0.21684092765997998,2.0087052778066378e-05,False,6.320072703342835e-05,True
ELF1,380,0.2164853591019216,2.074122703476947e-05,False,6.51266114600875e-05,True
ZFX,380,0.21643597870578873,2.0833658910564208e-05,False,6.528442103958177e-05,True
ZNF775,380,0.2159556202597569,2.1753423800243295e-05,False,6.80288889753063e-05,True
ZNF732,380,0.2152613620200721,2.3151019273720223e-05,False,7.225358434620748e-05,True
DRAP1,380,-0.21514640948715916,2.3390486285048743e-05,False,7.285406995826048e-05,True
TIGD5,380,-0.21482382333519134,2.4075092320684672e-05,False,7.483582914140537e-05,True
ZNF17,380,0.21475847383462882,2.4216073437958063e-05,False,7.512320978348514e-05,True
ZNF37A,380,0.21451821614006444,2.474114559080025e-05,False,7.659858674911757e-05,True
MKX,380,0.2139911589183674,2.593104053459884e-05,False,8.012225698115569e-05,True
OLIG1,380,0.21348745398500846,2.7118716802910587e-05,False,8.362504703367647e-05,True
ALX3,380,0.21329102214331516,2.7595696067671603e-05,False,8.492671473708875e-05,True
NR4A3,380,0.21299252744416003,2.833574229878367e-05,False,8.694547167372554e-05,True
ZNF501,380,0.21298127897947483,2.8363994312164982e-05,False,8.694547167372554e-05,True
ZNF286A,380,0.21269195553438833,2.9099901270776198e-05,False,8.902499440150505e-05,True
ZXDA,380,0.21169392790327624,3.1779585315147026e-05,False,9.703115989713529e-05,True
CEBPA,380,-0.21115113616251213,3.333336214128711e-05,False,0.00010157489093447333,True
ZSCAN21,380,0.21106853038332743,3.35760363879141e-05,False,0.00010198341056588235,True
PRDM12,380,-0.21106067996095565,3.359918565155038e-05,False,0.00010198341056588235,True
FOXJ3,380,0.2107873330445018,3.441471011095733e-05,False,0.00010425434687233258,True
E2F4,380,-0.2097909848788611,3.7548621961192e-05,False,0.00011352591171079144,True
NR0B1,380,0.20975418711983404,3.766938011074055e-05,False,0.00011366900664995396,True
NCOA3,380,0.20938673094057608,3.8895561522869895e-05,False,0.00011714071836070544,True
ZNF177,380,0.20912625775550867,3.978749657676797e-05,False,0.00011959426155502294,True
ZNF484,380,0.2090108028824971,4.018900057366604e-05,False,0.00012056700172099811,True
ZNF33A,380,0.20819969304783995,4.311955631080287e-05,False,0.00012910845874105,True
CLOCK,380,0.20800032366539356,4.38701901359958e-05,False,0.00013110242148749323,True
SOX8,380,0.20782786459291208,4.452944751588484e-05,False,0.000132816155596512,True
HIF1A,380,0.20720495235503586,4.698943776202616e-05,False,0.00013988394164541633,True
TEAD4,380,-0.20676804323386935,4.879085374094314e-05,False,0.00014496783414775428,True
MYB,380,-0.2066368201640076,4.934450628861595e-05,False,0.00014633198416624042,True
CREB5,380,0.20591989406542965,5.247557622735616e-05,False,0.00015531967877618994,True
MESP1,380,-0.2056594201666674,5.3658900795432997e-05,False,0.0001585190428078822,True
ZNF770,380,0.20555556558143426,5.413769422890361e-05,False,0.00015933909662412478,True
TFCP2,380,0.20555455898454408,5.4142354537654806e-05,False,0.00015933909662412478,True
CENPBD1,380,0.20484439516134978,5.7526300250125555e-05,False,0.0001689766846056819,True
ZNF45,380,0.20477081884237006,5.788807805695235e-05,False,0.00016971731975788304,True
BARX1,380,0.20429270785953088,6.029177133438184e-05,False,0.00017643036299739713,True
ZNF510,380,0.20349874697258574,6.44925093905366e-05,False,0.00018836680101235977,True
DMRT3,380,0.20345841236234266,6.471311255538926e-05,False,0.00018865517558520258,True
ZNF608,380,0.20333739062722725,6.537929705227133e-05,False,0.00019023900721224814,True
ZNF740,380,0.20327487573614214,6.572594785121113e-05,False,0.00019088886918137868,True
HMG20A,380,0.20298218036885213,6.737214148289974e-05,False,0.00019530351126503521,True
ZNF2,380,0.20279579352826704,6.844059843372085e-05,False,0.00019802999322504646,True
PRDM1,380,0.2025303071153812,6.999009264744255e-05,False,0.00020213556607880795,True
ZNF594,380,0.20240058915825637,7.075914858589187e-05,False,0.00020397609313028048,True
ZFP1,380,0.20161338558593156,7.559969659415323e-05,False,0.0002175247775608721,True
MYSM1,380,0.20141016320684801,7.689904479090916e-05,False,0.00022085291528075581,True
ZNF665,380,0.20135617258353625,7.724776555965666e-05,False,0.0002214435946043491,True
SOX2,380,0.2010439037531322,7.929407669189573e-05,False,0.00022688952073762403,True
ZNF813,380,0.19998120338677253,8.66469593270228e-05,False,0.00024747138936943045,True
KLF14,380,0.19904848099260913,9.362471266598418e-05,False,0.0002669080206389383,True
ZNF606,380,0.19897961331562566,9.416033513010091e-05,False,0.0002679415418775666,True
OLIG2,380,0.19872477996434776,9.616748622440062e-05,False,0.0002731509516979306,True
ZNF805,380,0.19855647341081964,9.751511353600204e-05,False,0.0002764714207943794,True
SETDB1,380,0.19726791328049476,0.00010843675881636291,False,0.0003068740450598351,True
ZNF780A,380,0.19675422121773764,0.00011310314101545123,False,0.00031949573410934036,True
POU4F2,380,0.19649296308851652,0.00011554816259147246,False,0.0003258079338644797,True
SHOX2,380,0.1964246066309505,0.00011619603276915528,False,0.0003270390158666407,True
ZNF687,380,0.19640032480745384,0.00011642699168968537,False,0.000327094343258862,True
ZNF248,380,0.19596579380574675,0.0001206336865069589,False,0.0003382988165086456,True
ZNF576,380,-0.19568662523573602,0.00012341118357862428,False,0.00034546204734124843,True
ESRRB,380,0.1954526054138093,0.00012578563785931629,False,0.00035147322636502095,True
ZNF117,380,0.194697517173702,0.0001337428079222002,False,0.00037303399398840704,True
ZKSCAN2,380,0.19462408383499677,0.00013454135694973305,False,0.00037458636791040786,True
ZNF391,380,0.19458991752901142,0.0001349144207889555,False,0.0003749506703434526,True
ZNF776,380,0.1941257255070659,0.0001400801071404877,False,0.0003886093294865143,True
ZNF785,380,0.1940093564482499,0.0001414038850122631,False,0.00039157998926472854,True
ZFP14,380,0.1937325476289053,0.00014460008398677814,False,0.0003997159464491653,True
ZNF507,380,0.19317687645972487,0.00015122179287175072,False,0.00041727510760333357,True
ZKSCAN3,380,0.19305458548616752,0.0001527167639509709,False,0.0004206504459005391,True
ZNF398,380,0.19296074126557425,0.00015387336656648385,False,0.0004230834306304032,True
MYT1,380,0.1929317263170134,0.00015423262613025078,False,0.0004233193355489862,True
ZSCAN22,380,0.19278203478450456,0.00015609861568958118,False,0.0004276825789158791,True
MXD4,380,0.19247286014976686,0.00016001984733534353,False,0.0004376514552563812,True
THAP3,380,-0.1917742356734949,0.0001692230109841436,False,0.0004620056807821064,True
HKR1,380,0.19148896735766863,0.00017312163790295364,False,0.00047181742160875396,True
HMGN3,380,-0.19118697429044845,0.0001773404175477162,False,0.00048246567023526297,True
IKZF2,380,0.1903831732760271,0.00018904331445498162,False,0.0005134018434672133,True
ZIM2,380,0.19035659002407174,0.00018944243215701735,False,0.0005135847372663097,True
ZNF567,380,0.1902119991605266,0.00019162715107312681,False,0.0005185993529041963,True
SOX13,380,0.1900028703526743,0.00019482877077756802,False,0.0005263436948755241,True
SOX21,380,0.1892877016378192,0.00020615987825609323,False,0.0005559851768997078,True
NFX1,380,0.18880891359919957,0.000214087186415227,False,0.0005754065852907,True
ZNF12,380,0.18880786980134448,0.00021410477592212094,False,0.0005754065852907,True
ZNF771,380,-0.1884124173149066,0.0002208668564368116,False,0.0005925509423989329,True
HES6,380,-0.18825634531951518,0.00022359017637509077,False,0.0005988193651014542,True
ZNF773,380,0.18807274895125922,0.0002268339544924776,False,0.0006064576192648624,True
PBX4,380,-0.18774090353727343,0.00023280888881588375,False,0.0006213588963568759,True
ZNF786,380,0.18714697864250854,0.00024387140798493544,False,0.0006497640956293977,True
ATOH8,380,0.18696729590873687,0.0002473137768203386,False,0.0006578036538107976,True
HOXD12,380,0.18654727972530338,0.00025553833847795875,False,0.0006785134613445628,True
GATAD2A,380,-0.18584957693105342,0.0002697673630804257,False,0.0007150682843296216,True
ZNF599,380,0.18552949661783913,0.0002765396460696129,False,0.0007317664480611296,True
FOXO4,380,0.18519775798544802,0.00028372583062357006,False,0.0007495009996677243,True
NR3C2,380,-0.18512508118971058,0.0002853232674377336,False,0.0007524368279277882,True
THAP2,380,0.18481617150021404,0.00029220721472638425,False,0.0007692802183612973,True
ZNF846,380,0.18462785683167876,0.00029647944510982556,False,0.0007792023447029033,True
TLX2,380,0.18408181515664843,0.00030919904563147084,False,0.0008112544451483336,True
ZNF492,380,0.1839560315034385,0.0003122003196338206,False,0.0008177429691931544,True
ZNF655,380,0.18389632827375435,0.00031363436206292703,False,0.0008201114737726538,True
ZNF329,380,0.183684713087802,0.0003187668733992088,False,0.0008321266779459953,True
ELF3,380,-0.18332912256423625,0.00032756807473417125,False,0.0008536622553678402,True
IRX3,380,0.18245279509854911,0.0003502342702649105,False,0.0009111977317144227,True
IRX1,380,0.18237321302596618,0.00035236344329492666,False,0.0009151990104371585,True
ZNF554,380,0.1809550109951601,0.00039238779011441347,False,0.001017447737181092,True
MYPOP,380,-0.18075398219429106,0.00039839204206941606,False,0.0010296685499530868,True
ZNF512,380,0.18075268120005605,0.00039843117662913377,False,0.0010296685499530868,True
ZUFSP,380,-0.1805914234851005,0.0004033096864848835,False,0.001039778198644586,True
CDX2,380,-0.18057904375102457,0.00040368649701898976,False,0.001039778198644586,True
POU3F1,380,0.18047740429013248,0.0004067925754341585,False,0.0010460380511164076,True
PAX7,380,0.1794615598123408,0.00043908183780029693,False,0.0011271951656962845,True
GTF2B,380,-0.1793970219055188,0.0004412116574630879,False,0.0011307874929683114,True
FOXP3,380,0.17899791230608095,0.00045459751171712917,False,0.0011631685093192,True
ISL1,380,0.17884889242723728,0.0004596915959450957,False,0.001173411097133776,True
ZNF490,380,0.1788348929513012,0.0004601728690442223,False,0.001173411097133776,True
ZNF132,380,0.17881450382615807,0.0004608746428018965,False,0.001173411097133776,True
ZNF99,380,0.17843595212252578,0.0004740860389422594,False,0.0012044818037161259,True
ZNF706,380,-0.17842045523712152,0.00047463430249795657,False,0.0012044818037161259,True
FOXD2,380,-0.17815861132894828,0.0004839875910602399,False,0.0012262075138482018,True
ZNF260,380,0.17745673190574457,0.0005099106498683009,False,0.0012897739967257023,True
WIZ,380,0.1772523041470939,0.0005176999157562182,False,0.0013073400808982477,True
ZNF404,380,0.17683185226544207,0.0005340687278592611,False,0.001346326820044751,True
ATOH7,380,-0.17678989960608474,0.0005357280941509843,False,0.001346326820044751,True
ZBTB10,380,0.1767894065773711,0.0005357476234803402,False,0.001346326820044751,True
ZNF747,380,0.17662096532198263,0.0005424585469705584,False,0.0013609818974237022,True
CXXC4,380,0.17640706033404707,0.0005510932398256258,False,0.0013804083094661307,True
ZNF615,380,0.17632468493661255,0.0005544523620072024,False,0.0013865787663766547,True
ZNF654,380,0.1757821820074732,0.0005770535226140801,False,0.0014386897226499305,True
ZNF619,380,0.17577993741701595,0.0005771487840863093,False,0.0014386897226499305,True
IRF8,380,-0.175597111818987,0.0005849571435753626,False,0.0014558097399592627,True
HOXD4,380,0.17508924332531844,0.0006071648501110045,False,0.0015085178054008506,True
ZNF142,380,0.1750685808545811,0.0006080846967507305,False,0.0015085178054008506,True
POU2F1,380,0.17494597609761064,0.0006135694093065368,False,0.0015196887129704302,True
SOX6,380,0.17456210380444834,0.0006310398246568924,False,0.0015604626973943602,True
PITX3,380,0.174341863521852,0.0006412701321155891,False,0.0015832315223523635,True
ZNF136,380,0.17415404324790806,0.0006501156718530776,False,0.0016025144267970764,True
ZNF157,380,0.17396245209640399,0.0006592551429271134,False,0.0016224593978555987,True
ZNF215,380,-0.1737298076376142,0.0006705129276651253,False,0.0016475460508343079,True
PREB,380,-0.17352376065702907,0.0006806320343113527,False,0.0016697597291822092,True
ZNF84,380,0.17314835570419473,0.0006994327608204673,False,0.0017131675850476005,True
ZNF254,380,0.17295992351913303,0.0007090498052402804,False,0.001733979618502297,True
ZBTB11,380,0.17258557484653442,0.0007285195704118623,False,0.0017787827996806984,True
PPARG,380,-0.1719092959579681,0.0007649517675733076,False,0.0018647958050448507,True
ZSCAN12,380,0.1710580902658474,0.0008132020301548616,False,0.001979303054527871,True
ZNF71,380,0.17102554893667474,0.0008151012665991682,False,0.0019808112412802396,True
ZNF440,380,-0.1708385067874986,0.0008260974890893348,False,0.0020043870111446558,True
ZBTB39,380,0.1703033839235229,0.0008583189974502792,False,0.0020793079938232115,True
TERF2,380,0.1700386326945491,0.0008746861822318346,False,0.0021156472032732502,True
TET2,380,0.16995005334748112,0.0008802262725563084,False,0.0021257258501047823,True
ZNF207,380,-0.1696189657720501,0.0009012218910304365,False,0.0021730396998677812,True
RREB1,380,0.16954470623940998,0.0009059940276649516,False,0.0021811489188574575,True
ARID5A,380,0.1693877074588899,0.0009161601161427768,False,0.002200063119642022,True
FOXP1,380,0.16937952286990005,0.0009166929665175092,False,0.002200063119642022,True
RFX1,380,0.16925829678828236,0.0009246188503597934,False,0.0022156501243915795,True
TIGD4,380,-0.16916139403252495,0.0009309998811903229,False,0.0022274927605604633,True
POU3F3,380,0.1687582222897604,0.000957987364854899,False,0.002288525371597814,True
ZNF256,380,0.1686783085369138,0.0009634215918273559,False,0.0022979609000751107,True
NFE2L3,380,-0.1682732202640046,0.000991408086138466,False,0.0023610764882189927,True
PCGF6,380,-0.16788824960153026,0.0010186976531058158,False,0.0024223409631456264,True
ZNF267,380,0.1678067405671818,0.001024563732142592,False,0.002432553155455111,True
ZSCAN16,380,-0.16774578871296103,0.0010289706743528062,False,0.0024360437067218127,True
NR2C1,380,-0.1677428822137571,0.0010291812559406108,False,0.0024360437067218127,True
GABPA,380,0.16691205873744006,0.0010910312974190613,False,0.002578498394511003,True
CREM,380,0.1666126950889911,0.0011141437483799066,False,0.002629107503798926,True
ZNF621,380,0.16622992831989353,0.0011443521688743277,False,0.002695136792646252,True
JRK,380,0.16621422758942017,0.0011456072413186264,False,0.002695136792646252,True
ZNF461,380,0.16558470350605659,0.0011969860653950539,False,0.0028117366149188823,True
E2F7,380,-0.1653172967494591,0.00121944543354935,False,0.002860153835052112,True
ZNF705A,380,0.16519089971940973,0.0012301958270334562,False,0.0028810032378937824,True
NFKB2,380,0.16497496428255687,0.0012487635849175941,False,0.002920069530894918,True
ZKSCAN4,380,0.16495205076839256,0.0012507489138138034,False,0.002920300631348066,True
E2F8,380,-0.1648994664667733,0.001255316031567979,False,0.002926550025402457,True
ZNF547,380,0.1644317009826474,0.0012966231911229046,False,0.0030183048118169265,True
ZNF836,380,0.16431295987322486,0.0013073059200764425,False,0.003035000563312139,True
BHLHE40,380,0.16430841232835613,0.0013077166509878533,False,0.003035000563312139,True
LHX8,380,0.1634544302401283,0.0013869845929309903,False,0.0032141499249358873,True
HMBOX1,380,0.1631853248450748,0.0014128633048085882,False,0.0032692263017095585,True
ZNF536,380,0.1628440012680677,0.0014463246988991776,False,0.003341657662531234,True
ZNF517,380,0.16243221543952674,0.0014876615382653571,False,0.0034320418200220163,True
HOXD13,380,0.16237345019905075,0.0014936482598456441,False,0.0034407254557158587,True
RARG,380,0.16213196763812446,0.0015184821570629026,False,0.0034927345900941653,True
TP63,380,0.16203882103732617,0.0015281621121230936,False,0.003509784791641764,True
MBD3,380,-0.16152599440439658,0.0015824772133461364,False,0.0036291477426071395,True
KLF4,380,-0.1612336560076278,0.0016142263315919413,False,0.003696482782994564,True
ZBTB26,380,0.1609129153484334,0.0016497310992399333,False,0.0037722064130331122,True
KLF1,380,-0.16079309506335768,0.001663177356368113,False,0.0037973429906457802,True
PHF20,380,0.16067576968035083,0.0016764408818270636,False,0.0038219889323538943,True
ZNF529,380,0.1605208384022069,0.0016941042217778872,False,0.003856578434282602,True
WT1,380,0.1604960733826921,0.0016969433752390274,False,0.003857369082041137,True
JUND,380,-0.1601197462160502,0.0017406267612723849,False,0.003948138722206897,True
ZNF790,380,0.16010826152389734,0.0017419759349272034,False,0.003948138722206897,True
ZNF792,380,0.1600025718304087,0.0017544369557298328,False,0.0039705678471780425,True
MBD6,380,0.15947812388388805,0.0018174865097182256,False,0.00410725418546542,True
ZNF551,380,0.15930565047467088,0.0018386702930089699,False,0.004146456392653897,True
TFDP1,380,-0.15929333996646144,0.0018401909184452372,False,0.004146456392653897,True
OVOL1,380,-0.15924575984663658,0.0018460789630628755,False,0.00415367766689147,True
HDX,380,0.15895004009456556,0.0018830625406316716,False,0.004230741383015715,True
ZNF420,380,0.15880530747786825,0.001901409187591475,False,0.004265770177379135,True
HOXA1,380,0.1584924954836935,0.001941621834345897,False,0.004349682488520186,True
ZBTB33,380,0.15782547701917782,0.002029977917929119,False,0.004541048868431035,True
ZFP37,380,0.15737130796571094,0.002092225674489569,False,0.004673543065093582,True
PURB,380,0.15734419905832203,0.0020959957619849216,False,0.0046752182126119,True
NANOG,380,0.15722788728962175,0.0021122420000236957,False,0.00470467714537652,True
ZNF41,380,0.15684088651065758,0.002167129183601186,False,0.00481999421869919,True
FERD3L,380,0.15681412728070157,0.0021709720854391455,False,0.004821613756470298,True
ZNF227,380,0.15678365980453723,0.0021753551042939896,False,0.004824426506371197,True
IRF5,380,0.15668544963658726,0.0021895385693213735,False,0.004848935200728878,True
ZNF584,380,-0.15650762013278827,0.0022154356464205473,False,0.004899277686655725,True
ZBTB22,380,0.15607049744771026,0.0022802858746716875,False,0.005034604642240489,True
ONECUT1,380,0.15605155646916868,0.002283134663341617,False,0.005034604642240489,True
ZFP41,380,0.15582592907974574,0.0023173204308081963,False,0.005102719810655886,True
ADNP,380,0.15570965858619346,0.0023351187840862362,False,0.005134607780916894,True
IRF6,380,0.15555497966669893,0.0023589898634498664,False,0.005173721662443671,True
ZXDB,380,0.15555110029633484,0.002359591404189426,False,0.005173721662443671,True
ZNF200,380,-0.15525732786224883,0.00240555266463357,False,0.005267037517472088,True
VSX1,380,0.15444577564191117,0.002536795316257176,False,0.0055465524711385715,True
ZNF598,380,-0.15420301160839286,0.0025773033976018178,False,0.005627173003508623,True
ZNF746,380,0.15356954078271093,0.0026857950750576367,False,0.005855789825618621,True
AHRR,380,0.15317165581638265,0.002756047767150121,False,0.00600050906265596,True
GATA1,380,0.15297320153663096,0.0027917092091808288,False,0.006069614966027982,True
REXO4,380,-0.1529202963519734,0.002801286663841056,False,0.006081895870443134,True
HOXB7,380,-0.15285862887670523,0.002812488077252272,False,0.006097663226311649,True
POU3F2,380,0.1528198676661078,0.002819549582742751,False,0.006104423432287802,True
ZIC4,380,0.15257842471412744,0.002863899845659277,False,0.006185748964474823,True
HMG20B,380,-0.15257191328341208,0.0028651046560261295,False,0.006185748964474823,True
GATA6,380,-0.1520804946384378,0.002957372945175576,False,0.006371379979479025,True
ZNF155,380,0.15207029309561887,0.0029593166700551798,False,0.006371379979479025,True
ZNF212,380,0.1520132046768779,0.002970215310219715,False,0.006382037890043971,True
NR1H2,380,0.15200119611567098,0.002972512479794382,False,0.006382037890043971,True
ZNF85,380,0.15138795868684035,0.003091989968510619,False,0.006629363533593406,True
ZNF197,380,0.15132575366198114,0.003104349880657454,False,0.006646657835764507,True
ZNF317,380,0.15032270188288188,0.003309946134247939,False,0.0070770671489168635,True
ZNF217,380,0.15008038559155545,0.0033614313632362794,False,0.0071772355176410495,True
ZNF555,380,0.14969558229015692,0.003444684991982363,False,0.007344865520094625,True
ZNF75D,380,0.14927551247204085,0.003537699252956657,False,0.007532817666543198,True
ZNF285,380,0.14917955868079222,0.0035592626744970577,False,0.007568322280386601,True
ZNF789,380,-0.14906654355745605,0.003584812939205423,False,0.007612195377078182,True
ZNF543,380,0.1484248508599872,0.003733062069909276,False,0.007916137101670629,True
FLYWCH1,380,0.148389496047936,0.003741389113796167,False,0.007922941652744825,True
LHX9,380,0.14782662379491007,0.003876245827244627,False,0.008197306749418966,True
ZNF83,380,0.14777822561169554,0.003888044282048775,False,0.008211040311884726,True
ZNF23,380,0.1476797244474705,0.00391215719444494,False,0.008250707543597774,True
SPZ1,380,-0.14757234397369876,0.003938597804511913,False,0.008295169253584273,True
ZNF629,380,0.14711725103912904,0.004052460109533304,False,0.008518545345706043,True
EVX2,380,0.14710461341542916,0.004055664030869092,False,0.008518545345706043,True
SETDB2,380,0.1468819171833446,0.004112499540174824,False,0.00862455516505583,True
TGIF1,380,-0.14686332114493916,0.00411727795024306,False,0.00862455516505583,True
ZNF146,380,0.14678012449842592,0.0041387175411814175,False,0.008646656270221351,True
ZNF230,380,0.146779030274026,0.004139000191365647,False,0.008646656270221351,True
ZBTB12,380,0.14671157158122614,0.0041564592395925415,False,0.008671427092842661,True
ZNF16,380,0.14663779194804344,0.004175630391837335,False,0.00869969831300699,True
HNF1B,380,-0.14654315976030832,0.004200336898232691,False,0.00873941064309705,True
MBD2,380,-0.14635151588312095,0.004250776147723312,False,0.008832485203591527,True
POU5F1,380,-0.14595372696566156,0.004357221612649805,False,0.009041526885230427,True
POU5F1B,380,-0.1457848963641527,0.004403122516170745,False,0.009124543045558651,True
ZNF717,380,0.14545803857230008,0.004493229684519515,False,0.009298822929994933,True
ZNF302,380,0.14459257966583589,0.004739907832422062,False,0.009796231407996464,True
GATA2,380,0.14403192824448027,0.004906157496114427,False,0.010126309071980177,False
ZNF518B,380,0.1439770670321423,0.00492270439571244,False,0.010146932629244817,False
NR1H3,380,0.1435979641903661,0.00503842783718496,False,0.010371657303141381,False
ZNF583,380,0.1433983287518107,0.005100347335435738,False,0.010485176195557135,False
PRDM15,380,0.143191633769584,0.005165177485479064,False,0.010604369691673199,False
MAFK,380,0.14313981292958408,0.005181547012853129,False,0.010623887120392906,False
FOXE3,380,-0.14304606364050057,0.005211279873437431,False,0.010670715931324263,False
OVOL2,380,-0.14250843743577987,0.005384773826762419,False,0.011011400110737417,False
EGR3,380,0.14208026949897362,0.005526642232290313,False,0.011286599176234043,False
USF1,380,-0.14201378315084898,0.005548970549538368,False,0.011317267998267976,False
ZNF235,380,0.14190657127542128,0.00558514667721162,False,0.011376061916215248,False
TCF12,380,0.14177810411802533,0.0056287739622776604,False,0.01144985820447545,False
ZNF396,380,0.14144311596634873,0.005743979348486193,False,0.011668871432357777,False
HOXA6,380,0.14139300770254656,0.005761392928324839,False,0.011688907277911992,False
ZNF439,380,0.1411538487824088,0.005845160156658224,False,0.011843334977103312,False
XBP1,380,-0.1407322167969017,0.005995507001962734,False,0.012132084756912827,False
ZNF19,380,0.1404494673822341,0.00609826539082727,False,0.01232390969321229,False
ZBTB38,380,0.1404213729775736,0.006108561420924439,False,0.01232862200728948,False
PRDM16,380,0.140385887165234,0.006121588538850395,False,0.012338826898620326,False
ZNF10,380,0.13998779366958447,0.006269448987124933,False,0.012620425269270997,False
CEBPZ,380,-0.13993978520433034,0.0062874950221650065,False,0.012640314667936923,False
ZNF224,380,0.13980000546765342,0.006340302699105432,False,0.012729946275246705,False
RBCK1,380,-0.13973437086322296,0.006365235826855025,False,0.012753853904742476,False
KLF15,380,0.13972530136802697,0.006368688028660164,False,0.012753853904742476,False
ZBED1,380,0.13969632158079398,0.006379730111155868,False,0.012759460222311735,False
ZNF383,380,0.1396405124421963,0.006401043254389658,False,0.012785567687477666,False
ZFP91,380,0.13912289542966105,0.00660177893831344,False,0.013169528088285058,False
ZSCAN5A,380,-0.1390343363706616,0.006636682083059823,False,0.01322211565582575,False
ZBTB42,380,0.1389057859445215,0.006687640795009356,False,0.013306514075417074,False
ZNF43,380,0.13879272799485065,0.006732747385705935,False,0.013379066692006144,False
MSX1,380,-0.1386801544560694,0.0067779311390044165,False,0.013451586414331841,False
FOXP4,380,0.13832534532410917,0.006922122476556569,False,0.0137201608114079,False
ZNF441,380,0.13817638147780295,0.006983473738883633,False,0.013824063104593174,False
PRMT3,380,-0.138135715771906,0.007000306349646114,False,0.013839686116541742,False
ELF5,380,0.13777730991177647,0.007150236673162385,False,0.014118069349560424,False
RELB,380,0.13760715807611143,0.007222415483588886,False,0.014242419323051713,False
MEF2B,380,-0.13751329787095293,0.0072625093225258475,False,0.014303262635203578,False
ZNF784,380,-0.13731617987789288,0.007347359549376661,False,0.014451985492293611,False
ZNF250,380,0.13727294626421466,0.007366087660418113,False,0.014470436165389896,False
ATF4,380,-0.13706176262746508,0.007458183471142552,False,0.014632785821709342,False
HOXC11,380,0.13684461854267183,0.00755394977629147,False,0.014801916776834425,False
ZNF737,380,0.13652880394736439,0.007695192602840793,False,0.015059618393422944,False
DLX3,380,0.1361823835599517,0.007852830390978704,False,0.015345512756413967,False
JRKL,380,0.1361643699461465,0.007861105694984674,False,0.015345512756413967,False
TFAP4,380,-0.13585614472784927,0.008003912423225797,False,0.015604605077019565,False
ZNF605,380,0.13578955074479157,0.008035068978322214,False,0.015641069029177907,False
ZNF222,380,0.1357601662723116,0.008048851108784722,False,0.015641069029177907,False
ZNF649,380,0.13575148337862847,0.008052927659079322,False,0.015641069029177907,False
HOXC12,380,0.13524890436949563,0.00829204485031975,False,0.016085320085582673,False
ZNF384,380,0.13512138203596205,0.008353715093315313,False,0.016184669542493247,False
ZNF503,380,0.13472351865965346,0.008548757998376918,False,0.01654184672685934,False
ZNF841,380,0.13455873376107935,0.008630720361288192,False,0.016679594406085043,False
FOXK1,380,0.13435057730206912,0.008735254966526579,False,0.01686056694287175,False
ZNF195,380,-0.13430635671669838,0.008757606801867743,False,0.016882659189652885,False
GLYR1,380,0.13416799478527439,0.008827872696555486,False,0.01699694892321877,False
NKX3-1,380,0.13324751837260407,0.00930823368100849,False,0.017899559923231233,False
ZNF280A,380,0.13309049552939736,0.009392457871531618,False,0.01803911263663889,False
ZNF24,380,0.1330132856352287,0.009434119650279354,False,0.018096675611688276,False
IKZF1,380,0.1328886515104616,0.009501717602137943,False,0.018203785703105862,False
ZBTB43,380,0.132780076636075,0.009560955773338764,False,0.018294634780134003,False
RAX,380,0.1320027221840891,0.009994745011611388,False,0.019101068244412874,False
ZNF470,380,0.13194441710795773,0.010027974339474407,False,0.019140942389033765,False
ZNF860,380,0.13153464484771224,0.010264289993560206,False,0.019567882894127094,False
CREB3L4,380,0.13150577592323748,0.010281123374586816,False,0.019575865908807367,False
JDP2,380,0.13124055350054004,0.01043692264868043,False,0.019848103513706764,False
MAFG,380,0.13085390911118733,0.010667796996805659,False,0.020262269633196515,False
SP2,380,0.13051068106305808,0.010876524602230426,False,0.020633406965995953,False
ZNF764,380,0.13033640881297473,0.0109838824671765,False,0.020811566779913367,False
TBP,380,-0.1301411676911233,0.011105270876267507,False,0.021015842685161493,False
SMAD4,380,0.13008510047981514,0.011140348538345982,False,0.021056482951598995,False
TMF1,380,0.1300352727315032,0.011171604798832108,False,0.021089810034868418,False
ZNF345,380,0.1300062617141464,0.011189838721936277,False,0.021098502243066208,False
CUX1,380,0.12973989631477947,0.01135848832289013,False,0.021390437863544914,False
ELK4,380,0.12918878561271885,0.011714576625947855,False,0.022034221891819295,False
ZNF76,380,-0.12800775922620888,0.012511057485100738,False,0.023503782751135852,False
ZFP2,380,0.1279788331753568,0.012531150275676315,False,0.023512994699087197,False
ZNF525,380,0.12782491999415715,0.012638541695984915,False,0.023685790006518943,False
GLI4,380,-0.1275136529804487,0.012858208006570044,False,0.0240683264742085,False
SNAPC5,380,0.12735504434552503,0.012971429516727195,False,0.024250933444316062,False
EGR1,380,0.1270787851804199,0.013170733476759993,False,0.02457652514499563,False
SP100,380,0.12705541472082507,0.013187716902243879,False,0.02457652514499563,False
ZNF701,380,0.12704785853708814,0.013193212141790287,False,0.02457652514499563,False
ZNF300,380,0.12639930350837864,0.013672453579508326,False,0.025438651611873662,False
NKX6-1,380,0.12628352147745747,0.01375960193603828,False,0.025570064582217597,False
ZNF223,380,0.12614459679701406,0.013864814182175753,False,0.02573469107195212,False
ZNF417,380,0.12608284961731323,0.013911804027558585,False,0.025790985191210408,False
NR6A1,380,0.12589845733191732,0.01405296180542877,False,0.02602151300813844,False
ZNF707,380,0.12559505627465173,0.014287965579569,False,0.02642505462027815,False
PATZ1,380,0.12533164006363365,0.014494791763406937,False,0.02677558192094742,False
ZNF566,380,0.12517757171969288,0.014616976268017024,False,0.02696910520010769,False
ZNF799,380,-0.1250035742633581,0.014756052220694725,False,0.02717142959559855,False
FOXL2,380,0.12499648998196475,0.014761739205360712,False,0.02717142959559855,False
ARID3B,380,0.12474037753286182,0.01496863253773374,False,0.027519528703576997,False
THAP6,380,-0.12468919606859212,0.015010281759191037,False,0.02755654381315143,False
ZNF343,380,0.1246719130690209,0.015024368849030885,False,0.02755654381315143,False
CENPT,380,-0.12460081749536822,0.015082439755879964,False,0.027630315671126844,False
ZNF672,380,-0.12457421116240693,0.015104222402257917,False,0.027637513331791083,False
TFAP2B,380,0.12450282655773977,0.015162801492791145,False,0.02771194416864308,False
RFX2,380,0.12425617884333943,0.015366740195434022,False,0.028051549319023424,False
POU6F2,380,0.12420308801924741,0.015410951150746715,False,0.028099119412668922,False
MSGN1,380,-0.12337470397258703,0.016115367250790685,False,0.02934892765202821,False
RELA,380,0.12313493862960681,0.01632444241255083,False,0.029668350498444657,False
NAIF1,380,0.12312447206204676,0.016333623077195453,False,0.029668350498444657,False
ZNF114,380,0.12310779821867056,0.01634825773590006,False,0.029668350498444657,False
ASCL2,380,-0.12307531820153751,0.01637679844828827,False,0.029685344259894893,False
RXRG,380,0.12286362443093635,0.01656388756407144,False,0.029989354326529348,False
ETS2,380,-0.12283864717847738,0.016586084608702333,False,0.029994461418541136,False
FIGLA,380,0.12280739798791082,0.01661389210116324,False,0.03000969074982578,False
ZZZ3,380,0.1224564508570063,0.01692899837037941,False,0.030543227829076137,False
MYC,380,-0.12238898983654771,0.016990164916955035,False,0.03061789905872689,False
SOX3,380,0.12218585114913338,0.01717551775945413,False,0.030915931967017432,False
PPARD,380,0.12213070430304344,0.017226140146091706,False,0.03097103942642272,False
NKRF,380,-0.12163120643038863,0.01769062620441941,False,0.03176924520236804,False
TFEB,380,0.12157767319457799,0.017741049873588006,False,0.031822879726899456,False
SP6,380,-0.1209918713073955,0.018301074076831462,False,0.03278942438765637,False
NRL,380,-0.12072682540145324,0.018559481157460804,False,0.03321396165520153,False
ZNF143,380,0.1206654641098811,0.018619756838346678,False,0.033283352870393364,False
THAP8,380,0.12026185828472853,0.01902048989004708,False,0.033960459457661914,False
SCMH1,380,0.11958251437370207,0.019711970158410527,False,0.035154527425368086,False
FOXD1,380,0.11937787291001398,0.01992450779479289,False,0.035492679017651775,False
ZNF251,380,0.11917884634293377,0.020133122360548355,False,0.03582307288980328,False
ZNF419,380,0.11902137463297896,0.0202995229728517,False,0.03607768261994768,False
NKX2-6,380,0.1186884921658234,0.020655217905494436,False,0.036667749217552045,False
ZNF138,380,-0.11849971660180024,0.020859325552812495,False,0.036987670052409785,False
ZNF274,380,0.11840219182584351,0.020965455438465563,False,0.03712512779309617,False
ATMIN,380,0.118384452212053,0.02098481060656276,False,0.03712512779309617,False
XPA,380,-0.11810630749757635,0.021290320198405027,False,0.037622620624578745,False
ZNF577,380,0.11688484441263666,0.022678069331319484,False,0.04002924894513405,False
TFAP2C,380,0.11679721971840784,0.022780566400404004,False,0.04016436991779658,False
DOT1L,380,-0.11669325307733629,0.02290269891149881,False,0.04033376327076241,False
ZNF708,380,0.11663103797081006,0.022976055353368472,False,0.04041697009888,False
EEA1,380,0.11651780720762535,0.023110084932093874,False,0.04060659645275972,False
LIN54,380,-0.11647577775625931,0.023160006387061758,False,0.040632288382392,False
FOXD4L5,380,0.11646131765610596,0.023177203256881225,False,0.040632288382392,False
THAP10,380,-0.11611826834562085,0.023588430343105246,False,0.041306436845166196,False
RLF,380,0.11525844212557548,0.024646952819380365,False,0.04311128018576362,False
ZNF33B,380,0.11456148050397988,0.02553481133506264,False,0.04461386901430809,False
ZNF627,380,0.11449064846519391,0.025626568239252356,False,0.04472370646489589,False
ZFP64,380,0.11436789910788121,0.025786252423678314,False,0.04495171030614192,False
KCMF1,380,-0.1139218613959799,0.026373737683395307,False,0.04587697837137524,False
HOXA5,380,0.11391993561697292,0.026376298934447005,False,0.04587697837137524,False
ZNF234,380,0.11374434945499635,0.02661072665157084,False,0.04623277761687055,False
LHX1,380,0.11343511512633143,0.027027949647498523,False,0.04690500678736291,False
ZNF90,380,-0.11335606823755454,0.02713549900760407,False,0.047021498231013925,False
ZNF600,380,-0.11334115816246855,0.027155826497756105,False,0.047021498231013925,False
DLX2,380,0.1132974536721487,0.027215485979466682,False,0.04707214781699936,False
ZNF214,380,0.11324382747836942,0.027288843130031288,False,0.04714634951483084,False
ZNF845,380,0.11299671080592896,0.027629082563024984,False,0.047680958536859164,False
ZBTB6,380,0.1126746825760191,0.028077926670613797,False,0.04840159296894227,False
ZNF414,380,-0.11264134116461147,0.028124753670063618,False,0.048428385629875954,False
ZHX3,380,0.11231337563345117,0.02858895531143608,False,0.04917300313567006,False
ZNF468,380,-0.11219422477705557,0.028759221201888337,False,0.049410959401246554,False
GFI1B,380,0.11206106436196361,0.028950535032911114,False,0.04966955244786602,False
ZNF692,380,-0.11204484947536546,0.028973905594588515,False,0.04966955244786602,False
ZNF669,380,0.11138050429527104,0.029945435176567062,False,0.051278245191732096,False
ZBTB8B,380,0.11135218377336888,0.029987463270232863,False,0.05129347308543699,False
ZNF350,380,0.11128502034291796,0.030087336783406807,False,0.0513653431968708,False
ZNF282,380,0.11125788712292606,0.030127765160895343,False,0.0513653431968708,False
SMAD5,380,0.11125704169184553,0.03012902559609734,False,0.0513653431968708,False
ZNF534,380,-0.11121604106276768,0.030190206759147076,False,0.05141302537201284,False
SCML4,380,-0.11088603406564022,0.030686526925291228,False,0.052200817231154745,False
TLX1,380,-0.11081265610607849,0.030797828551486574,False,0.052332643905270274,False
FOXB1,380,0.11056862574456455,0.031170466796205033,False,0.05290776600934801,False
TOPORS,380,0.1098818307928391,0.03223996310072571,False,0.054663157590277546,False
ZNF79,380,0.10969113775280105,0.03254241345664315,False,0.05511559740796893,False
TTF1,380,0.10916014933771183,0.03339737614429593,False,0.05650179046051376,False
TBPL1,380,-0.10884764125141545,0.033909448355353804,False,0.05730548695861101,False
FOXQ1,380,0.10858967925554498,0.03433716504775793,False,0.05796502889196214,False
MTF1,380,0.10850123788323301,0.03448485932277966,False,0.058150939250177454,False
ZNF837,380,-0.10809801869409144,0.03516509154345072,False,0.05923347302422384,False
ZNF318,380,0.10792255490006743,0.035464642685568905,False,0.05967311617093551,False
IRX5,380,0.10775593837759799,0.035751094326183216,False,0.06008978720622326,False
E4F1,380,-0.1061940709583685,0.03853316094827506,False,0.06469558909753774,False
CEBPD,380,-0.10609460449062222,0.0387163774238517,False,0.06493277600446634,False
BATF3,380,0.10561514349432924,0.03960991604313556,False,0.06635946973460373,False
SNAI3,380,0.10543471064227267,0.03995066144635372,False,0.06685797180427629,False
THAP9,380,-0.1051971356933569,0.04040309406748636,False,0.067542105417353,False
MESP2,380,-0.10481647797332941,0.041137028773185154,False,0.06869484416493056,False
PRDM9,380,0.10478035887142911,0.041207249612607987,False,0.06873795517275556,False
ZNF763,380,0.10432870760304416,0.042093898388042894,False,0.07014139365413391,False
ZNF684,380,-0.1040681683142561,0.04261264448833033,False,0.0709294340515434,False
ZNF35,380,-0.1039567158839508,0.04283619029523385,False,0.07122494369175295,False
TP73,380,-0.10385485906750612,0.043041352513805364,False,0.07148928507657801,False
HOXB9,380,-0.10363760185863896,0.04348172168503775,False,0.07207710132034983,False
ETV6,380,0.10363433107451019,0.04348838025400953,False,0.07207710132034983,False
HES5,380,-0.10343310972207209,0.04389967406121868,False,0.0726809576970765,False
HMX3,380,0.10326117034025557,0.044253703113399115,False,0.07318881668754469,False
MTF2,380,-0.10258361670521099,0.045672258523344646,False,0.07545427555404216,False
USF2,380,0.10254736321654137,0.04574922379793594,False,0.07550085121450409,False
LBX1,380,0.10235644729894708,0.04615633155199309,False,0.07609158811766274,False
FOXI3,380,0.10187100926640318,0.04720518083613479,False,0.07773789354716665,False
ZNF460,380,0.10183979742078095,0.047273295596369766,False,0.0777673343073118,False
SPDEF,380,-0.10153113130470591,0.04795135278462051,False,0.07864411413853979,False
FAM200B,380,-0.10152945004910603,0.0479550682285482,False,0.07864411413853979,False
ZNF879,380,0.10152781373305969,0.04795868459094416,False,0.07864411413853979,False
BSX,380,0.10122121392388546,0.048640329583590325,False,0.07967749227026225,False
ONECUT2,380,0.10108060832133434,0.04895562905820243,False,0.08010921118614943,False
ZBTB2,380,0.10096550200874112,0.049215018286539874,False,0.08037122619250317,False
KLF10,380,0.10096347864799114,0.049219588133393416,False,0.08037122619250317,False
LMX1A,380,0.10091954468754889,0.04931890235041773,False,0.08044853618382153,False
HMX2,380,0.1007637029929873,0.04967253939190445,False,0.08094009576701904,False
NFIL3,380,0.1006266978106736,0.04998517977874704,False,0.0813638888512097,False
GATA5,380,0.10057522141067743,0.05010307078211604,False,0.0814701192969702,False
ZBTB49,380,0.10033582504967256,0.05065438972707082,False,0.08228016295645921,False
ZNF442,380,0.0999093682366887,0.05164904005523445,False,0.08376693053448477,False
FOXR2,380,0.09986955460839904,0.05174272490036695,False,0.08376693053448477,False
ZNF213,380,0.0998606543394754,0.05176368734540582,False,0.08376693053448477,False
MYF6,380,0.09985112254736964,0.05178614503972992,False,0.08376693053448477,False
HINFP,380,-0.09978080960246224,0.0519520591714957,False,0.08394758621865903,False
ZBTB8A,380,0.0995414398711498,0.05252021245186418,False,0.08477715211208108,False
HNF4A,380,0.09951501698243226,0.05258324407564755,False,0.08479048107198169,False
GZF1,380,0.09947469454249154,0.05267955437676803,False,0.08485738831970543,False
HMX1,380,0.09906806096710193,0.053659033491233944,False,0.08634530545159058,False
TSC22D1,380,0.09896377745613799,0.053912652344498234,False,0.08666332900237099,False
ATF3,380,-0.09886788578322536,0.05414674092526493,False,0.08694933086339224,False
ATOH1,380,-0.09867879489360606,0.05461082112927289,False,0.0876036799047818,False
ZNF8,380,0.09829443663010572,0.0555643283454811,False,0.08904097337350388,False
ZNF696,380,0.09818416177240273,0.05584043255728911,False,0.08939088893348868,False
ZNF766,380,0.09795814064250719,0.056409898299977126,False,0.09020921752930226,False
AHR,380,0.09790854264102385,0.056535503797333415,False,0.09031678006013635,False
ZNF688,380,-0.09776255967672028,0.056906547608891085,False,0.09081580999851897,False
RHOXF2B,380,0.0977031957689233,0.057058008482426606,False,0.09096374575777176,False
ZNF431,380,0.09742464456290012,0.057773170402496625,False,0.09200912323360573,False
ZNF571,380,0.0971768897967333,0.0584154853067509,False,0.09293645555483082,False
HSF2,380,-0.09709267398327587,0.05863515940497692,False,0.09310985495547176,False
LBX2,380,0.09708899441783359,0.05864477298552001,False,0.09310985495547176,False
ZNF526,380,0.09690425602138873,0.05912911651549022,False,0.09378265611268327,False
ZNF75A,380,0.09684616281686194,0.05928210588815184,False,0.09385532708892708,False
ZNF561,380,0.09684081911805241,0.05929619502129889,False,0.09385532708892708,False
ZNF644,380,0.09654036035130661,0.060092845210417065,False,0.09501912603240614,False
CTCFL,380,-0.09599431923669284,0.06156326866108131,False,0.09724483661974884,False
HOXB3,380,0.09540154203561547,0.06319300359520552,False,0.09971740016858119,False
SCRT2,380,0.09493223774440111,0.06450831725475611,False,0.10168928218977848,False
PLSCR1,380,-0.09490068890494793,0.0645975401991531,False,0.10172634000843235,False
EN2,380,0.09484808192886636,0.06474654302052756,False,0.10185736645912262,False
ZSCAN4,380,0.09428054551669833,0.06637205224440454,False,0.1043085653546581,False
THAP1,380,0.09407540328282347,0.06696778752829854,False,0.10513806804645655,False
DUXA,380,0.09402144493754998,0.06712520936658242,False,0.10527844386977668,False
ZNF506,380,0.09391907521816469,0.06742470369583212,False,0.10564113494043331,False
ZNF18,380,0.09363334274290225,0.0682664454712665,False,0.10685182769415626,False
SCRT1,380,0.09360741414424337,0.06834325275883171,False,0.10686399522290049,False
FOXE1,380,0.093342784714268,0.06913120785895802,False,0.10798699269996671,False
SOX30,380,0.0930240008940382,0.07009026571484529,False,0.1093747291598594,False
YY2,380,0.0925495931827204,0.0715376257682617,False,0.11152089092574935,False
SOX14,380,0.09235876809396953,0.07212664783369775,False,0.11232600688789147,False
KLF6,380,0.09208637533212871,0.0729742938795355,False,0.11353186625680498,False
ELF4,380,0.09187222974211015,0.07364636873713926,False,0.11446242851916824,False
ZNF514,380,0.0918386638755431,0.07375216749595238,False,0.1145118909566041,False
RFX4,380,-0.09124484518848307,0.07564441877756006,False,0.11733222471709717,False
IKZF5,380,0.09119864559036554,0.07579327719179674,False,0.11744543853143277,False
NKX2-5,380,0.09078697995914752,0.07713023177034553,False,0.11939759878049488,False
EVX1,380,0.09054747683297931,0.07791682616561066,False,0.1204947521522131,False
STAT5A,380,0.09007943815164451,0.07947277169706742,False,0.12277829399906223,False
GBX2,380,0.08982823952244533,0.08031817515992042,False,0.12396065318799282,False
DMTF1,380,0.0895564739458306,0.08124097575499697,False,0.1252599905067085,False
HNF4G,380,-0.0892200515692564,0.08239517573171673,False,0.12691316620168905,False
HOXC13,380,0.08879770734719432,0.08386286425534703,False,0.12904544121995745,False
ZNF253,380,0.08842964610880653,0.08515903965218859,False,0.13090982460932268,False
SP140L,380,-0.08832600813338369,0.08552691109218136,False,0.1313448991772785,False
GATA4,380,0.08820610038936515,0.08595412870667998,False,0.13187015979974293,False
PPARA,380,0.088020022730092,0.08662050098241052,False,0.13276092625818958,False
GFI1,380,-0.0873131189957339,0.0891899907760389,False,0.13656390279061148,False
ZFP42,380,0.08705825001738178,0.09013126475089796,False,0.1378687725636265,False
ZNF493,380,0.0868274073767654,0.09099066215445129,False,0.13904594769505488,False
SALL3,380,0.08674091465769515,0.09131434872497925,False,0.1394029702428677,False
AKAP8L,380,0.08645948437795223,0.09237394591798291,False,0.14088164362663796,False
ZNF878,380,-0.08631326127238488,0.09292835212551298,False,0.1415876861124942,False
MIXL1,380,0.08587380948135723,0.09461056216316788,False,0.1440089972749104,False
HOXB13,380,-0.08567702203973422,0.09537169722693502,False,0.1450249384158108,False
MBD1,380,0.08565220954729762,0.09546801284050312,False,0.1450289341286544,False
DNMT1,380,-0.08540218347576796,0.09644288413229311,False,0.1463662594478331,False
SNAPC4,380,-0.08532450806041604,0.09674735649160492,False,0.14668453266307974,False
FOXK2,380,-0.08528077905483009,0.0969191022006842,False,0.14680114501630054,False
MZF1,380,-0.08467560499964645,0.09932094550698305,False,0.15029210522464298,False
SPIB,380,-0.08462601096757422,0.09951985547293418,False,0.15044603151572472,False
ZNF541,380,0.08457673267826855,0.09971781245891184,False,0.1505982182306298,False
ZNF395,380,0.08443864678907431,0.10027418734113229,False,0.15114128120415823,False
ETV4,380,-0.08442439050177736,0.10033176879771759,False,0.15114128120415823,False
JUN,380,0.08441485236692269,0.10037030818984151,False,0.15114128120415823,False
ZNF202,380,-0.08416317241102773,0.10139148922413001,False,0.15253063685029472,False
ZNF239,380,-0.08410350504179868,0.10163479157740261,False,0.15274821103089248,False
ZBTB25,380,0.08386107118327797,0.10262811671089668,False,0.15403881264564243,False
STAT3,380,0.08384541173750622,0.10269254176376161,False,0.15403881264564243,False
TCFL5,380,-0.08367419765654836,0.10339903164231411,False,0.1549484036614736,False
DRGX,380,-0.08359255883001741,0.10373725457455177,False,0.1553049033669305,False
INSM2,380,0.08354972345123152,0.10391506797343998,False,0.1554207973167972,False
ASCL3,380,0.08338942597033464,0.10458261793056421,False,0.15626823605841061,False
TFDP2,380,-0.0830732803289532,0.10590912672275953,False,0.15809771279347323,False
ZNF77,380,-0.08288622041145352,0.10670024446430064,False,0.15912522006814778,False
DACH1,380,0.08239799196035079,0.10878705492355766,False,0.16208119443856328,False
FOXG1,380,0.08231401432851836,0.10914921597963216,False,0.1624189909359401,False
ZBTB17,380,0.08229678789823698,0.1092236237495566,False,0.1624189909359401,False
ZNF530,380,0.08098348215364494,0.11501486930907531,False,0.17086661966453798,False
CEBPB,380,0.0806931502243347,0.11632704351073424,False,0.172650300435874,False
ZNF718,380,0.08038063863017608,0.1177525213411813,False,0.17459856612657917,False
HSF5,380,0.08034161758286891,0.11793146502397012,False,0.1746965625426849,False
ZNF174,380,0.08026792533373864,0.11826998428558448,False,0.17503053123717474,False
TP53,380,-0.08023954775852939,0.11840054429624106,False,0.1750563921400011,False
ZNF486,380,0.08012839876227493,0.118913004707743,False,0.17549824227422214,False
ZNF432,380,0.08012555593111016,0.11892613446102004,False,0.17549824227422214,False
BARX2,380,-0.07995068484914959,0.11973596337336524,False,0.1765250202875899,False
ZFP62,380,0.07989672882428432,0.11998670063212906,False,0.17672636781972959,False
ZNF428,380,0.07945571789538772,0.1220514897646791,False,0.1795966788552502,False
ZNF497,380,-0.07919865775226508,0.12326773161158587,False,0.18121410117258777,False
TFCP2L1,380,-0.07912857454977948,0.12360094973522243,False,0.18151404137479818,False
ZBTB32,380,-0.07910645286268254,0.12370627496796646,False,0.18151404137479818,False
ZNF487,380,0.07895231778156245,0.12444207701349334,False,0.1824207719856891,False
ZNF451,380,0.0788945497018327,0.12471872162235105,False,0.1826533406541149,False
TCF7L2,380,-0.0788166906230175,0.1250923351802967,False,0.18302734863809006,False
ZNF597,380,0.07863687940347969,0.12595849566085845,False,0.18412063388386107,False
KLF3,380,0.0786015797202861,0.12612908129744602,False,0.1841960545740061,False
NKX2-1,380,0.07843012660100142,0.1269601784996108,False,0.18523502009179785,False
ZNF169,380,-0.07815899303429424,0.12828312075093237,False,0.18698895567085058,False
HES1,380,-0.0777979326634241,0.1300613832109269,False,0.1894026540080102,False
DMBX1,380,-0.07749696441815598,0.13155819772958977,False,0.19140234030583173,False
NR1D1,380,0.07701659752440539,0.13397472864857282,False,0.19473509854271429,False
ZNF595,380,0.07697367482265446,0.1341923088267351,False,0.19486838092287614,False
NEUROD6,380,0.07675878591826639,0.1352857002024723,False,0.1962720374071482,False
POU4F1,380,0.07663021621923832,0.1359431550189011,False,0.19704120221840724,False
HELT,380,0.07622030454841795,0.1380556936184099,False,0.19991600909382465,False
SP8,380,0.07591861083214063,0.13962654797512133,False,0.20200177221073629,False
DMRT2,380,-0.07572364029225336,0.14064898311653076,False,0.2032909671936411,False
ZNF7,380,0.07521324455736475,0.14335267437673668,False,0.20700554098431753,False
ZNF107,380,0.07518415842293272,0.1435079385357311,False,0.20703661589311437,False
GBX1,380,0.07486540152029313,0.14521791797425945,False,0.209308507471279,False
ZNF69,380,-0.0746706066319,0.1462705255432333,False,0.21062955678225598,False
HOXD1,380,0.07410863152776627,0.14933984384000915,False,0.21484951511555217,False
ZNF394,380,-0.07324739427326175,0.15413829262288817,False,0.22154696098442977,False
NFYA,380,0.07311045994008894,0.1549118668167636,False,0.22245229112462903,False
ZNF14,380,0.07307550704186692,0.15510979362109864,False,0.2225300838975539,False
HOXB5,380,-0.07293044998937952,0.15593324843977607,False,0.22350432276367904,False
ERF,380,0.07264761260342883,0.15754834492831354,False,0.2255086882195335,False
OTX2,380,-0.0726345923396579,0.15762299783820105,False,0.2255086882195335,False
PHF19,380,-0.07231441469209356,0.1594671765840815,False,0.22791938739633866,False
NR1I2,380,-0.07229103664089584,0.15960246507598908,False,0.22791938739633866,False
ZNF716,380,0.0721978292366565,0.1601427148503669,False,0.22848011298467097,False
ZNF682,380,0.0720679070646971,0.16089806709512638,False,0.2293464160803459,False
ZNF335,380,0.07167761197788187,0.1631833207867742,False,0.23238986253719085,False
BCL11A,380,-0.07146194156660407,0.16445652482217918,False,0.23398777612567406,False
NPAS1,380,-0.07129525087432906,0.16544567324693812,False,0.23517897354110212,False
THAP5,380,0.07123949172931406,0.16577754331752143,False,0.23543452940873685,False
TAL2,380,0.07118124642107078,0.16612474307799488,False,0.2357113678136903,False
ZNF74,380,0.07113122355027278,0.1664233635153131,False,0.23591883399423502,False
ZNF519,380,-0.07068588291053686,0.16909964579382733,False,0.23943810958919445,False
MECOM,380,-0.07066675607753514,0.16921530483887515,False,0.23943810958919445,False
SALL1,380,0.07033227757704082,0.17124744449338938,False,0.24209227769476416,False
GRHL1,380,0.07024413681339538,0.17178596546734393,False,0.2426320023206646,False
MYBL1,380,-0.07014216278602674,0.1724105785958723,False,0.24329222941331846,False
NKX6-3,380,-0.06990192956737444,0.17388874515397884,False,0.24515462431544557,False
ZIC3,380,0.06972670526601321,0.17497284139428398,False,0.24645856094481494,False
SP110,380,0.06953860533749949,0.1761421807584822,False,0.24788008710375498,False
REPIN1,380,-0.0694535586214574,0.17667278201894368,False,0.24840096872418238,False
NFKB1,380,0.06937354909062307,0.17717303880222848,False,0.24883164535567873,False
ZNF674,380,0.0693531766445082,0.17730058451376848,False,0.24883164535567873,False
ZNF572,380,0.06915960703773912,0.17851586518249726,False,0.2503102892232842,False
ZNF709,380,0.06895776496011678,0.17978964563197403,False,0.2518682094464215,False
ESR2,380,-0.06863664517815962,0.18183000856935355,False,0.2544962506920066,False
TBX6,380,0.06860669930767907,0.18202115032217858,False,0.25453364110093263,False
ZNF358,380,0.06852032813308283,0.18257328113488952,False,0.2550753061343041,False
ZNF20,380,-0.06844542020400421,0.18305313335727275,False,0.25551510409112554,False
ZNF680,380,0.068255093914178,0.18427652985816909,False,0.256991052450852,False
ZNF480,380,-0.06810352123636514,0.18525512678901618,False,0.25812325496795413,False
CDC5L,380,0.06800956712342766,0.18586364075412265,False,0.25873823371167437,False
HOXA9,380,-0.06795028132860209,0.18624837455896548,False,0.2590408659634129,False
ZNF101,380,-0.0677556738116767,0.1875153958025446,False,0.2605689701098196,False
ZNF479,380,0.06768627361752698,0.18796876575678587,False,0.26096470797444354,False
E2F3,380,0.06745868138573573,0.1894612082172349,False,0.26280103075293876,False
CCDC17,380,-0.06740065405532855,0.18984311190458944,False,0.263095019900004,False
RORC,380,-0.06713946889329137,0.19156908253032492,False,0.2652494988881422,False
ZNF92,380,0.06677756586461707,0.1939795828380993,False,0.26834709046771915,False
GSC2,380,0.06672733646005077,0.19431588693527094,False,0.2685723151569637,False
ESRRG,380,0.06664777864403305,0.19484942717213352,False,0.26906950335634494,False
FOXJ1,380,-0.0665838365201718,0.1952790187650061,False,0.26942238952605124,False
SIM1,380,0.0663406614088418,0.196919094843828,False,0.2714432402655795,False
ZBED3,380,0.06620775126263284,0.19781973179729387,False,0.2723887094798773,False
FOXD4L6,380,-0.06618617807093718,0.19796620058056338,False,0.2723887094798773,False
ZNF749,380,0.0661616433050199,0.1981328726578436,False,0.2723887094798773,False
FOSL1,380,-0.06595949553781387,0.19951001593654138,False,0.2740386021914517,False
ZNF581,380,-0.06587055254345672,0.20011814667718061,False,0.2746302225676202,False
SLC2A4RG,380,-0.06581020214896864,0.20053154795648026,False,0.27495379648948753,False
DBP,380,0.06561861502948214,0.20184803646946273,False,0.2765139473050693,False
ZIC1,380,0.06554610503179599,0.20234792159681766,False,0.2769536539627531,False
GCM1,380,0.06505601042598132,0.20575021856741033,False,0.28136160630949747,False
PLAGL1,380,0.0649391689742886,0.20656742264684583,False,0.2822298060523542,False
PTF1A,380,0.06475577110320277,0.2078548602246337,False,0.28373838062410317,False
FOXA1,380,-0.06467261788278159,0.20844049470383247,False,0.2842871240542138,False
GCM2,380,0.06431896042663438,0.21094455391749523,False,0.2873939028306275,False
MYF5,380,0.06429855282683868,0.21108970769923996,False,0.2873939028306275,False
E2F5,380,-0.06368841992699976,0.21546269796142214,False,0.29308985627792744,False
ATF6B,380,0.0636158711290262,0.2159869678546631,False,0.29354506254523133,False
EMX1,380,-0.06265610305097193,0.22300893665198684,False,0.30260996760150694,False
ZNF443,380,-0.0626508535110557,0.22304778619723478,False,0.30260996760150694,False
NRF1,380,0.06254202670720845,0.2238542524473055,False,0.3032972212958772,False
GRHL3,380,0.06252963624286435,0.22394620409637445,False,0.3032972212958772,False
TFDP3,380,-0.062468597930363856,0.22439957197759072,False,0.3036455746689776,False
SATB2,380,-0.062389893458770364,0.22498512082581332,False,0.30417202361428736,False
PITX2,380,-0.062332303801652264,0.22541426701256814,False,0.30432674558430395,False
T,380,0.0623217801280995,0.22549275011963604,False,0.30432674558430395,False
AEBP2,380,0.06224518159106245,0.22606458973201485,False,0.3048327394644242,False
ZNF721,380,-0.06221604779337524,0.22628235588925655,False,0.30486082412234045,False
MYOD1,380,0.06198478435474673,0.22801626863943605,False,0.30692972509030175,False
ZNF808,380,0.06158070119790061,0.23106849603073498,False,0.3105465178631201,False
ZNF232,380,-0.06157597237176236,0.231104385386508,False,0.3105465178631201,False
TIGD1,380,-0.06136132555298267,0.23273759927799506,False,0.3124699077904045,False
GTF2IRD1,380,0.06118900821456558,0.23405462388793885,False,0.3139658212985523,False
ZNF703,380,-0.06099680797361151,0.23552980945177912,False,0.3156711212392676,False
ZFP3,380,0.060743177543171295,0.23748650033003837,False,0.3179054917470865,False
ZNF653,380,-0.060727521321710436,0.23760765759133015,False,0.3179054917470865,False
SNAPC2,380,0.06064749298078712,0.23822764429789223,False,0.3184597524811202,False
CXXC5,380,0.060490725889233724,0.23944542757859372,False,0.3198114942982425,False
TGIF2,380,0.06036375692740341,0.24043493560090898,False,0.32085627612948886,False
ZNF22,380,0.06032046075160012,0.24077301116001085,False,0.32103068154668113,False
PROX2,380,0.059418129627860757,0.24789480758482046,False,0.33024196397702416,False
HNF1A,380,-0.05925429731865879,0.2492034716973508,False,0.3316998918207214,False
POU1F1,380,0.05880053532246742,0.2528531271154536,False,0.336268591730861,False
ZNF804B,380,-0.05875614419803053,0.2532121511735928,False,0.3363386245893015,False
NPAS2,380,0.05874030581646088,0.25334033350847907,False,0.3363386245893015,False
ZBTB9,380,-0.05856006552067059,0.25480221549529236,False,0.33798957119684025,False
ZNF28,380,0.05851102711743286,0.25520096239659934,False,0.338228672765356,False
ZNF3,380,0.058280394959894774,0.2570820999953467,False,0.3404303599596208,False
DMRTC2,380,0.0580294093639249,0.2591401165901173,False,0.34286230810384755,False
ZIC2,380,-0.057939337265018084,0.2598814486141811,False,0.34354951533283723,False
ZGLP1,380,-0.05764056693631466,0.2623509203576037,False,0.3465181098238656,False
RFX5,380,0.057590820396024985,0.2627636605626263,False,0.3467673883639774,False
GPBP1L1,380,-0.057473623194401746,0.2637377941694232,False,0.3477564781722889,False
ZNF628,380,-0.05731319083764614,0.26507531370167575,False,0.34922262605122895,False
ZNF814,380,-0.057268924059218095,0.2654451823997616,False,0.34941253601601274,False
TIGD6,380,0.05714373191546966,0.26649313454144713,False,0.3504939441547665,False
HSFY2,380,0.056865054547998325,0.2688360432557691,False,0.35327520794561174,False
GPBP1,380,0.056792085644840805,0.26945183068301753,False,0.35378408303419095,False
ZNF32,380,-0.05632229613646629,0.2734394807578787,False,0.3587155222145731,False
ISX,380,0.05595085453034135,0.27662064886191384,False,0.36240735215549064,False
ZNF700,380,-0.05592271045293991,0.27686270543396674,False,0.36240735215549064,False
ZNF705D,380,0.055911866771090606,0.2769560062015151,False,0.36240735215549064,False
POU4F3,380,0.05571418171261152,0.2786606610883282,False,0.36432998594994265,False
HSF4,380,-0.055532158491547974,0.2802365375578919,False,0.36608114779714485,False
NR4A2,380,0.055333363950319896,0.28196448963305054,False,0.36802784987517895,False
ZBED4,380,0.055268310702931436,0.2825315020738975,False,0.36845725797000284,False
PAX4,380,-0.05500313348824922,0.28485078242130346,False,0.37116920133684994,False
MNX1,380,-0.054974750288577984,0.28509978399992536,False,0.3711812158384226,False
ZNF433,380,0.05488486159058766,0.2858893313356945,False,0.3718963738719791,False
NOTO,380,-0.054626496440749774,0.2881668983689266,False,0.37454438175910865,False
HES3,380,-0.05428396857561593,0.29120512527014947,False,0.3781757834884156,False
HOXB6,380,-0.05420043680811564,0.2919492951595106,False,0.3788243997543357,False
ZNF675,380,0.05408406226425296,0.2929881755286105,False,0.3798540165144799,False
ZNF589,380,0.053720772265318836,0.2962471649434004,False,0.38375783375094885,False
ZNF761,380,0.05324864089260283,0.30051851752755304,False,0.3886766871916603,False
ZNF670,380,-0.053245561726396336,0.3005465081191327,False,0.3886766871916603,False
CREB3L1,380,0.05312786642326165,0.3016176927700866,False,0.3897363843139349,False
AIRE,380,0.052925956551600706,0.3034612325316333,False,0.3916026429487692,False
RXRA,380,0.052914294508394244,0.3035679402703637,False,0.3916026429487692,False
ASCL1,380,0.05288503319087295,0.30383579075161077,False,0.3916218185541161,False
TCF20,380,0.05281035769804481,0.304520059343044,False,0.3921772478061831,False
ZNF91,380,0.05269850468835215,0.30554689885104125,False,0.3931725680975992,False
ATF5,380,0.05199303765063474,0.3120759218403259,False,0.4012404709375619,False
ZNF337,380,0.05191751308907774,0.3127802808673803,False,0.4018123442180122,False
ZIC5,380,-0.05166318252700625,0.3151598877851795,False,0.4045335873063498,False
ZNF44,380,0.05148739823623419,0.31681149425222077,False,0.40631664714369325,False
ZNF266,380,-0.05136018904675366,0.31801022712256616,False,0.4072182960149019,False
CREBZF,380,0.05135696508893835,0.31804064591861525,False,0.4072182960149019,False
ZNF777,380,0.05126315396999765,0.3189266072449926,False,0.40801519670681696,False
MLXIPL,380,-0.05087385377933375,0.32262037424404477,False,0.41239994990072776,False
ZNF280B,380,0.05072627787512628,0.3240278432451037,False,0.41385734434275623,False
ZNF711,380,-0.05068802608221049,0.3243933094520317,False,0.41398255814653345,False
POU2AF1,380,-0.05062980402264494,0.32495008896101585,False,0.4143515137657764,False
MAX,380,0.05015660071476924,0.329498307138287,False,0.4198052505761879,False
SMYD3,380,-0.049805546520971716,0.33289889302828946,False,0.4237890513221974,False
STAT1,380,-0.049774276686202185,0.33320288794390085,False,0.42382750249561096,False
ZSCAN10,380,-0.0493491247582193,0.3373537716808539,False,0.4287550398702478,False
SREBF1,380,-0.04906509304838275,0.34014522125003255,False,0.43194815627157535,False
CBX2,380,-0.0485582748394902,0.3451627194730257,False,0.4373844870601647,False
ZNF93,380,0.048550719328864976,0.34523787283938623,False,0.4373844870601647,False
ZNF518A,380,-0.0485471077254533,0.3452738005087347,False,0.4373844870601647,False
TCF3,380,-0.047902567116068766,0.35172359016667576,False,0.44507317866885443,False
ZFPM1,380,-0.04788322330000577,0.3519183273195593,False,0.44507317866885443,False
TBX3,380,0.04781130212681988,0.3526429650548746,False,0.44536771675300585,False
OSR2,380,0.04780300444100642,0.35272662838448654,False,0.44536771675300585,False
FEV,380,0.04767674867572115,0.35400117404362774,False,0.446612728133281,False
GMEB1,380,0.047425660499686426,0.3565444978102058,False,0.4494206638784413,False
CASZ1,380,0.04739976092503198,0.35680749089573927,False,0.4494206638784413,False
SMAD1,380,0.04696835026883684,0.36120606945222755,False,0.45459105326182786,False
SAFB,380,-0.04582863166372586,0.37298845176040407,False,0.46903828052404994,False
SP9,380,0.04574731726148159,0.37383804227637785,False,0.4697250726005137,False
GSX1,380,0.04570866757154234,0.37424228045838903,False,0.46985162218133514,False
ZNF556,380,0.04531822727114662,0.3783409918473851,False,0.47461252461892395,False
HOMEZ,380,-0.045226334510298956,0.3793096388450521,False,0.47544236512723936,False
ZBTB48,380,0.04514117586295458,0.3802086563325825,False,0.47617216704602283,False
DMRTB1,380,0.045098142091483225,0.3806634583181213,False,0.47617216704602283,False
ESX1,380,0.045083839220277935,0.3808146917331888,False,0.47617216704602283,False
TBX22,380,0.045029206040460776,0.3813927015534152,False,0.4765100096890127,False
TERF1,380,0.04488511587455983,0.38291972174363065,False,0.47803203972511304,False
FOXB2,380,-0.04469438536500478,0.38494674985033617,False,0.4801753172992106,False
FEZF1,380,-0.044466445484002456,0.3873777804824562,False,0.4828186829201628,False
CRX,380,-0.0441235366510414,0.39105249773118067,False,0.4870066504327174,False
ATF1,380,0.044012632585665255,0.39224547770982965,False,0.4880996780504954,False
ZNF485,380,-0.04389076296448538,0.39355894478829634,False,0.48934076026689377,False
TFAP2A,380,-0.04377061687916892,0.39485642970387236,False,0.4905599945277644,False
NFIA,380,0.043499583444648826,0.397792827550146,False,0.4938117859243192,False
ZNF768,380,-0.043429214110363344,0.39855735281979776,False,0.49423632284853874,False
CXXC1,380,-0.043409346444536034,0.3987733638487241,False,0.49423632284853874,False
MBD4,380,0.04316894547759654,0.4013926816548422,False,0.4970846969613566,False
THAP11,380,-0.04234883669215058,0.4104053707120716,False,0.5078397392983908,False
DLX6,380,0.04192026579456858,0.4151624669691174,False,0.5133158936646915,False
SOHLH1,380,0.041841558608096865,0.4160396233032334,False,0.5139898937537153,False
AHCTF1,380,0.04176433541725671,0.41690129930040964,False,0.5146437091842377,False
ZNF639,380,-0.04125821616607123,0.4225746027616576,False,0.5210056457487313,False
EHF,380,-0.04124457839044961,0.42272809500026265,False,0.5210056457487313,False
LHX5,380,0.04107196200447698,0.4246736902596604,False,0.5229417962732296,False
NOBOX,380,0.041026467759098455,0.4251873319129258,False,0.5229417962732296,False
DMRTA2,380,-0.041015387852283335,0.4253124815943127,False,0.5229417962732296,False
ZNF311,380,-0.040947142689987705,0.4260837960984848,False,0.5234743780638528,False
ZNF831,380,0.04043789909691941,0.43186493275282567,False,0.5301561585260699,False
THRA,380,0.04036623593918611,0.4326820992728986,False,0.5307384228799105,False
LEUTX,380,-0.04020252386163873,0.4345522295291152,False,0.5326103335796282,False
ZNF182,380,0.040161071612262095,0.43502648718258674,False,0.5327697801888008,False
SPIC,380,0.04003482300452201,0.43647273694395083,False,0.5341184164341786,False
NEUROD4,380,0.03979659822213953,0.4392092402202874,False,0.5370425780892614,False
ZNF416,380,0.03958840073838514,0.4416088337096066,False,0.5395504929616977,False
NFIB,380,0.039459171316656355,0.44310202893627626,False,0.5409479028338766,False
ZNF587,380,0.03938223693508433,0.44399233873235944,False,0.5416076756167789,False
ZNF564,380,0.039326068454711836,0.44464298070322006,False,0.541641374176987,False
ZBED2,380,0.03931944345633217,0.4447197587719318,False,0.541641374176987,False
CSRNP1,380,0.039146907351510433,0.44672195554788685,False,0.5436521911856359,False
MXD1,380,-0.03884242530914845,0.4502677534714422,False,0.5475369068136626,False
ZNF488,380,-0.03870890282460418,0.451827663804656,False,0.5490025302744173,False
ZNF652,380,0.03852226157458363,0.45401323950519634,False,0.551225486081603,False
NEUROG2,380,-0.03842523239893488,0.45515179629079117,False,0.5517732274077017,False
ZNF346,380,0.038423063198240695,0.45517726834601746,False,0.5517732274077017,False
ZNF133,380,0.03827800271240635,0.45688246883363637,False,0.5534069340801793,False
ZNF121,380,0.03813901932850387,0.4585195803607942,False,0.5549556766211958,False
IRF7,380,0.03802826188157664,0.4598265554215937,False,0.5561027404629899,False
HESX1,380,-0.037863388256717465,0.46177596118658226,False,0.5580243465392891,False
IKZF3,380,0.03772478845383617,0.4634182645370438,False,0.5595721322178969,False
BHLHA15,380,0.03766553731985268,0.46412133374761155,False,0.5596233871914401,False
ZFP30,380,0.03766028046121084,0.4641837397634426,False,0.5596233871914401,False
DPF1,380,-0.03759298028070213,0.46498309477149913,False,0.5599609477553448,False
BHLHE23,380,-0.03757580667126811,0.4651871956158743,False,0.5599609477553448,False
BARHL1,380,-0.03747557453835206,0.466379399868044,False,0.5609598376035214,False
DLX4,380,0.03734415628121052,0.46794510156552394,False,0.5624060692728502,False
ZNF180,380,0.03712607136980536,0.47054972749155155,False,0.5650977332481938,False
LCORL,380,-0.036623385726200414,0.47658364233953854,False,0.5717179578869948,False
NFXL1,380,-0.03657969516943791,0.4771100621469917,False,0.5717179578869948,False
FOSB,380,0.03657469858831892,0.47717028526485605,False,0.5717179578869948,False
ZNF620,380,-0.03652246699731319,0.47780007359509424,False,0.5718072162330958,False
NEUROD1,380,0.036507257281121516,0.47798355155402195,False,0.5718072162330958,False
ZBED5,380,0.036413355354953374,0.47911715915917985,False,0.5721737984140335,False
HOXA2,380,0.036404750547085106,0.4792211116259456,False,0.5721737984140335,False
ZNF780B,380,0.03639004053425072,0.47939884789599574,False,0.5721737984140335,False
MXI1,380,0.03635341539667717,0.4798415330674317,False,0.5722609346597722,False
TBX4,380,-0.03626792791672045,0.48087567705552425,False,0.5730527698860288,False
ZNF30,380,0.0360651467821553,0.4833335530865166,False,0.5755387232137905,False
BCL11B,380,0.035673575694717304,0.48809888075568764,False,0.5807663854033854,False
ZNF558,380,0.03532537917569534,0.4923574603748362,False,0.5853835243166254,False
LHX4,380,0.03520271511130533,0.4938624032605895,False,0.5867221797754355,False
HES7,380,0.03477790682875603,0.49909319158449195,False,0.5924817949177865,False
ZNF205,380,-0.03465812772841371,0.5005733475291814,False,0.593702735405431,False
ZNF324,380,0.03463262917359493,0.5008887418859773,False,0.593702735405431,False
TBR1,380,0.03456308903725889,0.5017494241393132,False,0.5942678718956824,False
SRY,380,0.03396244982506624,0.5092157310751699,False,0.6026498101715314,False
SIX3,380,-0.033816752857825434,0.5110355277132377,False,0.6043414796792146,False
GRHL2,380,0.03360736220656678,0.513656790841118,False,0.6069776429175959,False
ZNF326,380,-0.033195434540016715,0.5188337889881534,False,0.6126275403155312,False
ZNF219,380,0.03285924746289492,0.5230787070157804,False,0.6171690841923995,False
ARID3A,380,0.03266491570414577,0.5255405410344689,False,0.619601490876891,False
DMRT1,380,0.032467759404201685,0.5280441749940725,False,0.6220794390341129,False
ZNF320,380,0.03229931459993171,0.5301879946508026,False,0.6241300499767622,False
MSX2,380,0.031904484790275967,0.5352302450723879,False,0.629586944811593,False
ZFY,380,-0.03185732404546678,0.5358341261795629,False,0.6298186995641333,False
SIM2,380,0.031815926552146295,0.5363644918735754,False,0.6299637582855043,False
RXRB,380,0.031607068278420046,0.5390442942792251,False,0.6326312111783475,False
ZNF579,380,0.03153657796369115,0.5399502419460576,False,0.6332143746458312,False
L3MBTL4,380,-0.031443373623219015,0.5411492762829739,False,0.6341401057426522,False
ZNF614,380,0.0312048058130504,0.5442243725954936,False,0.6372612169272497,False
PRDM13,380,0.031164007486803046,0.5447511207879216,False,0.6373958692212417,False
HOXA3,380,0.030919082276375624,0.5479186488270038,False,0.6406178764231132,False
YY1,380,0.030745746509731445,0.5501658026411999,False,0.642759745274398,False
NR1H4,380,-0.030670288159722853,0.5511454678056826,False,0.6434186909224712,False
ZNF648,380,-0.030614884768868627,0.5518653058194756,False,0.643709952384886,False
DPF3,380,0.030587088573939502,0.5522266258185585,False,0.643709952384886,False
SAFB2,380,0.030288765973667493,0.5561117580653705,False,0.6477509416743368,False
AKAP8,380,-0.030076438472976454,0.5588850206148989,False,0.6504917382795965,False
ZNF48,380,-0.02990341536044388,0.5611498546573864,False,0.6526370961755328,False
ZNF408,380,-0.02968333013699849,0.5640370976234153,False,0.6555025729136988,False
ZNF586,380,-0.02961514083619969,0.56493309976533,False,0.6560513416629639,False
NFYC,380,0.02951380090232232,0.5662659567971159,False,0.6571062227300865,False
FOXD4L1,380,0.02930912136493882,0.5689625451227296,False,0.6597408388389404,False
HOXA11,380,0.029263145406266584,0.5695691031458886,False,0.6599498290941882,False
RFX6,380,-0.029159438571810557,0.5709384285220296,False,0.6609968675392849,False
BATF,380,0.029130050264274204,0.571326749849847,False,0.6609968675392849,False
CREB3,380,0.029052760981717166,0.572348605974488,False,0.6616845721049346,False
ZNF560,380,0.029005836750416725,0.5729694215886825,False,0.6619079586711049,False
FOXA2,380,-0.028893349768761734,0.5744589380558203,False,0.6631338076885979,False
ZNF283,380,-0.028504872505701398,0.5796170167628772,False,0.6685895245521118,False
HOXB1,380,-0.028215010206106086,0.5834797595326943,False,0.6725440564084965,False
TBX21,380,-0.02809117615083892,0.5851336230449405,False,0.673820727622364,False
DPRX,380,-0.028066912341525144,0.5854579319457878,False,0.673820727622364,False
ZBTB44,380,0.027787824081476523,0.589194175719196,False,0.6776170757899816,False
POU2F3,380,-0.027537326852252363,0.5925569630028762,False,0.68097860336188,False
ASCL4,380,0.027421192684261672,0.5941189689068276,False,0.682267183878167,False
IRX4,380,0.027365427868794426,0.5948696722315125,False,0.6823099765560282,False
FOXR1,380,-0.027352945360735827,0.5950377702523502,False,0.6823099765560282,False
TFAP2E,380,0.026752109836149687,0.6031544409737353,False,0.6911051625665006,False
TGIF2LX,380,0.02653181812849149,0.6061427343466659,False,0.6940154976099399,False
NR1I3,380,-0.026466943465912943,0.6070240256814226,False,0.6945108586510289,False
ZNF714,380,-0.026407023138198815,0.6078385207311151,False,0.6949291211903739,False
ONECUT3,380,0.02632860586914991,0.6089051767548086,False,0.6955522512286132,False
MAFF,380,-0.026300902519100118,0.6092822045645991,False,0.6955522512286132,False
ZNF446,380,0.026226735458753446,0.6102920873019287,False,0.6961917104962312,False
BARHL2,380,0.025897986834785412,0.6147773158961718,False,0.700791815174723,False
ZNF683,380,-0.025800320961396728,0.6161125833137573,False,0.7017971147679885,False
ZNF565,380,0.025546527782141303,0.6195883035092786,False,0.7052372748767377,False
PAX9,380,-0.02545165056243614,0.6208898388407371,False,0.7061994640157686,False
IRF4,380,-0.02537848404964656,0.621894352608583,False,0.7068226562687859,False
ZNF668,380,0.025280803198350982,0.623236521300953,False,0.7073502965739341,False
ZNF800,380,0.02527818717444333,0.6232724835444743,False,0.7073502965739341,False
UNCX,380,-0.025078000441513263,0.626027081145992,False,0.7099559865303997,False
E2F6,380,-0.024825832740160113,0.6295043520795426,False,0.7128997096223927,False
ZC3H8,380,-0.02482297072840898,0.6295438650218417,False,0.7128997096223927,False
TBX20,380,0.024732866644241836,0.6307883818098214,False,0.7137868531005874,False
ARNTL2,380,-0.024486999332234305,0.6341896008137755,False,0.7171113966835095,False
LTF,380,-0.024372728502880584,0.635773001603835,False,0.7183770850238953,False
MYOG,380,0.02428159285873105,0.6370370184530527,False,0.7192803096756569,False
FAM170A,380,0.024166712905238696,0.6386318594575793,False,0.720555479912779,False
VAX1,380,-0.02412127082197035,0.6392631774779508,False,0.7207424608418557,False
ZNF613,380,0.023954505356784964,0.641582246001082,False,0.722830652699909,False
SOX12,380,0.023778887314878556,0.6440281901693774,False,0.7250586460961427,False
ZBTB24,380,0.02364235512926725,0.645932419030742,False,0.7261951249348649,False
HMGA2,380,-0.02358796219857173,0.6466916881218812,False,0.7261951249348649,False
ZNF681,380,0.023580970482483633,0.6467893118541891,False,0.7261951249348649,False
FOS,380,-0.023566628423671875,0.6469895856896238,False,0.7261951249348649,False
ZNF502,380,0.023538442487005592,0.6473832509109261,False,0.7261951249348649,False
ALX4,380,0.023369204554436696,0.6497490137067155,False,0.728133823151135,False
ZNF444,380,-0.023347527585679262,0.6500522891439718,False,0.728133823151135,False
ZNF276,380,-0.023257765660083873,0.6513087333212493,False,0.7285673380579907,False
TGIF2LY,380,-0.023252632300304624,0.6513806174885395,False,0.7285673380579907,False
DDIT3,380,-0.022967425790652113,0.6553795160174842,False,0.7323545370608862,False
ZNF100,380,0.022943165963630736,0.6557201212910915,False,0.7323545370608862,False
FOXH1,380,0.022910000192454268,0.6561858804285847,False,0.7323545370608862,False
ZNF80,380,0.02286831478687624,0.6567714727647382,False,0.7324799998845928,False
ARGFX,380,-0.02280801144031378,0.6576189796684849,False,0.7326755745055621,False
GTF3A,380,-0.022788489073981073,0.6578934422239866,False,0.7326755745055621,False
ZNF410,380,-0.02269569262787582,0.6591986837026438,False,0.733262008245797,False
ZFP57,380,0.022683344776183542,0.659372442212675,False,0.733262008245797,False
IRX2,380,0.02261656886052703,0.6603124274542468,False,0.733262008245797,False
NKX2-8,380,0.02261640361750975,0.6603147541955046,False,0.733262008245797,False
SOX1,380,0.022419638942358926,0.663087658826901,False,0.7358134020530772,False
ZNF557,380,-0.02205518574889241,0.6682358532700916,False,0.7409950579241417,False
NHLH2,380,0.021501957189180815,0.676080376854761,False,0.7491570675527345,False
ZNF513,380,-0.021349778743058278,0.6782443978107218,False,0.7510174018676661,False
CENPB,380,0.021100400289105713,0.681796345164748,False,0.7544108236705003,False
PAX3,380,0.020893647265648435,0.6847465090163238,False,0.7571339971123352,False
FIZ1,380,0.02041445180712271,0.691602539654389,False,0.7639842941325199,False
PRDM4,380,0.020391683463760035,0.6919289278900471,False,0.7639842941325199,False
ZNF141,380,0.020338321041851844,0.6926941109389843,False,0.7642840226183518,False
SREBF2,380,-0.02015637818278456,0.6953053999023521,False,0.7666187742513113,False
ZNF544,380,-0.020114477963929532,0.6959072738741633,False,0.7667020406215745,False
FOXD4L3,380,-0.020082169926336782,0.6963714916756678,False,0.7667020406215745,False
KIN,380,0.020008878936034983,0.6974249925570535,False,0.7673161965020034,False
ZNF280C,380,0.019829520317344664,0.7000055811481433,False,0.7696084088191234,False
HIC2,380,0.019595865414508896,0.7033725552414745,False,0.7727613310956725,False
TLX3,380,0.019487549162112965,0.7049353680940784,False,0.7739290424181797,False
OTX1,380,-0.018947815706876522,0.7127411577083195,False,0.7818804198317995,False
BRF2,380,0.018905003263483218,0.7133616218337353,False,0.7818804198317995,False
PAX6,380,-0.01888213128988167,0.7136931739162355,False,0.7818804198317995,False
NEUROD2,380,0.01881634861553336,0.7146470594659282,False,0.7823717454407757,False
ZGPAT,380,0.018527137713184993,0.7188460305726679,False,0.786412477262537,False
CREB3L3,380,0.01847282271087112,0.7196355630180229,False,0.7867202341468217,False
SEBOX,380,-0.018399080419055004,0.7207079707927041,False,0.787336583477139,False
NR5A2,380,-0.018233487267348712,0.7231181246924354,False,0.7894124520619816,False
ZIM3,380,-0.018154858288271954,0.7242635039095366,False,0.7901056406285855,False
ZNF273,380,0.018080978904292944,0.725340256892379,False,0.7907230406122554,False
ZNF527,380,0.01800598103570022,0.7264338646661226,False,0.7913579327960294,False
NKX6-2,380,-0.017946096495270274,0.7273074911735702,False,0.7917524587459118,False
ZNF679,380,-0.01779618522589483,0.7294960204818071,False,0.7935768374601808,False
ZNF131,380,-0.017759949438273234,0.7300253509706902,False,0.7935949742293739,False
ZNF189,380,0.017619756626607593,0.7320744850517471,False,0.7948271411626796,False
DNTTIP1,380,-0.017556026045472628,0.7330066362843195,False,0.7948271411626796,False
MYNN,380,-0.017545630295198743,0.7331587263082102,False,0.7948271411626796,False
ZSCAN5B,380,-0.01754194572835907,0.7332126340958052,False,0.7948271411626796,False
FBXL19,380,-0.01721594400418764,0.7379874264907109,False,0.7994433423426315,False
POU5F2,380,0.017097388673425036,0.7397263608728655,False,0.8007667179239131,False
FOXN1,380,0.017061285167944744,0.7402561801767609,False,0.8007802703798923,False
ZNF181,380,0.016934258265418153,0.7421212754834722,False,0.801734759393994,False
ZNF830,380,-0.01693064428029309,0.7421743606018045,False,0.801734759393994,False
SIX6,380,0.016701874005613463,0.7455371987242061,False,0.804805846321528,False
STAT4,380,0.016544414831666143,0.7478546035191878,False,0.8067448963398625,False
HOXA7,380,0.016083530963151862,0.7546506438604746,False,0.8127135327154386,False
ZNF226,380,0.016063990468585608,0.754939204218827,False,0.8127135327154386,False
NR4A1,380,-0.016062408231005607,0.7549625710883725,False,0.8127135327154386,False
VDR,380,0.015760585296300252,0.7594240275433313,False,0.816696234306933,False
ZNF140,380,0.015666057005919845,0.7608229658557867,False,0.816696234306933,False
OTP,380,-0.015652273436963522,0.7610270161623931,False,0.816696234306933,False
ZNF691,380,0.015649124571992648,0.7610736339066784,False,0.816696234306933,False
OLIG3,380,0.01563382355622127,0.761300171902393,False,0.816696234306933,False
ADNP2,380,-0.015587002123989691,0.7619935094969643,False,0.8168739284635047,False
ZNF354A,380,-0.015300949416454037,0.7662335277745844,False,0.8208508657405237,False
ZBTB3,380,-0.015155421803015122,0.7683933001370171,False,0.8225953171591304,False
NKX2-2,380,0.015061643042163503,0.769786019384679,False,0.8235167643451854,False
IRF2,380,-0.014962401000442363,0.7712606803008735,False,0.8245245394376741,False
NR2E3,380,0.014741408316831697,0.7745474148857231,False,0.8274668034803998,False
NR5A1,380,-0.014657678009215185,0.7757937573281548,False,0.8282267147199888,False
DEAF1,380,0.01462092422960532,0.7763410266166526,False,0.8282397720210739,False
PAX8,380,0.014452511828126192,0.7788501232612004,False,0.8298661296972112,False
GSX2,380,0.014446639577373917,0.778937652745509,False,0.8298661296972112,False
ZNF645,380,-0.014281991312502098,0.7813929687172652,False,0.831025580013717,False
TFAP2D,380,-0.014281991312502098,0.7813929687172652,False,0.831025580013717,False
ZNF765,380,-0.014265671074240246,0.781636462855279,False,0.831025580013717,False
PRDM5,380,0.013969970670058923,0.7860519142212428,False,0.8351464400923018,False
FOXD4,380,0.013930384272254414,0.7866435493780146,False,0.8352017931667809,False
FOXI1,380,-0.013868376677411347,0.7875705251584019,False,0.8356128669946581,False
STAT6,380,0.013386563222751158,0.7947834633725381,False,0.842688220068965,False
ZNF575,380,0.013114023090824862,0.7988712913486802,False,0.846442682414618,False
RBPJL,380,-0.013067013539510909,0.7995769463023559,False,0.8466108843201415,False
LHX2,380,-0.012864016018950616,0.8026259837037352,False,0.849258388771963,False
HOXB8,380,-0.012759100721037593,0.8042029960888462,False,0.8503457909464028,False
RHOXF1,380,0.012540740266323586,0.8074877748093611,False,0.853236228945318,False
PDX1,380,0.012424795070108064,0.8092333082046141,False,0.8544973813784056,False
ZNF580,380,-0.012318420705351784,0.8108355867079482,False,0.8556056497777121,False
HSF1,380,-0.012114851898742746,0.8139040662074782,False,0.8582585112324089,False
HOXA10,380,-0.012067617807514787,0.8146164544270457,False,0.858424963548718,False
FOXN2,380,-0.011962068577585874,0.8162089071674854,False,0.8595179512212703,False
NKX1-2,380,-0.01168204109288772,0.820437413357888,False,0.8633834914194498,False
NEUROG3,380,-0.01154512460710661,0.8225067988339017,False,0.8649731824693477,False
ZNF782,380,0.011126646796996847,0.8288393321227248,False,0.8710409274446558,False
ZNF563,380,0.010870117891751923,0.8327267174166946,False,0.8745325363372071,False
NFE2L2,380,0.010574255698566098,0.837215209669229,False,0.8786502675037061,False
ZNF473,380,-0.010320989690086936,0.8410616826918551,False,0.8812702873269337,False
SOX9,380,-0.010311275944603194,0.8412092859223368,False,0.8812702873269337,False
ARX,380,0.010237560538525958,0.8423295941009886,False,0.8812702873269337,False
SHOX,380,-0.010228178241250765,0.8424722067489623,False,0.8812702873269337,False
FOXN4,380,0.010203278722278794,0.8428507089672522,False,0.8812702873269337,False
ZNF324B,380,0.010185074876933261,0.8431274518935328,False,0.8812702873269337,False
NEUROG1,380,-0.010046518898738362,0.8452344712449575,False,0.8828351078366798,False
ZNF630,380,0.01001163280022551,0.8457651582182146,False,0.8828351078366798,False
TCF7,380,0.009908542128769708,0.8473337788957089,False,0.8838764755596749,False
ZNF184,380,0.009790784968688928,0.8491263008686913,False,0.8851498409055448,False
ZNF735,380,0.00967596013153287,0.8508749350485617,False,0.886375773522997,False
KDM2B,380,0.009635741503412152,0.8514875861066591,False,0.886417473633563,False
ALX1,380,0.009500390254451981,0.8535500478029391,False,0.8879673884401543,False
ZNF233,380,0.009328441034695078,0.8561716205805614,False,0.8900964866747543,False
ZNF596,380,0.008974815144643341,0.8615680129401853,False,0.8951055597526221,False
RAX2,380,-0.00886929825532592,0.863179478374704,False,0.8961782914312821,False
ZNF607,380,-0.008801838944141582,0.8642100219651996,False,0.8966468592507567,False
ZBTB7B,380,0.008663761263466772,0.8663200842515474,False,0.89823408601567,False
HES4,380,0.008499155081618191,0.8688367865308861,False,0.8997315023294291,False
ZBTB45,380,-0.008493273138121395,0.86892674159076,False,0.8997315023294291,False
FEZF2,380,0.008433621300621518,0.8698391177478195,False,0.9000741672952036,False
NKX2-4,380,-0.008208947174353196,0.8732770529725935,False,0.9028966575688927,False
PKNOX1,380,-0.008179140676446942,0.8737333288360474,False,0.9028966575688927,False
TBPL2,380,-0.008116861274333408,0.8746868325677126,False,0.9032789972080181,False
INSM1,380,0.007839133975104263,0.8789410520812315,False,0.907067165747831,False
CPXCR1,380,-0.007599730770827897,0.8826110247160462,False,0.9102477456765087,False
ZNF263,380,-0.00750938084875787,0.883996716374699,False,0.9110698514966938,False
SP140,380,-0.007284646808626388,0.8874449741850485,False,0.9140151829929841,False
MAFA,380,-0.007132586627513631,0.8897793524592807,False,0.9158101313876107,False
ZNF341,380,0.006883142451766382,0.8936107910436992,False,0.9191425279306621,False
LIN28A,380,-0.006733514693886343,0.8959102519634524,False,0.9208957968389272,False
DR1,380,-0.0065071202810426864,0.8993911036840894,False,0.9238602710703188,False
VSX2,380,-0.006449855077360723,0.9002718739412876,False,0.9241517644967594,False
ZBTB7A,380,-0.006397354549965464,0.901079468376188,False,0.9243678045370041,False
PROP1,380,-0.006276960957851076,0.9029318182348809,False,0.9256546057136394,False
IRF9,380,0.006190935529267053,0.9042557099817807,False,0.9259114469165662,False
ZNF664,380,0.006182949645002746,0.9043786225696693,False,0.9259114469165662,False
TPRX1,380,0.006119804261876497,0.9053505878618154,False,0.9259765623046297,False
ZBTB5,380,-0.006101096400819042,0.9056385757940628,False,0.9259765623046297,False
DBX1,380,0.005622921280799275,0.9130036726268398,False,0.9328908813375235,False
ZBTB7C,380,-0.005580265675233183,0.9136610471528955,False,0.9329467684648299,False
KLF5,380,-0.005470312545381656,0.915355828241204,False,0.9340611879481765,False
HES2,380,-0.005292137226634465,0.9181029740844855,False,0.9362473016355624,False
ZNF562,380,-0.004930103559859334,0.9236878542492966,False,0.9413224479117255,False
GMEB2,380,-0.004773414267308322,0.9261061862242156,False,0.9431455642419576,False
ZNF277,380,0.004735247661507352,0.926695350912156,False,0.9431455642419576,False
ANKZF1,380,0.0040208024121779614,0.9377310354185249,False,0.9535118161779902,False
PAX5,380,0.00399610668523619,0.9381127235394567,False,0.9535118161779902,False
TBX10,380,0.0039498644309911264,0.9388274649260713,False,0.953612149413096,False
ARID3C,380,-0.0037904662659368022,0.9412915683807759,False,0.955074215517164,False
ZNF26,380,0.0037769325547362615,0.9415008093534833,False,0.955074215517164,False
PLAGL2,380,-0.003537065128511517,0.9452099874440413,False,0.9582089460139986,False
ZNF124,380,0.0033677590351483557,0.9478287610289429,False,0.9602348966445049,False
MYCN,380,-0.0031629494684227996,0.9509974390518507,False,0.9628149350243721,False
AKNA,380,-0.002998003190728453,0.9535499421743678,False,0.9647681767881839,False
ZNF354B,380,0.0029103612348138075,0.954906374664335,False,0.9649862731529096,False
EGR4,380,-0.0029035204518302353,0.9550122548257478,False,0.9649862731529096,False
ZNF658,380,-0.002666192103503391,0.9586860484168834,False,0.9680665381274205,False
ELK1,380,-0.002559299086103941,0.9603410203248189,False,0.9690691459628239,False
ZNF774,380,-0.0025211976000262537,0.9609309683804488,False,0.9690691459628239,False
NHLH1,380,0.0021891290498437022,0.966073451145935,False,0.9736208999830126,False
SP5,380,0.00208720031622953,0.9676522325989279,False,0.9745775250898766,False
JUNB,380,0.002014084706077555,0.9687848036671617,False,0.9750474680415838,False
LIN28B,380,-0.0019757533204874033,0.9693785874134351,False,0.9750474680415838,False
PRDM14,380,-0.0018299249505126629,0.9716377369464655,False,0.9766852057098238,False
HOXA13,380,-0.0017839851494603409,0.9723494767261452,False,0.9767663789565689,False
NR2E1,380,-0.00137035547911094,0.9787587111336723,False,0.9825671107878889,False
UBP1,380,0.0012664449385466272,0.9803690465434822,False,0.9835458743028584,False
ZNF574,380,-0.001215495977258115,0.9811586486694257,False,0.9837005104535433,False
PAX2,380,0.0011461065313492758,0.9822340690841613,False,0.9840504625994885,False
LHX3,380,-0.0011109415717956,0.9827790795728741,False,0.9840504625994885,False
EOMES,380,-0.0010168416383215357,0.9842375430978723,False,0.9848737664612193,False
TRAFD1,380,0.0005928785791461392,0.990809165982693,False,0.990809165982693,False
