,organism,dataset,Sex,age.at.diagnosis (year),tnm.stage,tnm.t,tnm.n,tnm.m,tumor.location,chemotherapy.adjuvant,chemotherapy.adjuvant.type,rfs.event,rfs.delay,os.event,os.delay (months),mmr.status,cimp.status,cin.status,tp53.mutation,tp53.mutation.dna,tp53.mutation.exon.number,tp53.mutation.protein,kras.mutation,kras.mutation.dna,kras.mutation.exon.number,kras.mutation.protein,braf.mutation,braf.mutation.dna,braf.mutation.exon.number,braf.mutation.protein,cit.molecularsubtype,dependancy sample,rna.extraction.method
GSM971957,Homo sapiens,discovery,Male,34.5,4,T4,N2,M1,distal,N,N/A,1,0,1,10,pMMR,-,+,M,N/A,N/A,N/A,M,c.35G>A,c.35G>A,p.G12D,WT,N/A,N/A,N/A,C5,N/A,Manual-Trizol
GSM971958,Homo sapiens,discovery,Female,36.4,4,T3,N2,M1,distal,N,N/A,1,0,1,9,pMMR,-,-,WT,N/A,N/A,N/A,WT,N/A,N/A,N/A,WT,N/A,N/A,N/A,C4,N/A,Manual-Trizol
GSM971959,Homo sapiens,discovery,Male,36.9,2,T4,N0,M0,proximal,N,N/A,1,4,0,52,pMMR,-,-,M,N/A,N/A,N/A,WT,N/A,N/A,N/A,WT,N/A,N/A,N/A,C3,N/A,Manual-Trizol
GSM971960,Homo sapiens,discovery,Female,38.2,1,T2,N0,M0,distal,N,N/A,0,74,0,74,pMMR,-,+,M,N/A,N/A,N/A,WT,N/A,N/A,N/A,WT,N/A,N/A,N/A,C1,N/A,Manual-Trizol
GSM971961,Homo sapiens,discovery,Female,39.2,4,T3,N1,M1,distal,Y,N/A,1,1,1,32,pMMR,-,N/A,M,N/A,N/A,N/A,WT,N/A,N/A,N/A,WT,N/A,N/A,N/A,C4,N/A,Manual-Trizol
GSM971962,Homo sapiens,discovery,Male,60.9,3,T4,N2,M0,proximal,Y,N/A,0,73,0,73,dMMR,-,+,WT,N/A,N/A,N/A,WT,N/A,N/A,N/A,WT,N/A,N/A,N/A,C4,N/A,Manual-Trizol
GSM971963,Homo sapiens,discovery,Male,78.2,2,T3,N0,M0,proximal,Y,N/A,1,17,1,20,dMMR,-,N/A,WT,N/A,N/A,N/A,WT,N/A,N/A,N/A,WT,N/A,N/A,N/A,C2,N/A,Manual-Trizol
GSM971964,Homo sapiens,discovery,Female,35.4,3,T2,N2,M0,distal,N,N/A,0,35,0,35,pMMR,-,-,M,N/A,N/A,N/A,WT,N/A,N/A,N/A,WT,N/A,N/A,N/A,C1,N/A,Manual-Trizol
GSM971965,Homo sapiens,discovery,Female,37.5,2,T3,N0,M0,distal,N,N/A,0,33,0,33,pMMR,-,+,WT,N/A,N/A,N/A,M,c.35G>A,c.35G>A,p.G12D,WT,N/A,N/A,N/A,C1,N/A,Manual-Trizol
GSM971966,Homo sapiens,discovery,Female,40.5,3,T3,N1,M0,distal,N,N/A,0,63,0,63,N/A,-,+,M,N/A,N/A,N/A,M,c.35G>T,c.35G>T,p.G12V,WT,N/A,N/A,N/A,C5,N/A,Manual-Trizol
GSM971967,Homo sapiens,discovery,Male,42.6,2,T3,N0,M0,proximal,N,N/A,N/A,31,1,31,pMMR,-,-,WT,N/A,N/A,N/A,M,c.35G>A,c.35G>A,p.G12D,WT,N/A,N/A,N/A,C3,N/A,Manual-Trizol
GSM971968,Homo sapiens,discovery,Female,44.9,2,T4,N0,M0,proximal,N,N/A,1,93,0,112,pMMR,-,+,M,N/A,N/A,N/A,M,c.35G>A,c.35G>A,p.G12D,WT,N/A,N/A,N/A,C4,N/A,Manual-Trizol
GSM971969,Homo sapiens,discovery,Male,30.2,1,T1,N0,M0,distal,N,N/A,0,63,0,63,dMMR,-,N/A,WT,N/A,N/A,N/A,WT,N/A,N/A,N/A,WT,N/A,N/A,N/A,C2,N/A,Manual-Trizol
GSM971970,Homo sapiens,discovery,Female,31.7,1,T2,N0,M0,proximal,N,N/A,0,86,0,86,dMMR,-,-,WT,N/A,N/A,N/A,M,c.35G>C,c.35G>C,p.G12A,WT,N/A,N/A,N/A,C3,N/A,Manual-Trizol
GSM971971,Homo sapiens,discovery,Female,34.7,4,T4,N2,M1,proximal,N,N/A,0,65,0,65,dMMR,-,+,WT,N/A,N/A,N/A,M,c.38G>A,c.38G>A,p.G13D,WT,N/A,N/A,N/A,C2,N/A,Manual-Trizol
GSM971972,Homo sapiens,discovery,Male,40.2,1,T2,N0,M0,distal,N,N/A,0,75,0,75,dMMR,-,+,WT,N/A,N/A,N/A,WT,N/A,N/A,N/A,WT,N/A,N/A,N/A,C1,N/A,Manual-Trizol
GSM971973,Homo sapiens,discovery,Male,24.9,2,T3,N0,M0,distal,N,N/A,0,46,0,46,pMMR,-,+,WT,N/A,N/A,N/A,WT,N/A,N/A,N/A,WT,N/A,N/A,N/A,C5,N/A,Manual-Trizol
GSM971974,Homo sapiens,discovery,Female,40.7,4,T4,N1,M1,distal,N,N/A,0,56,0,56,pMMR,-,+,M,N/A,N/A,N/A,M,c.35G>A,c.35G>A,p.G12D,WT,N/A,N/A,N/A,C3,N/A,Manual-Trizol
GSM971975,Homo sapiens,discovery,Female,41.9,2,T3,N0,M0,distal,N,N/A,0,46,0,46,pMMR,-,+,WT,N/A,N/A,N/A,WT,N/A,N/A,N/A,WT,N/A,N/A,N/A,C1,N/A,Manual-Trizol
GSM971976,Homo sapiens,discovery,Female,45.2,2,T4,N0,M0,distal,N,N/A,0,36,0,36,N/A,-,+,M,N/A,N/A,N/A,WT,N/A,N/A,N/A,WT,N/A,N/A,N/A,C5,N/A,Manual-Trizol
GSM971977,Homo sapiens,discovery,Female,40.8,3,T4,N1,M0,proximal,N,N/A,0,49,0,49,dMMR,-,+,WT,N/A,N/A,N/A,M,c.38G>A,c.38G>A,p.G13D,WT,N/A,N/A,N/A,C2,N/A,Manual-Trizol
GSM971978,Homo sapiens,discovery,Female,71.4,1,T2,N0,M0,proximal,N,N/A,0,109,0,109,dMMR,N/A,-,M,N/A,N/A,N/A,M,c.38G>A,c.38G>A,p.G13D,WT,N/A,N/A,N/A,C2,N/A,Manual-Trizol
GSM971979,Homo sapiens,discovery,Female,66.4,2,T3,N0,M0,proximal,N,N/A,0,53,0,53,dMMR,+,+,WT,N/A,N/A,N/A,WT,N/A,N/A,N/A,WT,N/A,N/A,N/A,C2,N/A,Manual-Trizol
GSM971980,Homo sapiens,discovery,Male,76.9,3,T4,N1,M0,proximal,N,N/A,0,59,0,59,dMMR,+,N/A,WT,N/A,N/A,N/A,WT,N/A,N/A,N/A,M,c.1799T>A,c.1799T>A,p.V600E,C2,N/A,Manual-Trizol
GSM971981,Homo sapiens,discovery,Male,81.8,2,T3,N0,M0,proximal,N,N/A,0,48,0,48,dMMR,-,+,WT,N/A,N/A,N/A,M,c.35G>A,c.35G>A,p.G12D,WT,N/A,N/A,N/A,C2,N/A,Manual-Trizol
GSM971982,Homo sapiens,discovery,Male,79.3,3,T4,N2,M0,proximal,N,N/A,0,42,1,42,dMMR,+,+,M,N/A,N/A,N/A,M,c.38G>A,c.38G>A,p.G13D,WT,N/A,N/A,N/A,C2,N/A,Manual-Trizol
GSM971983,Homo sapiens,discovery,Male,75.3,3,T3,N1,M0,proximal,N,N/A,0,87,0,87,dMMR,+,+,M,N/A,N/A,N/A,WT,N/A,N/A,N/A,M,c.1799T>A,c.1799T>A,p.V600E,C2,N/A,Manual-Trizol
GSM971984,Homo sapiens,discovery,Female,68,2,T4,N0,M0,proximal,N,N/A,1,5,0,81,dMMR,+,+,WT,N/A,N/A,N/A,WT,N/A,N/A,N/A,M,c.1799T>A,c.1799T>A,p.V600E,C2,N/A,Manual-Trizol
GSM971985,Homo sapiens,discovery,Male,66.6,0,T0,N0,M0,proximal,N,N/A,0,7,0,7,pMMR,-,+,WT,N/A,N/A,N/A,M,c.38G>A,c.38G>A,p.G13D,WT,N/A,N/A,N/A,C3,N/A,Manual-Trizol
GSM971986,Homo sapiens,discovery,Male,66.3,2,T3,N0,M0,proximal,N,N/A,0,68,0,68,pMMR,-,N/A,M,N/A,N/A,N/A,WT,N/A,N/A,N/A,WT,N/A,N/A,N/A,C5,N/A,Manual-Trizol
GSM971987,Homo sapiens,discovery,Male,66.7,2,T3,N0,M0,proximal,N,N/A,0,68,0,68,pMMR,-,+,WT,N/A,N/A,N/A,WT,N/A,N/A,N/A,WT,N/A,N/A,N/A,C6,N/A,Manual-Trizol
GSM971988,Homo sapiens,discovery,Female,77.2,4,T4,N1,M1,proximal,N,N/A,1,15,1,18,pMMR,+,-,M,N/A,N/A,N/A,WT,N/A,N/A,N/A,M,c.1799T>A,c.1799T>A,p.V600E,C2,N/A,Manual-Trizol
GSM971989,Homo sapiens,discovery,Male,71.3,1,T2,N0,M0,proximal,N,N/A,1,16,1,24,pMMR,-,-,WT,N/A,N/A,N/A,M,c.35G>A,c.35G>A,p.G12D,WT,N/A,N/A,N/A,C3,N/A,Manual-Trizol
GSM971990,Homo sapiens,discovery,Male,83.1,1,T2,N0,M0,proximal,N,N/A,0,12,1,12,pMMR,+,+,WT,N/A,N/A,N/A,M,c.38G>A,c.38G>A,p.G13D,WT,N/A,N/A,N/A,C3,N/A,Manual-Trizol
GSM971991,Homo sapiens,discovery,Male,71.3,2,T3,N0,M0,distal,N,N/A,0,55,1,55,pMMR,-,N/A,M,N/A,N/A,N/A,WT,N/A,N/A,N/A,WT,N/A,N/A,N/A,C5,N/A,Manual-Trizol
GSM971992,Homo sapiens,discovery,Male,85.6,2,T4,N0,M0,distal,N,N/A,0,20,1,20,pMMR,-,N/A,WT,N/A,N/A,N/A,WT,N/A,N/A,N/A,WT,N/A,N/A,N/A,C1,N/A,Manual-Trizol
GSM971993,Homo sapiens,discovery,Male,67.5,2,T3,N0,M0,distal,N,N/A,0,56,0,56,pMMR,-,+,WT,N/A,N/A,N/A,M,c.34G>A,c.34G>A,p.G12S,WT,N/A,N/A,N/A,C3,N/A,Manual-Trizol
GSM971994,Homo sapiens,discovery,Male,80.9,2,T3,N0,M0,proximal,N,N/A,0,43,0,43,pMMR,-,+,M,N/A,N/A,N/A,WT,N/A,N/A,N/A,WT,N/A,N/A,N/A,C5,N/A,Manual-Trizol
GSM971995,Homo sapiens,discovery,Female,61.8,2,T4,N0,M0,distal,N,N/A,0,25,0,25,pMMR,-,-,WT,N/A,N/A,N/A,WT,N/A,N/A,N/A,WT,N/A,N/A,N/A,C6,N/A,Manual-Trizol
GSM971996,Homo sapiens,discovery,Female,63,3,T3,N1,M0,proximal,N,N/A,0,76,0,76,pMMR,-,-,WT,N/A,N/A,N/A,WT,N/A,N/A,N/A,WT,N/A,N/A,N/A,C4,N/A,Manual-Trizol
GSM971997,Homo sapiens,discovery,Male,72,3,T3,N2,M0,proximal,N,N/A,0,89,0,89,pMMR,+,+,M,N/A,N/A,N/A,WT,N/A,N/A,N/A,M,c.1799T>A,c.1799T>A,p.V600E,C2,N/A,Manual-Trizol
GSM971998,Homo sapiens,discovery,Male,74.8,3,T3,N1,M0,proximal,N,N/A,1,18,1,23,pMMR,-,+,WT,N/A,N/A,N/A,M,c.35G>A,c.35G>A,p.G12D,WT,N/A,N/A,N/A,C6,N/A,Manual-Trizol
GSM971999,Homo sapiens,discovery,Male,61.5,3,T3,N1,M0,distal,N,N/A,0,1,0,1,pMMR,-,+,M,N/A,N/A,N/A,WT,N/A,N/A,N/A,WT,N/A,N/A,N/A,C6,N/A,Manual-Trizol
GSM972000,Homo sapiens,discovery,Female,76.4,3,T3,N2,M0,distal,Y,N/A,1,9,0,9,pMMR,-,+,WT,N/A,N/A,N/A,WT,N/A,N/A,N/A,WT,N/A,N/A,N/A,C5,N/A,Manual-Trizol
GSM972001,Homo sapiens,discovery,Male,71.5,3,T2,N1,M0,distal,N,N/A,0,73,0,73,pMMR,-,-,M,N/A,N/A,N/A,WT,N/A,N/A,N/A,WT,N/A,N/A,N/A,C1,N/A,Manual-Trizol
GSM972002,Homo sapiens,discovery,Male,77.8,3,T4,N1,M0,distal,N,N/A,1,25,0,26,pMMR,-,+,M,N/A,N/A,N/A,M,c.35G>A,c.35G>A,p.G12D,WT,N/A,N/A,N/A,C3,N/A,Manual-Trizol
GSM972003,Homo sapiens,discovery,Male,64.6,4,T3,N2,M1,proximal,Y,N/A,1,0,1,27,pMMR,-,-,WT,N/A,N/A,N/A,M,c.35G>T,c.35G>T,p.G12V,WT,N/A,N/A,N/A,C1,N/A,Manual-Trizol
GSM972004,Homo sapiens,discovery,Female,62.9,4,T3,N1,M1,proximal,N,N/A,0,89,0,89,pMMR,-,+,M,N/A,N/A,N/A,M,c.35G>A,c.35G>A,p.G12D,WT,N/A,N/A,N/A,C1,N/A,Manual-Trizol
GSM972005,Homo sapiens,discovery,Male,66.1,4,T4,N1,M1,proximal,N,N/A,1,0,0,44,pMMR,-,+,M,N/A,N/A,N/A,M,c.38G>A,c.38G>A,p.G13D,WT,N/A,N/A,N/A,C3,N/A,Manual-Trizol
GSM972006,Homo sapiens,discovery,Female,67.5,4,T3,N0,M1,distal,Y,N/A,1,0,1,23,pMMR,-,+,WT,N/A,N/A,N/A,WT,N/A,N/A,N/A,WT,N/A,N/A,N/A,C5,N/A,Manual-Trizol
GSM972007,Homo sapiens,discovery,Male,71,4,T4,N2,M1,proximal,N,N/A,0,2,1,2,pMMR,+,+,WT,N/A,N/A,N/A,WT,N/A,N/A,N/A,M,N/A,N/A,N/A,C4,N/A,Manual-Trizol
GSM972008,Homo sapiens,discovery,Male,67.3,4,T4,N2,M1,distal,N,N/A,1,2,1,72,pMMR,+,N/A,M,N/A,N/A,N/A,WT,N/A,N/A,N/A,M,N/A,N/A,N/A,C4,N/A,Manual-Trizol
GSM972009,Homo sapiens,discovery,Male,68.1,4,T3,N2,M1,distal,N,N/A,1,0,1,10,pMMR,-,-,M,N/A,N/A,N/A,M,c.35G>A,c.35G>A,p.G12D,WT,N/A,N/A,N/A,C6,N/A,Manual-Trizol
GSM972010,Homo sapiens,discovery,Male,74.5,4,T3,N1,M1,distal,N,N/A,1,10,1,46,pMMR,-,-,WT,N/A,N/A,N/A,M,c.35G>A,c.35G>A,p.G12D,WT,N/A,N/A,N/A,C5,N/A,Manual-Trizol
GSM972011,Homo sapiens,discovery,Female,75.3,4,T4,N1,M1,distal,N,N/A,1,18,1,20,pMMR,+,-,WT,N/A,N/A,N/A,WT,N/A,N/A,N/A,M,c.1799T>A,c.1799T>A,p.V600E,C4,N/A,Manual-Trizol
GSM972012,Homo sapiens,discovery,Female,86.8,4,T3,N1,M1,proximal,N,N/A,0,101,0,101,pMMR,-,+,WT,N/A,N/A,N/A,M,c.38G>A,c.38G>A,p.G13D,WT,N/A,N/A,N/A,C3,N/A,Manual-Trizol
GSM972013,Homo sapiens,discovery,Female,89.4,4,T2,N1,M1,distal,N,N/A,0,43,1,43,pMMR,-,-,WT,N/A,N/A,N/A,WT,N/A,N/A,N/A,WT,N/A,N/A,N/A,C5,N/A,Manual-Trizol
GSM972014,Homo sapiens,discovery,Male,65.8,4,T3,N0,M1,distal,Y,N/A,1,0,1,29,pMMR,-,-,M,N/A,N/A,N/A,WT,N/A,N/A,N/A,WT,N/A,N/A,N/A,C5,N/A,Manual-Trizol
GSM972015,Homo sapiens,discovery,Female,92.4,2,T3,N0,M0,distal,N,N/A,0,91,0,91,dMMR,+,-,WT,N/A,N/A,N/A,M,c.34G>T,c.34G>T,p.G12C,WT,N/A,N/A,N/A,C2,N/A,Manual-Trizol
GSM972016,Homo sapiens,discovery,Female,74.5,2,T3,N0,M0,proximal,N,N/A,1,14,1,16,dMMR,-,-,M,N/A,N/A,N/A,WT,N/A,N/A,N/A,WT,N/A,N/A,N/A,C2,N/A,Manual-Trizol
GSM972017,Homo sapiens,discovery,Female,73,3,T3,N2,M0,proximal,Y,5FU,0,43,0,43,pMMR,-,+,N/A,N/A,N/A,N/A,M,c.38G>A,c.38G>A,N/A,WT,N/A,N/A,N/A,C1,N/A,Manual-Cesium Chloride
GSM972018,Homo sapiens,discovery,Female,68,3,T2,N2,M0,distal,Y,5FU,0,117,0,117,pMMR,-,+,N/A,N/A,N/A,N/A,WT,N/A,N/A,N/A,WT,N/A,N/A,N/A,C5,N/A,Manual-Cesium Chloride
GSM972019,Homo sapiens,discovery,Male,54,3,T3,N3,M0,proximal,Y,5FU,1,21,1,25,pMMR,+,+,N/A,N/A,N/A,N/A,WT,N/A,N/A,N/A,M,N/A,N/A,N/A,C4,N/A,Manual-Cesium Chloride
GSM972020,Homo sapiens,discovery,Female,49,3,T3,N2,M0,distal,Y,5FU,1,9,0,78,pMMR,-,+,N/A,N/A,N/A,N/A,WT,N/A,N/A,N/A,WT,N/A,N/A,N/A,C6,N/A,Manual-Cesium Chloride
GSM972021,Homo sapiens,discovery,Female,58,3,T3,N2,M0,distal,Y,5FU,1,5,1,37,pMMR,-,+,N/A,N/A,N/A,N/A,WT,N/A,N/A,N/A,WT,N/A,N/A,N/A,C2,N/A,Manual-Cesium Chloride
GSM972022,Homo sapiens,discovery,Female,76,3,T3,N2,M0,proximal,Y,5FU,0,82,0,82,pMMR,-,+,N/A,N/A,N/A,N/A,M,c.34G>T,c.34G>T,N/A,WT,N/A,N/A,N/A,C1,N/A,Manual-Cesium Chloride
GSM972023,Homo sapiens,discovery,Female,59,3,T3,N1,M0,distal,Y,5FU,1,6,0,16,pMMR,-,+,N/A,N/A,N/A,N/A,M,c.35G>C,c.35G>C,N/A,WT,N/A,N/A,N/A,C3,N/A,Manual-Cesium Chloride
GSM972024,Homo sapiens,discovery,Male,62,3,T2,N2,M0,distal,Y,5FU,1,37,0,43,pMMR,-,+,N/A,N/A,N/A,N/A,WT,N/A,N/A,N/A,WT,N/A,N/A,N/A,C1,N/A,Manual-Cesium Chloride
GSM972025,Homo sapiens,discovery,Male,49,3,T3,N2,M0,distal,Y,5FU,0,53,0,53,pMMR,-,+,N/A,N/A,N/A,N/A,WT,N/A,N/A,N/A,WT,N/A,N/A,N/A,C1,N/A,Manual-Cesium Chloride
GSM972026,Homo sapiens,discovery,Male,75,3,T3,N2,M0,distal,Y,5FU,1,32,1,34,pMMR,-,+,N/A,N/A,N/A,N/A,WT,N/A,N/A,N/A,N/A,N/A,N/A,N/A,C4,N/A,Manual-Cesium Chloride
GSM972027,Homo sapiens,discovery,Female,70,3,T3,N2,M0,proximal,Y,5FU,0,94,0,94,pMMR,-,+,N/A,N/A,N/A,N/A,WT,N/A,N/A,N/A,WT,N/A,N/A,N/A,C5,N/A,Manual-Cesium Chloride
GSM972028,Homo sapiens,discovery,Female,46,3,T3,N2,M0,proximal,Y,5FU,0,78,0,78,pMMR,+,+,N/A,N/A,N/A,N/A,M,c.35G>A,c.35G>A,N/A,WT,N/A,N/A,N/A,C6,N/A,Manual-Cesium Chloride
GSM972029,Homo sapiens,discovery,Male,58,3,T4,N2,M0,distal,Y,5FU,0,36,0,36,pMMR,-,+,N/A,N/A,N/A,N/A,WT,N/A,N/A,N/A,WT,N/A,N/A,N/A,C6,N/A,Manual-Cesium Chloride
GSM972030,Homo sapiens,discovery,Female,68,3,T3,N3,M0,proximal,Y,5FU,0,52,0,52,pMMR,-,+,N/A,N/A,N/A,N/A,WT,N/A,N/A,N/A,M,N/A,N/A,N/A,C2,N/A,Manual-Cesium Chloride
GSM972031,Homo sapiens,discovery,Male,81,2,T3,N0,M0,distal,N,N/A,0,55,0,55,pMMR,N/A,N/A,N/A,N/A,N/A,N/A,N/A,N/A,N/A,N/A,N/A,N/A,N/A,N/A,C5,N/A,Manual-Rneasy Mini (Qiagen)
GSM972032,Homo sapiens,discovery,Female,64,2,T3,N0,M0,proximal,N,N/A,0,60,0,60,pMMR,-,+,N/A,N/A,N/A,N/A,WT,N/A,N/A,N/A,WT,N/A,N/A,N/A,C5,N/A,Manual-Rneasy Mini (Qiagen)
GSM972033,Homo sapiens,discovery,Female,45,2,T4,N0,M0,distal,N,N/A,0,50,0,50,pMMR,N/A,N/A,N/A,N/A,N/A,N/A,N/A,N/A,N/A,N/A,N/A,N/A,N/A,N/A,C1,N/A,Manual-Rneasy Mini (Qiagen)
GSM972034,Homo sapiens,discovery,Male,77,2,T3,N0,M0,proximal,N,N/A,0,50,0,50,pMMR,-,N/A,N/A,N/A,N/A,N/A,M,c.38G>A,c.38G>A,N/A,WT,N/A,N/A,N/A,C1,N/A,Manual-Rneasy Mini (Qiagen)
GSM972035,Homo sapiens,discovery,Female,94,2,T3,N0,M0,proximal,N,N/A,0,39,0,39,pMMR,-,+,N/A,N/A,N/A,N/A,WT,N/A,N/A,N/A,WT,N/A,N/A,N/A,C1,N/A,Manual-Rneasy Mini (Qiagen)
GSM972036,Homo sapiens,discovery,Female,47,2,T4,N0,M0,proximal,N,N/A,0,50,0,50,pMMR,N/A,N/A,N/A,N/A,N/A,N/A,N/A,N/A,N/A,N/A,N/A,N/A,N/A,N/A,C3,N/A,Manual-Rneasy Mini (Qiagen)
GSM972037,Homo sapiens,discovery,Male,78,2,T4,N0,M0,proximal,N,N/A,0,33,0,33,pMMR,+,-,N/A,N/A,N/A,N/A,M,N/A,N/A,N/A,WT,N/A,N/A,N/A,C3,N/A,Manual-Rneasy Mini (Qiagen)
GSM972038,Homo sapiens,discovery,Male,61,2,T3,N0,M0,distal,N,N/A,0,1,1,1,pMMR,-,+,N/A,N/A,N/A,N/A,WT,N/A,N/A,N/A,WT,N/A,N/A,N/A,C5,N/A,Manual-Rneasy Mini (Qiagen)
GSM972039,Homo sapiens,discovery,Male,65,4,T4,N0,M1,distal,Y,FOLFOX,1,0,1,52,pMMR,-,-,N/A,N/A,N/A,N/A,WT,N/A,N/A,N/A,WT,N/A,N/A,N/A,C4,N/A,Manual-Rneasy Mini (Qiagen)
GSM972040,Homo sapiens,discovery,Male,81,2,T3,N0,M0,distal,N,N/A,0,63,0,63,pMMR,-,+,N/A,N/A,N/A,N/A,WT,N/A,N/A,N/A,WT,N/A,N/A,N/A,C5,N/A,Manual-Rneasy Mini (Qiagen)
GSM972041,Homo sapiens,discovery,Male,78,2,T3,N0,M0,distal,N,N/A,0,55,0,55,pMMR,-,+,N/A,N/A,N/A,N/A,M,c.35G>A,c.35G>A,N/A,WT,N/A,N/A,N/A,C5,N/A,Manual-Rneasy Mini (Qiagen)
GSM972042,Homo sapiens,discovery,Male,83,2,T3,N0,M0,proximal,N,N/A,0,51,0,51,pMMR,-,-,N/A,N/A,N/A,N/A,M,c.35G>A,c.35G>A,N/A,WT,N/A,N/A,N/A,C3,N/A,Manual-Rneasy Mini (Qiagen)
GSM972043,Homo sapiens,discovery,Male,56,4,T3,N0,M1,distal,Y,other,1,0,1,27,pMMR,-,+,N/A,N/A,N/A,N/A,WT,N/A,N/A,N/A,WT,N/A,N/A,N/A,C1,N/A,Manual-Rneasy Mini (Qiagen)
GSM972044,Homo sapiens,discovery,Male,58,2,T4,N0,M0,proximal,Y,FUFOL,0,42,0,42,pMMR,+,+,N/A,N/A,N/A,N/A,WT,N/A,N/A,N/A,WT,N/A,N/A,N/A,C3,N/A,Manual-Rneasy Mini (Qiagen)
GSM972045,Homo sapiens,discovery,Male,71,4,T3,N0,M1,proximal,Y,FOLFIRI,1,0,1,11,pMMR,-,-,N/A,N/A,N/A,N/A,M,c.35G>C,c.35G>C,N/A,WT,N/A,N/A,N/A,C3,N/A,Manual-Rneasy Mini (Qiagen)
GSM972046,Homo sapiens,discovery,Male,54,2,T3,N0,M0,distal,N,N/A,1,21,0,58,pMMR,-,+,N/A,N/A,N/A,N/A,WT,N/A,N/A,N/A,WT,N/A,N/A,N/A,C5,N/A,Manual-Rneasy Mini (Qiagen)
GSM972047,Homo sapiens,discovery,Female,93,2,T3,N0,M0,proximal,N,N/A,0,33,0,33,pMMR,-,+,N/A,N/A,N/A,N/A,M,c.38G>A,c.38G>A,N/A,WT,N/A,N/A,N/A,C5,N/A,Manual-Rneasy Mini (Qiagen)
GSM972048,Homo sapiens,discovery,Female,50,4,T4,N0,M1,distal,Y,N/A,1,0,0,30,pMMR,-,+,N/A,N/A,N/A,N/A,M,c.35G>C,c.35G>C,N/A,WT,N/A,N/A,N/A,C1,N/A,Manual-Rneasy Mini (Qiagen)
GSM972049,Homo sapiens,discovery,Male,79,2,T3,N0,M0,proximal,N,N/A,0,26,0,26,pMMR,-,+,N/A,N/A,N/A,N/A,M,c.34G>T,c.34G>T,N/A,WT,N/A,N/A,N/A,C3,N/A,Manual-Rneasy Mini (Qiagen)
GSM972050,Homo sapiens,discovery,Female,75,2,T3,N0,M0,distal,N,N/A,0,19,0,19,pMMR,-,+,N/A,N/A,N/A,N/A,M,N/A,N/A,N/A,WT,N/A,N/A,N/A,C3,N/A,Manual-Rneasy Mini (Qiagen)
GSM972051,Homo sapiens,discovery,Female,34,4,T3,N0,M1,distal,Y,FOLFOX,1,0,1,28,pMMR,-,+,N/A,N/A,N/A,N/A,M,c.35G>A,c.35G>A,N/A,WT,N/A,N/A,N/A,C4,N/A,Manual-Rneasy Mini (Qiagen)
GSM972052,Homo sapiens,discovery,Male,68,2,T2,N0,M0,distal,N,N/A,0,15,0,15,pMMR,N/A,+,N/A,N/A,N/A,N/A,M,c.34G>T,c.34G>T,N/A,WT,N/A,N/A,N/A,C5,N/A,Manual-Rneasy Mini (Qiagen)
GSM972053,Homo sapiens,discovery,Male,55,2,T2,N0,M0,proximal,N,N/A,0,29,0,29,pMMR,-,+,N/A,N/A,N/A,N/A,WT,N/A,N/A,N/A,WT,N/A,N/A,N/A,C5,N/A,Manual-Rneasy Mini (Qiagen)
GSM972054,Homo sapiens,discovery,Male,82,2,T3,N0,M0,proximal,N,N/A,0,26,0,26,pMMR,-,+,N/A,N/A,N/A,N/A,M,c.34.35delinsAT,c.34.35delinsAT,N/A,WT,N/A,N/A,N/A,C4,N/A,Manual-Rneasy Mini (Qiagen)
GSM972055,Homo sapiens,discovery,Female,31,2,T4,N0,M0,distal,N,N/A,0,93,0,93,N/A,-,-,N/A,N/A,N/A,N/A,WT,N/A,N/A,N/A,WT,N/A,N/A,N/A,C2,N/A,Manual-Rneasy Mini (Qiagen)
GSM972056,Homo sapiens,discovery,Female,78,2,T4,N0,M0,proximal,N,N/A,0,92,0,92,N/A,+,-,N/A,N/A,N/A,N/A,WT,N/A,N/A,N/A,M,N/A,N/A,N/A,C2,N/A,Manual-Rneasy Mini (Qiagen)
GSM972057,Homo sapiens,discovery,Male,70,2,T3,N0,M0,distal,N,N/A,0,26,1,26,N/A,-,+,N/A,N/A,N/A,N/A,WT,N/A,N/A,N/A,WT,N/A,N/A,N/A,C1,N/A,Manual-Rneasy Mini (Qiagen)
GSM972058,Homo sapiens,discovery,Female,75,2,T3,N0,M0,proximal,N,N/A,0,60,0,60,N/A,+,-,N/A,N/A,N/A,N/A,WT,N/A,N/A,N/A,M,N/A,N/A,N/A,C2,N/A,Manual-Rneasy Mini (Qiagen)
GSM972059,Homo sapiens,discovery,Female,76,2,T3,N0,M0,distal,N,N/A,0,59,0,59,N/A,+,-,N/A,N/A,N/A,N/A,WT,N/A,N/A,N/A,M,N/A,N/A,N/A,C2,N/A,Manual-Rneasy Mini (Qiagen)
GSM972060,Homo sapiens,discovery,Male,66,2,T3,N0,M0,distal,N,N/A,0,82,0,82,N/A,-,+,N/A,N/A,N/A,N/A,WT,N/A,N/A,N/A,WT,N/A,N/A,N/A,C5,N/A,Manual-Rneasy Mini (Qiagen)
GSM972061,Homo sapiens,discovery,Female,78,2,T4,N0,M0,distal,N,N/A,0,43,1,43,N/A,-,+,N/A,N/A,N/A,N/A,WT,N/A,N/A,N/A,WT,N/A,N/A,N/A,C1,N/A,Manual-Rneasy Mini (Qiagen)
GSM972062,Homo sapiens,discovery,Female,43,2,T4,N0,M0,distal,Y,FOLFOX,1,0,1,23,pMMR,-,+,N/A,N/A,N/A,N/A,M,c.35G>T,c.35G>T,N/A,WT,N/A,N/A,N/A,C6,N/A,Manual-Rneasy Mini (Qiagen)
GSM972063,Homo sapiens,discovery,Male,54,2,T3,N0,M0,distal,N,N/A,0,70,0,70,N/A,-,+,N/A,N/A,N/A,N/A,M,c.38G>A,c.38G>A,N/A,WT,N/A,N/A,N/A,C1,N/A,Manual-Rneasy Mini (Qiagen)
GSM972064,Homo sapiens,discovery,Male,60,4,T4,N0,M1,distal,Y,FOLFIRI,1,0,1,22,N/A,-,+,N/A,N/A,N/A,N/A,M,c.35G>A,c.35G>A,N/A,WT,N/A,N/A,N/A,C4,N/A,Manual-Rneasy Mini (Qiagen)
GSM972065,Homo sapiens,discovery,Male,48,2,T3,N0,M0,distal,Y,FUFOL,0,46,0,46,N/A,-,+,N/A,N/A,N/A,N/A,WT,N/A,N/A,N/A,WT,N/A,N/A,N/A,C1,N/A,Manual-Rneasy Mini (Qiagen)
GSM972066,Homo sapiens,discovery,Male,69,4,T4,N0,M1,distal,Y,FOLFOX,1,0,0,49,N/A,-,+,N/A,N/A,N/A,N/A,WT,N/A,N/A,N/A,WT,N/A,N/A,N/A,C1,N/A,Manual-Rneasy Mini (Qiagen)
GSM972067,Homo sapiens,discovery,Female,83,2,T3,N0,M0,distal,N,N/A,0,183,1,183,N/A,-,+,N/A,N/A,N/A,N/A,WT,N/A,N/A,N/A,WT,N/A,N/A,N/A,C5,N/A,Manual-Rneasy Mini (Qiagen)
GSM972068,Homo sapiens,discovery,Male,44,2,T4,N0,M0,distal,Y,FUFOL,1,3,1,22,N/A,-,+,N/A,N/A,N/A,N/A,M,c.35G>A,c.35G>A,N/A,WT,N/A,N/A,N/A,C4,N/A,Manual-Rneasy Mini (Qiagen)
GSM972069,Homo sapiens,discovery,Male,68,2,T3,N0,M0,proximal,N,N/A,0,201,0,201,N/A,-,+,N/A,N/A,N/A,N/A,M,c.38G>A,c.38G>A,N/A,WT,N/A,N/A,N/A,C5,N/A,Manual-Rneasy Mini (Qiagen)
GSM972070,Homo sapiens,discovery,Female,64,2,T4,N0,M0,distal,Y,FUFOL,0,68,1,68,N/A,-,+,N/A,N/A,N/A,N/A,M,c.35G>T,c.35G>T,N/A,WT,N/A,N/A,N/A,C6,N/A,Manual-Rneasy Mini (Qiagen)
GSM972071,Homo sapiens,discovery,Female,68,2,T3,N0,M0,distal,N,N/A,0,183,0,183,N/A,-,+,N/A,N/A,N/A,N/A,WT,N/A,N/A,N/A,WT,N/A,N/A,N/A,C5,N/A,Manual-Rneasy Mini (Qiagen)
GSM972072,Homo sapiens,discovery,Female,70,2,T4,N0,M0,proximal,N,N/A,0,172,0,172,N/A,+,+,N/A,N/A,N/A,N/A,WT,N/A,N/A,N/A,M,N/A,N/A,N/A,C4,N/A,Manual-Rneasy Mini (Qiagen)
GSM972073,Homo sapiens,discovery,Female,80,2,T3,N0,M0,proximal,N,N/A,0,163,0,163,N/A,+,+,N/A,N/A,N/A,N/A,M,c.35G>A,c.35G>A,N/A,WT,N/A,N/A,N/A,C4,N/A,Manual-Rneasy Mini (Qiagen)
GSM972074,Homo sapiens,discovery,Female,70,2,T4,N0,M0,distal,Y,FUFOL,1,1,1,75,N/A,-,N/A,N/A,N/A,N/A,N/A,WT,N/A,N/A,N/A,WT,N/A,N/A,N/A,C1,N/A,Manual-Rneasy Mini (Qiagen)
GSM972075,Homo sapiens,discovery,Male,42,2,T4,N0,M0,distal,N,N/A,0,44,1,44,N/A,-,+,N/A,N/A,N/A,N/A,WT,N/A,N/A,N/A,WT,N/A,N/A,N/A,C2,N/A,Manual-Rneasy Mini (Qiagen)
GSM972076,Homo sapiens,discovery,Male,48,2,T3,N0,M0,proximal,N,N/A,0,153,0,153,N/A,-,-,N/A,N/A,N/A,N/A,WT,N/A,N/A,N/A,WT,N/A,N/A,N/A,C2,N/A,Manual-Rneasy Mini (Qiagen)
GSM972077,Homo sapiens,discovery,Female,58,2,T3,N0,M0,distal,N,N/A,1,26,1,31,N/A,-,+,N/A,N/A,N/A,N/A,M,c.35G>T,c.35G>T,N/A,WT,N/A,N/A,N/A,C6,N/A,Manual-Rneasy Mini (Qiagen)
GSM972078,Homo sapiens,discovery,Male,63,2,T3,N0,M0,distal,Y,FOLFOX,1,54,1,145,N/A,-,+,N/A,N/A,N/A,N/A,WT,N/A,N/A,N/A,WT,N/A,N/A,N/A,C5,N/A,Manual-Rneasy Mini (Qiagen)
GSM972079,Homo sapiens,discovery,Male,44,2,T3,N0,M0,distal,Y,5FU,0,168,0,168,N/A,-,+,N/A,N/A,N/A,N/A,WT,N/A,N/A,N/A,WT,N/A,N/A,N/A,C2,N/A,Manual-Rneasy Mini (Qiagen)
GSM972080,Homo sapiens,discovery,Male,61,2,T4,N0,M0,distal,Y,other,1,53,0,165,N/A,+,+,N/A,N/A,N/A,N/A,M,c.35G>T,c.35G>T,N/A,WT,N/A,N/A,N/A,C2,N/A,Manual-Rneasy Mini (Qiagen)
GSM972081,Homo sapiens,discovery,Female,68,2,T3,N0,M0,distal,N,N/A,0,26,0,26,N/A,-,+,N/A,N/A,N/A,N/A,M,c.35G>C,c.35G>C,N/A,WT,N/A,N/A,N/A,C1,N/A,Manual-Rneasy Mini (Qiagen)
GSM972082,Homo sapiens,discovery,Male,75,2,T3,N0,M0,distal,Y,other,1,119,1,132,N/A,-,+,N/A,N/A,N/A,N/A,M,c.38G>A,c.38G>A,N/A,WT,N/A,N/A,N/A,C2,N/A,Manual-Rneasy Mini (Qiagen)
GSM972083,Homo sapiens,discovery,Female,65,2,T3,N0,M0,distal,N,N/A,0,127,0,127,N/A,-,+,N/A,N/A,N/A,N/A,WT,N/A,N/A,N/A,WT,N/A,N/A,N/A,C5,N/A,Manual-Rneasy Mini (Qiagen)
GSM972084,Homo sapiens,discovery,Female,73,2,T3,N0,M0,distal,N,N/A,0,129,0,129,N/A,-,-,N/A,N/A,N/A,N/A,WT,N/A,N/A,N/A,WT,N/A,N/A,N/A,C6,N/A,Manual-Rneasy Mini (Qiagen)
GSM972085,Homo sapiens,discovery,Male,56,2,T3,N0,M0,proximal,N,N/A,0,97,0,97,N/A,-,+,N/A,N/A,N/A,N/A,WT,N/A,N/A,N/A,WT,N/A,N/A,N/A,C1,N/A,Manual-Rneasy Mini (Qiagen)
GSM972086,Homo sapiens,discovery,Male,81,2,T3,N0,M0,distal,N,N/A,0,43,1,43,pMMR,-,+,N/A,N/A,N/A,N/A,WT,N/A,N/A,N/A,WT,N/A,N/A,N/A,C1,N/A,Manual-Rneasy Mini (Qiagen)
GSM972087,Homo sapiens,discovery,Female,84,2,T3,N0,M0,proximal,N,N/A,1,8,1,32,pMMR,-,+,N/A,N/A,N/A,N/A,WT,N/A,N/A,N/A,WT,N/A,N/A,N/A,C1,N/A,Manual-Rneasy Mini (Qiagen)
GSM972088,Homo sapiens,discovery,Female,73,2,T4,N0,M0,distal,N,N/A,0,79,0,79,pMMR,-,-,N/A,N/A,N/A,N/A,WT,N/A,N/A,N/A,WT,N/A,N/A,N/A,C6,N/A,Manual-Rneasy Mini (Qiagen)
GSM972089,Homo sapiens,discovery,Female,68,2,T3,N0,M0,proximal,N,N/A,0,87,0,87,pMMR,+,-,N/A,N/A,N/A,N/A,WT,N/A,N/A,N/A,WT,N/A,N/A,N/A,C4,N/A,Manual-Rneasy Mini (Qiagen)
GSM972090,Homo sapiens,discovery,Female,72,2,T3,N0,M0,distal,N,N/A,0,69,0,69,pMMR,-,+,N/A,N/A,N/A,N/A,WT,N/A,N/A,N/A,WT,N/A,N/A,N/A,C1,N/A,Manual-Rneasy Mini (Qiagen)
GSM972091,Homo sapiens,discovery,Male,67,2,T3,N0,M0,distal,N,N/A,1,45,0,70,pMMR,-,+,N/A,N/A,N/A,N/A,M,c.35G>A,c.35G>A,N/A,WT,N/A,N/A,N/A,C3,N/A,Manual-Rneasy Mini (Qiagen)
GSM972092,Homo sapiens,discovery,Female,76,2,T3,N0,M0,distal,N,N/A,0,47,0,47,pMMR,-,+,N/A,N/A,N/A,N/A,M,c.35G>T,c.35G>T,N/A,WT,N/A,N/A,N/A,C5,N/A,Manual-Rneasy Mini (Qiagen)
GSM972093,Homo sapiens,discovery,Female,55,2,T4,N0,M0,distal,Y,FUFOL,0,74,0,74,pMMR,-,+,N/A,N/A,N/A,N/A,WT,N/A,N/A,N/A,WT,N/A,N/A,N/A,C5,N/A,Manual-Rneasy Mini (Qiagen)
GSM972094,Homo sapiens,discovery,Female,67,2,T3,N0,M0,proximal,N,N/A,0,61,0,61,pMMR,-,-,N/A,N/A,N/A,N/A,M,c.35G>A,c.35G>A,N/A,WT,N/A,N/A,N/A,C5,N/A,Manual-Rneasy Mini (Qiagen)
GSM972095,Homo sapiens,discovery,Male,50,2,T3,N0,M0,distal,N,N/A,0,67,0,67,pMMR,-,+,N/A,N/A,N/A,N/A,M,c.35G>T,c.35G>T,N/A,WT,N/A,N/A,N/A,C5,N/A,Manual-Rneasy Mini (Qiagen)
GSM972096,Homo sapiens,discovery,Female,63,3,T2,N1,M0,distal,Y,5FU,1,3,0,15,pMMR,-,-,N/A,N/A,N/A,N/A,WT,N/A,N/A,N/A,WT,N/A,N/A,N/A,C1,N/A,Manual-Rneasy Mini (Qiagen)
GSM972097,Homo sapiens,discovery,Male,64,3,T4,N1,M0,proximal,Y,5FU,1,12,1,12,pMMR,-,+,N/A,N/A,N/A,N/A,M,c.35G>A,c.35G>A,N/A,WT,N/A,N/A,N/A,C4,N/A,Manual-Rneasy Mini (Qiagen)
GSM972098,Homo sapiens,discovery,Male,66,3,T4,N2,M0,distal,Y,5FU,0,15,1,15,pMMR,+,+,N/A,N/A,N/A,N/A,M,c.35G>A,c.35G>A,N/A,WT,N/A,N/A,N/A,C3,N/A,Manual-Rneasy Mini (Qiagen)
GSM972099,Homo sapiens,discovery,Male,78,3,T3,N1,M0,distal,Y,5FU,0,15,0,15,pMMR,-,N/A,N/A,N/A,N/A,N/A,WT,N/A,N/A,N/A,WT,N/A,N/A,N/A,C5,N/A,Manual-Rneasy Mini (Qiagen)
GSM972100,Homo sapiens,discovery,Female,71,3,T4,N2,M0,proximal,Y,5FU,0,25,0,25,pMMR,-,N/A,N/A,N/A,N/A,N/A,M,c.38G>A,c.38G>A,N/A,WT,N/A,N/A,N/A,C3,N/A,Manual-Rneasy Mini (Qiagen)
GSM972101,Homo sapiens,discovery,Male,56,3,T3,N1,M0,distal,Y,5FU,1,21,0,35,pMMR,N/A,N/A,N/A,N/A,N/A,N/A,N/A,N/A,N/A,N/A,N/A,N/A,N/A,N/A,C6,N/A,Manual-Rneasy Mini (Qiagen)
GSM972102,Homo sapiens,discovery,Male,22,3,T3,N1,M0,distal,Y,5FU,0,46,0,46,pMMR,N/A,N/A,N/A,N/A,N/A,N/A,N/A,N/A,N/A,N/A,N/A,N/A,N/A,N/A,C6,N/A,Manual-Rneasy Mini (Qiagen)
GSM972103,Homo sapiens,discovery,Male,66,3,T3,N2,M0,distal,Y,5FU,1,28,0,58,pMMR,-,+,N/A,N/A,N/A,N/A,M,c.35G>T,c.35G>T,N/A,WT,N/A,N/A,N/A,C2,N/A,Manual-Rneasy Mini (Qiagen)
GSM972104,Homo sapiens,discovery,Female,72,3,T3,N3,M0,proximal,Y,5FU,0,41,0,41,pMMR,-,+,N/A,N/A,N/A,N/A,M,c.35G>T,c.35G>T,N/A,WT,N/A,N/A,N/A,C4,N/A,Manual-Rneasy Mini (Qiagen)
GSM972105,Homo sapiens,discovery,Male,53,3,T2,N3,M0,distal,Y,5FU,0,32,0,32,pMMR,-,+,N/A,N/A,N/A,N/A,WT,N/A,N/A,N/A,WT,N/A,N/A,N/A,C5,N/A,Manual-Rneasy Mini (Qiagen)
GSM972106,Homo sapiens,discovery,Female,96,3,T3,N1,M0,distal,Y,5FU,1,9,0,72,pMMR,N/A,N/A,N/A,N/A,N/A,N/A,N/A,N/A,N/A,N/A,N/A,N/A,N/A,N/A,C5,N/A,Manual-Rneasy Mini (Qiagen)
GSM972107,Homo sapiens,discovery,Male,76,3,T3,N1,M0,distal,Y,5FU,0,60,1,60,pMMR,-,+,N/A,N/A,N/A,N/A,WT,N/A,N/A,N/A,WT,N/A,N/A,N/A,C6,N/A,Manual-Rneasy Mini (Qiagen)
GSM972108,Homo sapiens,discovery,Male,64,3,T4,N1,M0,distal,Y,5FU,0,103,0,103,pMMR,N/A,N/A,N/A,N/A,N/A,N/A,N/A,N/A,N/A,N/A,N/A,N/A,N/A,N/A,C5,N/A,Manual-Rneasy Mini (Qiagen)
GSM972109,Homo sapiens,discovery,Male,96,3,T3,N1,M0,proximal,Y,5FU,0,36,0,36,pMMR,-,+,N/A,N/A,N/A,N/A,WT,N/A,N/A,N/A,WT,N/A,N/A,N/A,C2,N/A,Manual-Rneasy Mini (Qiagen)
GSM972110,Homo sapiens,discovery,Male,76,3,T4,N2,M0,proximal,Y,5FU,1,4,1,7,pMMR,N/A,N/A,N/A,N/A,N/A,N/A,N/A,N/A,N/A,N/A,N/A,N/A,N/A,N/A,C3,N/A,Manual-Rneasy Mini (Qiagen)
GSM972111,Homo sapiens,discovery,Male,63,3,T3,N2,M0,distal,Y,5FU,1,13,0,22,pMMR,N/A,N/A,N/A,N/A,N/A,N/A,N/A,N/A,N/A,N/A,N/A,N/A,N/A,N/A,C3,N/A,Manual-Rneasy Mini (Qiagen)
GSM972112,Homo sapiens,discovery,Female,64,3,T3,N2,M0,proximal,Y,5FU,0,32,1,32,pMMR,N/A,N/A,N/A,N/A,N/A,N/A,N/A,N/A,N/A,N/A,N/A,N/A,N/A,N/A,C4,N/A,Manual-Rneasy Mini (Qiagen)
GSM972113,Homo sapiens,discovery,Female,63,3,T3,N1,M0,proximal,Y,5FU,1,18,0,27,pMMR,N/A,N/A,N/A,N/A,N/A,N/A,N/A,N/A,N/A,N/A,N/A,N/A,N/A,N/A,C4,N/A,Manual-Rneasy Mini (Qiagen)
GSM972114,Homo sapiens,discovery,Male,73,3,T3,N1,M0,proximal,Y,5FU,0,46,0,46,pMMR,-,-,N/A,N/A,N/A,N/A,WT,N/A,N/A,N/A,M,N/A,N/A,N/A,C3,N/A,Manual-Rneasy Mini (Qiagen)
GSM972115,Homo sapiens,discovery,Female,59,3,T3,N3,M0,distal,Y,5FU,1,11,1,75,pMMR,-,+,N/A,N/A,N/A,N/A,WT,N/A,N/A,N/A,WT,N/A,N/A,N/A,C6,N/A,Manual-Rneasy Mini (Qiagen)
GSM972116,Homo sapiens,discovery,Female,79,3,T3,N2,M0,distal,Y,5FU,1,2,1,29,pMMR,-,+,N/A,N/A,N/A,N/A,WT,N/A,N/A,N/A,WT,N/A,N/A,N/A,C6,N/A,Manual-Rneasy Mini (Qiagen)
GSM972117,Homo sapiens,discovery,Female,78,3,T3,N1,M0,proximal,Y,5FU,1,11,0,32,N/A,+,-,N/A,N/A,N/A,N/A,WT,N/A,N/A,N/A,M,N/A,N/A,N/A,C2,N/A,Manual-Rneasy Mini (Qiagen)
GSM972118,Homo sapiens,discovery,Male,64,3,T3,N2,M0,distal,Y,5FU,1,19,0,30,pMMR,-,+,N/A,N/A,N/A,N/A,M,c.38G>A,c.38G>A,N/A,WT,N/A,N/A,N/A,C1,N/A,Manual-Rneasy Mini (Qiagen)
GSM972119,Homo sapiens,discovery,Male,96,3,T4,N1,M0,distal,Y,5FU,1,25,0,37,pMMR,N/A,N/A,N/A,N/A,N/A,N/A,N/A,N/A,N/A,N/A,N/A,N/A,N/A,N/A,C5,N/A,Manual-Rneasy Mini (Qiagen)
GSM972120,Homo sapiens,discovery,Female,96,3,T3,N1,M0,proximal,Y,5FU,0,36,0,36,pMMR,N/A,N/A,N/A,N/A,N/A,N/A,N/A,N/A,N/A,N/A,N/A,N/A,N/A,N/A,C5,N/A,Manual-Rneasy Mini (Qiagen)
GSM972121,Homo sapiens,discovery,Male,96,3,T3,N1,M0,distal,Y,5FU,0,35,0,35,pMMR,-,+,N/A,N/A,N/A,N/A,M,c.35G>A,c.35G>A,N/A,WT,N/A,N/A,N/A,C3,N/A,Manual-Rneasy Mini (Qiagen)
GSM972122,Homo sapiens,discovery,Female,97,3,T4,N1,M0,proximal,Y,5FU,1,19,1,19,pMMR,N/A,N/A,N/A,N/A,N/A,N/A,N/A,N/A,N/A,N/A,N/A,N/A,N/A,N/A,C5,N/A,Manual-Rneasy Mini (Qiagen)
GSM972123,Homo sapiens,discovery,Male,53,2,T3,N0,M0,proximal,N,N/A,0,71,0,71,pMMR,N/A,N/A,N/A,N/A,N/A,N/A,N/A,N/A,N/A,N/A,N/A,N/A,N/A,N/A,C1,N/A,Manual-Rneasy Mini (Qiagen)
GSM972124,Homo sapiens,discovery,Female,49,2,T3,N0,M0,distal,Y,FUFOL,0,75,0,75,pMMR,-,+,N/A,N/A,N/A,N/A,WT,N/A,N/A,N/A,WT,N/A,N/A,N/A,C6,N/A,Manual-Rneasy Mini (Qiagen)
GSM972125,Homo sapiens,discovery,Female,64,2,T3,N0,M0,distal,Y,FUFOL,1,14,0,68,pMMR,-,+,N/A,N/A,N/A,N/A,WT,N/A,N/A,N/A,WT,N/A,N/A,N/A,C6,N/A,Manual-Rneasy Mini (Qiagen)
GSM972126,Homo sapiens,discovery,Male,61,2,T3,N0,M0,distal,N,N/A,0,63,0,63,pMMR,N/A,N/A,N/A,N/A,N/A,N/A,N/A,N/A,N/A,N/A,N/A,N/A,N/A,N/A,C5,N/A,Manual-Rneasy Mini (Qiagen)
GSM972127,Homo sapiens,discovery,Female,66,2,T3,N0,M0,distal,N,N/A,0,85,0,85,pMMR,-,+,N/A,N/A,N/A,N/A,M,c.35G>A,c.35G>A,N/A,WT,N/A,N/A,N/A,C6,N/A,Manual-Rneasy Mini (Qiagen)
GSM972128,Homo sapiens,discovery,Male,64,2,T3,N0,M0,distal,Y,FOLFOX,0,93,0,93,pMMR,-,+,N/A,N/A,N/A,N/A,WT,N/A,N/A,N/A,WT,N/A,N/A,N/A,C5,N/A,Manual-Rneasy Mini (Qiagen)
GSM972129,Homo sapiens,discovery,Male,76,2,T2,N0,M0,distal,N,N/A,0,11,0,11,pMMR,-,-,N/A,N/A,N/A,N/A,M,c.35G>A,c.35G>A,N/A,WT,N/A,N/A,N/A,C2,N/A,Manual-Rneasy Mini (Qiagen)
GSM972130,Homo sapiens,discovery,Male,76,2,T4,N0,M0,distal,N,N/A,0,55,0,55,pMMR,-,+,N/A,N/A,N/A,N/A,WT,N/A,N/A,N/A,WT,N/A,N/A,N/A,C5,N/A,Manual-Rneasy Mini (Qiagen)
GSM972131,Homo sapiens,discovery,Female,78,2,T3,N0,M0,proximal,N,N/A,0,86,0,86,pMMR,-,+,N/A,N/A,N/A,N/A,M,c.35G>A,c.35G>A,N/A,WT,N/A,N/A,N/A,C4,N/A,Manual-Rneasy Mini (Qiagen)
GSM972132,Homo sapiens,discovery,Female,87,2,T3,N0,M0,distal,N,N/A,0,61,1,61,pMMR,-,+,N/A,N/A,N/A,N/A,M,c.34G>T,c.34G>T,N/A,WT,N/A,N/A,N/A,C5,N/A,Manual-Rneasy Mini (Qiagen)
GSM972133,Homo sapiens,discovery,Male,64,3,T3,N+,M0,distal,Y,N/A,1,27,1,53,pMMR,N/A,N/A,M,N/A,N/A,N/A,WT,N/A,N/A,N/A,N/A,N/A,N/A,N/A,C6,N/A,TriReagent & Manual-Rneasy Mini (Qiagen)
GSM972134,Homo sapiens,discovery,Male,74,3,T3,N2,M0,distal,N,N/A,1,7,1,14,pMMR,N/A,N/A,M,N/A,N/A,N/A,WT,N/A,N/A,N/A,N/A,N/A,N/A,N/A,C5,N/A,TriReagent & Manual-Rneasy Mini (Qiagen)
GSM972135,Homo sapiens,discovery,Female,78,2,T3,N0,M0,distal,N,N/A,1,4,1,13,pMMR,N/A,N/A,M,N/A,N/A,N/A,M,c.35G>C,c.35G>C,p.G12A,N/A,N/A,N/A,N/A,C3,N/A,TriReagent & Manual-Rneasy Mini (Qiagen)
GSM972136,Homo sapiens,discovery,Male,54,3,T3,N1,M0,distal,Y,N/A,1,61,0,130,pMMR,N/A,N/A,WT,N/A,N/A,N/A,WT,N/A,N/A,N/A,WT,N/A,N/A,N/A,C1,N/A,TriReagent & Manual-Rneasy Mini (Qiagen)
GSM972137,Homo sapiens,discovery,Male,68,2,T3,N0,M0,distal,Y,N/A,1,9,0,129,pMMR,N/A,N/A,M,N/A,N/A,N/A,WT,N/A,N/A,N/A,N/A,N/A,N/A,N/A,C1,N/A,TriReagent & Manual-Rneasy Mini (Qiagen)
GSM972138,Homo sapiens,discovery,Male,77,2,T3,N0,M0,distal,N,N/A,1,45,1,53,pMMR,N/A,N/A,WT,N/A,N/A,N/A,WT,N/A,N/A,N/A,N/A,N/A,N/A,N/A,C1,N/A,TriReagent & Manual-Rneasy Mini (Qiagen)
GSM972139,Homo sapiens,discovery,Female,69,3,T3,N1,M0,distal,Y,N/A,1,38,0,102,pMMR,N/A,N/A,M,N/A,N/A,N/A,WT,N/A,N/A,N/A,N/A,N/A,N/A,N/A,C5,N/A,TriReagent & Manual-Rneasy Mini (Qiagen)
GSM972140,Homo sapiens,discovery,Male,64,2,T4,N0,M0,distal,N,N/A,1,56,0,172,pMMR,N/A,N/A,WT,N/A,N/A,N/A,M,c.35G>T,c.35G>T,p.G12V,N/A,N/A,N/A,N/A,C4,N/A,TriReagent & Manual-Rneasy Mini (Qiagen)
GSM972141,Homo sapiens,discovery,Male,58,3,T3,N2,M0,distal,Y,N/A,1,15,0,84,pMMR,N/A,N/A,M,N/A,N/A,N/A,WT,N/A,N/A,N/A,N/A,N/A,N/A,N/A,C5,N/A,TriReagent & Manual-Rneasy Mini (Qiagen)
GSM972142,Homo sapiens,discovery,Female,86,3,T3,N2,M0,proximal,N,N/A,1,2,1,35,pMMR,-,+,M,c.610G>T,c.610G>T,p.E204X,M,c.35G>A,c.35G>A,p.G12D,WT,N/A,N/A,N/A,C5,N/A,TriReagent & Manual-Rneasy Mini (Qiagen)
GSM972143,Homo sapiens,discovery,Male,57,2,T4,N0,M0,distal,N,N/A,0,154,0,154,pMMR,N/A,N/A,WT,N/A,N/A,N/A,WT,N/A,N/A,N/A,WT,N/A,N/A,N/A,C5,N/A,TriReagent & Manual-Rneasy Mini (Qiagen)
GSM972144,Homo sapiens,discovery,Female,63,2,T3,N0,M0,distal,N,N/A,0,121,0,121,pMMR,-,+,M,c.524G>A,c.524G>A,p.R175H,WT,N/A,N/A,N/A,WT,N/A,N/A,N/A,C1,N/A,TriReagent & Manual-Rneasy Mini (Qiagen)
GSM972145,Homo sapiens,discovery,Female,63,3,T3,N2,M0,distal,Y,N/A,0,135,0,135,pMMR,N/A,N/A,M,N/A,N/A,N/A,WT,N/A,N/A,N/A,N/A,N/A,N/A,N/A,C6,N/A,TriReagent & Manual-Rneasy Mini (Qiagen)
GSM972146,Homo sapiens,discovery,Male,60,3,T3,N2,M0,distal,Y,N/A,0,66,0,66,pMMR,N/A,N/A,M,N/A,N/A,N/A,M,c.35G>A,c.35G>A,p.G12D,N/A,N/A,N/A,N/A,C2,N/A,TriReagent & Manual-Rneasy Mini (Qiagen)
GSM972147,Homo sapiens,discovery,Male,79,2,T3,N0,M0,distal,N,N/A,0,140,0,140,pMMR,-,+,M,FS,FS,FS,WT,N/A,N/A,N/A,WT,N/A,N/A,N/A,C5,N/A,TriReagent & Manual-Rneasy Mini (Qiagen)
GSM972148,Homo sapiens,discovery,Male,59,3,T3,N1,M0,distal,Y,N/A,0,127,0,127,pMMR,N/A,N/A,M,N/A,N/A,N/A,M,c.38G>A,c.38G>A,p.G13D,N/A,N/A,N/A,N/A,C5,N/A,TriReagent & Manual-Rneasy Mini (Qiagen)
GSM972149,Homo sapiens,discovery,Male,64,2,T3,N0,M0,distal,N,N/A,0,132,0,132,pMMR,N/A,N/A,WT,N/A,N/A,N/A,WT,N/A,N/A,N/A,N/A,N/A,N/A,N/A,C1,N/A,TriReagent & Manual-Rneasy Mini (Qiagen)
GSM972150,Homo sapiens,discovery,Female,55,3,T3,N1,M0,distal,Y,N/A,0,109,0,109,pMMR,N/A,N/A,M,N/A,N/A,N/A,WT,N/A,N/A,N/A,N/A,N/A,N/A,N/A,C6,N/A,TriReagent & Manual-Rneasy Mini (Qiagen)
GSM972151,Homo sapiens,discovery,Female,75,3,T3,N1,M0,distal,Y,N/A,0,77,0,77,pMMR,N/A,N/A,WT,N/A,N/A,N/A,M,c.34G>A,c.34G>A,p.G12S,N/A,N/A,N/A,N/A,C3,N/A,TriReagent & Manual-Rneasy Mini (Qiagen)
GSM972152,Homo sapiens,discovery,Female,70,3,T3,N1,M0,proximal,Y,N/A,0,56,0,56,pMMR,N/A,N/A,WT,N/A,N/A,N/A,M,c.35G>A,c.35G>A,p.G12D,N/A,N/A,N/A,N/A,C1,N/A,TriReagent & Manual-Rneasy Mini (Qiagen)
GSM972153,Homo sapiens,discovery,Male,71,2,T3,N0,M0,distal,N,N/A,0,66,1,66,pMMR,N/A,N/A,M,c.856G>A,c.856G>A,p.E286K,WT,N/A,N/A,N/A,WT,N/A,N/A,N/A,C1,N/A,TriReagent & Manual-Rneasy Mini (Qiagen)
GSM972154,Homo sapiens,discovery,Female,49,3,T4,N2,M0,distal,Y,N/A,1,3,1,44,pMMR,N/A,N/A,M,N/A,N/A,N/A,M,c.38G>A,c.38G>A,p.G13D,N/A,N/A,N/A,N/A,C1,N/A,TriReagent & Manual-Rneasy Mini (Qiagen)
GSM972155,Homo sapiens,discovery,Male,42,3,T3,N2,M0,distal,Y,N/A,1,6,1,24,pMMR,N/A,N/A,M,N/A,N/A,N/A,M,c.35G>A,c.35G>A,p.G12D,N/A,N/A,N/A,N/A,C1,N/A,TriReagent & Manual-Rneasy Mini (Qiagen)
GSM972156,Homo sapiens,discovery,Male,67,3,T3,N1,M0,distal,Y,N/A,0,112,1,112,pMMR,N/A,N/A,WT,N/A,N/A,N/A,WT,N/A,N/A,N/A,N/A,N/A,N/A,N/A,C6,N/A,TriReagent & Manual-Rneasy Mini (Qiagen)
GSM972157,Homo sapiens,discovery,Male,57,3,T3,N1,M0,distal,Y,N/A,0,118,0,118,pMMR,N/A,N/A,WT,N/A,N/A,N/A,WT,N/A,N/A,N/A,N/A,N/A,N/A,N/A,C5,N/A,TriReagent & Manual-Rneasy Mini (Qiagen)
GSM972158,Homo sapiens,discovery,Female,45,3,T3,N2,M0,proximal,Y,N/A,0,120,0,120,pMMR,N/A,N/A,M,N/A,N/A,N/A,M,c.38G>A,c.38G>A,p.G13D,N/A,N/A,N/A,N/A,C4,N/A,TriReagent & Manual-Rneasy Mini (Qiagen)
GSM972159,Homo sapiens,discovery,Male,67,3,T3,N1,M0,proximal,Y,N/A,0,93,0,93,pMMR,-,+,WT,N/A,N/A,N/A,M,c.34G>T,c.34G>T,p.G12C,WT,N/A,N/A,N/A,C3,N/A,TriReagent & Manual-Rneasy Mini (Qiagen)
GSM972160,Homo sapiens,discovery,Male,73,2,T3,N0,M0,distal,N,N/A,1,39,0,77,pMMR,N/A,N/A,M,N/A,N/A,N/A,WT,N/A,N/A,N/A,N/A,N/A,N/A,N/A,C5,N/A,TriReagent & Manual-Rneasy Mini (Qiagen)
GSM972161,Homo sapiens,discovery,Female,91,2,T3,N0,M0,distal,N,N/A,1,9,1,11,pMMR,N/A,N/A,WT,N/A,N/A,N/A,M,c.35G>A,c.35G>A,p.G12D,N/A,N/A,N/A,N/A,C1,N/A,TriReagent & Manual-Rneasy Mini (Qiagen)
GSM972162,Homo sapiens,discovery,Female,73,3,T3,N1,M0,distal,Y,N/A,0,77,0,77,pMMR,N/A,N/A,M,N/A,N/A,N/A,WT,N/A,N/A,N/A,N/A,N/A,N/A,N/A,C5,N/A,TriReagent & Manual-Rneasy Mini (Qiagen)
GSM972163,Homo sapiens,discovery,Male,71,2,T4,N0,M0,distal,Y,N/A,0,41,0,41,pMMR,N/A,N/A,M,N/A,N/A,N/A,WT,N/A,N/A,N/A,N/A,N/A,N/A,N/A,C6,N/A,TriReagent & Manual-Rneasy Mini (Qiagen)
GSM972164,Homo sapiens,discovery,Male,70,3,T3,N+,M0,distal,Y,5FU,1,3,1,69,pMMR,N/A,N/A,WT,N/A,N/A,N/A,WT,N/A,N/A,N/A,N/A,N/A,N/A,N/A,C5,N/A,TriReagent & Manual-Rneasy Mini (Qiagen)
GSM972165,Homo sapiens,discovery,Male,67,2,T4,N0,M0,proximal,N,N/A,1,36,1,87,pMMR,N/A,N/A,M,N/A,N/A,N/A,WT,N/A,N/A,N/A,N/A,N/A,N/A,N/A,C6,N/A,TriReagent & Manual-Rneasy Mini (Qiagen)
GSM972166,Homo sapiens,discovery,Female,42,3,T3,N+,M0,distal,Y,5FU,1,3,1,12,pMMR,N/A,N/A,WT,N/A,N/A,N/A,M,c.34G>A,c.34G>A,p.G12S,N/A,N/A,N/A,N/A,C1,N/A,TriReagent & Manual-Rneasy Mini (Qiagen)
GSM972167,Homo sapiens,discovery,Male,47,2,T3,N0,M0,distal,N,N/A,1,36,1,45,pMMR,-,+,WT,N/A,N/A,N/A,WT,N/A,N/A,N/A,WT,N/A,N/A,N/A,C5,N/A,TriReagent & Manual-Rneasy Mini (Qiagen)
GSM972168,Homo sapiens,discovery,Male,76,3,T4,N+,M0,proximal,N,N/A,1,4,1,8,pMMR,N/A,N/A,WT,N/A,N/A,N/A,WT,N/A,N/A,N/A,N/A,N/A,N/A,N/A,C2,N/A,TriReagent & Manual-Rneasy Mini (Qiagen)
GSM972169,Homo sapiens,discovery,Male,50,2,T4,N0,M0,distal,N,N/A,0,164,0,164,pMMR,N/A,N/A,WT,N/A,N/A,N/A,WT,N/A,N/A,N/A,N/A,N/A,N/A,N/A,C1,N/A,TriReagent & Manual-Rneasy Mini (Qiagen)
GSM972170,Homo sapiens,discovery,Female,67,3,T2,N2,M0,distal,N,N/A,0,73,0,73,pMMR,N/A,N/A,WT,N/A,N/A,N/A,WT,N/A,N/A,N/A,N/A,N/A,N/A,N/A,C5,N/A,TriReagent & Manual-Rneasy Mini (Qiagen)
GSM972171,Homo sapiens,discovery,Female,70,3,T4,N1,M0,proximal,N,N/A,0,130,0,130,pMMR,N/A,N/A,WT,N/A,N/A,N/A,WT,N/A,N/A,N/A,N/A,N/A,N/A,N/A,C2,N/A,TriReagent & Manual-Rneasy Mini (Qiagen)
GSM972172,Homo sapiens,discovery,Female,88,2,T4,N0,M0,proximal,N,N/A,1,4,1,5,pMMR,+,+,M,c.514G>T,c.514G>T,p.V172F,M,c.183A>T,c.183A>T,p.Q61H,WT,N/A,N/A,N/A,C2,N/A,TriReagent & Manual-Rneasy Mini (Qiagen)
GSM972173,Homo sapiens,discovery,Female,59,2,T4,N0,M0,distal,Y,N/A,1,15,1,26,pMMR,-,N/A,WT,N/A,N/A,N/A,M,c.183A>C,c.183A>C,p.Q61H,WT,N/A,N/A,N/A,C1,N/A,TriReagent & Manual-Rneasy Mini (Qiagen)
GSM972174,Homo sapiens,discovery,Male,75,3,T3,N1,M0,distal,Y,N/A,0,97,0,97,pMMR,-,+,M,c.817C>G,c.817C>G,p.R273G,WT,N/A,N/A,N/A,WT,N/A,N/A,N/A,C6,N/A,TriReagent & Manual-Rneasy Mini (Qiagen)
GSM972175,Homo sapiens,discovery,Female,83,3,T3,N1,M0,distal,N,N/A,1,28,1,43,pMMR,-,+,WT,N/A,N/A,N/A,M,c.35G>A,c.35G>A,p.G12D,WT,N/A,N/A,N/A,C1,N/A,TriReagent & Manual-Rneasy Mini (Qiagen)
GSM972176,Homo sapiens,discovery,Female,85,3,T4,N2,M0,proximal,N,N/A,1,35,1,36,pMMR,-,+,M,c.451C>T,c.451C>T,p.P151S,WT,N/A,N/A,N/A,WT,N/A,N/A,N/A,C5,N/A,TriReagent & Manual-Rneasy Mini (Qiagen)
GSM972177,Homo sapiens,discovery,Male,71,2,N/A,N/A,N/A,proximal,N,N/A,1,20,1,22,pMMR,-,N/A,M,c.-1G>A,c.-1G>A,N/A,M,c.35G>A,c.35G>A,p.G12D,WT,N/A,N/A,N/A,C6,N/A,TriReagent & Manual-Rneasy Mini (Qiagen)
GSM972178,Homo sapiens,discovery,Female,69,3,N/A,N/A,N/A,proximal,Y,N/A,1,21,0,67,pMMR,-,+,WT,N/A,N/A,N/A,M,c.183A>C,c.183A>C,p.Q61H,WT,N/A,N/A,N/A,C3,N/A,TriReagent & Manual-Rneasy Mini (Qiagen)
GSM972179,Homo sapiens,discovery,Male,77,2,N/A,N/A,N/A,distal,N,N/A,1,17,1,18,pMMR,N/A,N/A,M,c.535C>T,c.535C>T,p.H179Y,WT,N/A,N/A,N/A,WT,N/A,N/A,N/A,C5,N/A,TriReagent & Manual-Rneasy Mini (Qiagen)
GSM972180,Homo sapiens,discovery,Female,66,2,N/A,N/A,N/A,distal,Y,N/A,1,19,1,24,pMMR,+,N/A,M,c.-1G>A,c.-1G>A,N/A,WT,N/A,N/A,N/A,WT,N/A,N/A,N/A,C2,N/A,TriReagent & Manual-Rneasy Mini (Qiagen)
GSM972181,Homo sapiens,discovery,Male,69,3,N/A,N/A,N/A,proximal,Y,N/A,1,13,1,34,pMMR,N/A,N/A,WT,N/A,N/A,N/A,M,c.35G>A,c.35G>A,p.G12D,WT,N/A,N/A,N/A,C4,N/A,TriReagent & Manual-Rneasy Mini (Qiagen)
GSM972182,Homo sapiens,discovery,Male,53,2,T4,N0,M0,distal,N,N/A,1,23,1,58,pMMR,-,+,WT,N/A,N/A,N/A,WT,N/A,N/A,N/A,WT,N/A,N/A,N/A,C1,N/A,TriReagent & Manual-Rneasy Mini (Qiagen)
GSM972183,Homo sapiens,discovery,Female,62,3,N/A,N/A,N/A,distal,Y,N/A,1,11,1,32,pMMR,N/A,N/A,M,c.817C>T,c.817C>T,p.R273C,M,c.35G>T,c.35G>T,p.G12V,WT,N/A,N/A,N/A,C3,N/A,TriReagent & Manual-Rneasy Mini (Qiagen)
GSM972184,Homo sapiens,discovery,Female,70,2,N/A,N/A,N/A,proximal,N,N/A,1,4,1,39,pMMR,+,N/A,WT,N/A,N/A,N/A,WT,N/A,N/A,N/A,M,c.1799T>A,c.1799T>A,p.V600E,C4,N/A,TriReagent & Manual-Rneasy Mini (Qiagen)
GSM972185,Homo sapiens,discovery,Female,58,3,N/A,N/A,N/A,distal,Y,N/A,1,22,0,39,pMMR,-,N/A,M,c.745A>T,c.745A>T,p.R249W,WT,N/A,N/A,N/A,WT,N/A,N/A,N/A,C1,N/A,TriReagent & Manual-Rneasy Mini (Qiagen)
GSM972186,Homo sapiens,discovery,Female,50,3,N/A,N/A,N/A,proximal,Y,N/A,1,14,1,47,pMMR,-,N/A,WT,N/A,N/A,N/A,M,c.35G>T,c.35G>T,p.G12V,WT,N/A,N/A,N/A,C4,N/A,TriReagent & Manual-Rneasy Mini (Qiagen)
GSM972187,Homo sapiens,discovery,Male,62,2,T3,N0,M0,proximal,N,N/A,1,9,0,49,pMMR,N/A,N/A,M,c.743G>A,c.743G>A,p.R248Q,WT,N/A,N/A,N/A,WT,N/A,N/A,N/A,C2,N/A,TriReagent & Manual-Rneasy Mini (Qiagen)
GSM972188,Homo sapiens,discovery,Female,58,3,T3,N2,M0,distal,Y,N/A,1,11,0,22,pMMR,-,+,WT,N/A,N/A,N/A,M,c.182A>T,c.182A>T,p.Q61L,WT,N/A,N/A,N/A,C1,N/A,TriReagent & Manual-Rneasy Mini (Qiagen)
GSM972189,Homo sapiens,discovery,Male,63,3,T4,N+,M0,proximal,N,N/A,0,192,0,192,pMMR,-,+,M,c.844C>T,c.844C>T,p.R282W,WT,N/A,N/A,N/A,WT,N/A,N/A,N/A,C2,N/A,TriReagent & Manual-Rneasy Mini (Qiagen)
GSM972190,Homo sapiens,discovery,Male,68,2,T3,N0,M0,distal,Y,5FU,0,108,0,108,pMMR,-,+,M,c.742C>G,c.742C>G,p.R248G,WT,N/A,N/A,N/A,WT,N/A,N/A,N/A,C5,N/A,TriReagent & Manual-Rneasy Mini (Qiagen)
GSM972191,Homo sapiens,discovery,Male,49,3,T3,N1,M0,distal,Y,5FU,0,122,0,122,pMMR,-,+,WT,N/A,N/A,N/A,M,c.35G>T,c.35G>T,p.G12V,WT,N/A,N/A,N/A,C3,N/A,TriReagent & Manual-Rneasy Mini (Qiagen)
GSM972192,Homo sapiens,discovery,Female,72,2,T3,N0,M0,proximal,N,N/A,0,158,0,158,pMMR,-,+,M,c.817C>T,c.817C>T,p.R273C,M,c.437C>T,c.437C>T,p.A146V,WT,N/A,N/A,N/A,C2,N/A,TriReagent & Manual-Rneasy Mini (Qiagen)
GSM972193,Homo sapiens,discovery,Female,51,3,T3,N1,M0,distal,Y,N/A,0,73,0,73,pMMR,-,+,M,c.524G>A'+'  c.427G>A,c.524G>A'+'  c.427G>A,p.R175H'+'  p.V143M,M,c.35G>A,c.35G>A,p.G12D,WT,N/A,N/A,N/A,C1,N/A,TriReagent & Manual-Rneasy Mini (Qiagen)
GSM972194,Homo sapiens,discovery,Male,43,3,T3,N2,M0,distal,Y,N/A,0,83,0,83,pMMR,-,N/A,M,c.413C>T,c.413C>T,p.A138V,WT,N/A,N/A,N/A,WT,N/A,N/A,N/A,C1,N/A,TriReagent & Manual-Rneasy Mini (Qiagen)
GSM972195,Homo sapiens,discovery,Female,54,2,T3,N0,M0,proximal,Y,N/A,0,120,0,120,pMMR,-,+,WT,N/A,N/A,N/A,M,c.358T>G'+'  c.433T>A,c.358T>G'+'  c.433T>A,p.L120V'+'  p.S145T,WT,N/A,N/A,N/A,C3,N/A,TriReagent & Manual-Rneasy Mini (Qiagen)
GSM972196,Homo sapiens,discovery,Female,69,2,T3,N0,M0,proximal,N,N/A,0,73,0,73,pMMR,+,N/A,WT,N/A,N/A,N/A,M,c.340G>C,c.340G>C,p.V144L,WT,N/A,N/A,N/A,C2,N/A,TriReagent & Manual-Rneasy Mini (Qiagen)
GSM972197,Homo sapiens,discovery,Female,78,2,T3,N0,M0,proximal,N,N/A,0,50,0,50,pMMR,+,+,WT,N/A,N/A,N/A,WT,N/A,N/A,N/A,M,c.1799T>A,c.1799T>A,p.V600E,C3,N/A,TriReagent & Manual-Rneasy Mini (Qiagen)
GSM972198,Homo sapiens,discovery,Female,52,3,T3,N1,M0,distal,Y,N/A,0,57,0,57,pMMR,-,+,M,c.735C>A,c.735C>A,p.G245E,M,c.34G>A,c.34G>A,p.G12S,WT,N/A,N/A,N/A,C1,N/A,TriReagent & Manual-Rneasy Mini (Qiagen)
GSM972199,Homo sapiens,discovery,Male,73,3,T3,N2,M0,distal,Y,N/A,0,66,0,66,pMMR,-,+,M,c.844C>T,c.844C>T,p.R282W,WT,N/A,N/A,N/A,WT,N/A,N/A,N/A,C1,N/A,TriReagent & Manual-Rneasy Mini (Qiagen)
GSM972200,Homo sapiens,discovery,Male,61,2,T3,N0,M0,distal,N,N/A,0,54,0,54,pMMR,-,+,WT,N/A,N/A,N/A,WT,N/A,N/A,N/A,WT,N/A,N/A,N/A,C6,N/A,TriReagent & Manual-Rneasy Mini (Qiagen)
GSM972201,Homo sapiens,discovery,Male,78,3,T3,N2,M0,proximal,Y,N/A,0,67,0,67,pMMR,-,+,WT,N/A,N/A,N/A,WT,N/A,N/A,N/A,WT,N/A,N/A,N/A,C5,N/A,TriReagent & Manual-Rneasy Mini (Qiagen)
GSM972202,Homo sapiens,discovery,Female,57,3,T3,N1,M0,distal,Y,N/A,0,53,0,53,pMMR,-,+,M,c.524G>A,c.524G>A,p.R175H,WT,N/A,N/A,N/A,WT,N/A,N/A,N/A,C1,N/A,TriReagent & Manual-Rneasy Mini (Qiagen)
GSM972203,Homo sapiens,discovery,Female,66,3,T3,N2,M0,distal,Y,N/A,0,54,0,54,pMMR,N/A,+,M,EX5.c.473G>A'+'  EX8.c.817C>T,EX5.c.473G>A'+'  EX8.c.817C>T,EX5.p.R158H'+'  EX8.p.R273C,WT,N/A,N/A,N/A,WT,N/A,N/A,N/A,C1,N/A,TriReagent & Manual-Rneasy Mini (Qiagen)
GSM972204,Homo sapiens,discovery,Male,78,2,N/A,N/A,N/A,distal,Y,N/A,1,4,0,44,pMMR,-,N/A,M,c.817C>A,c.817C>A,p.R273S,WT,N/A,N/A,N/A,WT,N/A,N/A,N/A,C5,N/A,TriReagent & Manual-Rneasy Mini (Qiagen)
GSM972205,Homo sapiens,discovery,Male,76,2,N/A,N/A,N/A,distal,N,N/A,1,7,1,35,pMMR,-,+,WT,N/A,N/A,N/A,WT,N/A,N/A,N/A,WT,N/A,N/A,N/A,C5,N/A,TriReagent & Manual-Rneasy Mini (Qiagen)
GSM972206,Homo sapiens,discovery,Male,74,2,N/A,N/A,N/A,distal,N,N/A,1,0,0,42,pMMR,-,+,WT,N/A,N/A,N/A,M,c.35G>A,c.35G>A,p.G12D,WT,N/A,N/A,N/A,C6,N/A,TriReagent & Manual-Rneasy Mini (Qiagen)
GSM972207,Homo sapiens,discovery,Male,65,3,T3,N1,M0,distal,Y,N/A,1,34,0,82,pMMR,-,+,M,c.818G>A,c.818G>A,p.R273H,WT,N/A,N/A,N/A,WT,N/A,N/A,N/A,C5,N/A,TriReagent & Manual-Rneasy Mini (Qiagen)
GSM972208,Homo sapiens,discovery,Male,63,4,T4,N2,M1,distal,N/A,N/A,1,0,1,25,pMMR,-,+,M,c.434T>C,c.434T>C,p.L145P,WT,N/A,N/A,N/A,WT,N/A,N/A,N/A,C5,N/A,TriReagent & Manual-Rneasy Mini (Qiagen)
GSM972209,Homo sapiens,discovery,Male,54,4,T3,N2,M1,proximal,N/A,N/A,1,0,1,13,pMMR,+,N/A,M,c.584T>A,c.584T>A,p.I195N,WT,N/A,N/A,N/A,M,c.1799T>A,c.1799T>A,p.V600E,C5,N/A,TriReagent & Manual-Rneasy Mini (Qiagen)
GSM972210,Homo sapiens,discovery,Male,50,4,T3,N+,M1,distal,N/A,N/A,1,0,1,46,pMMR,-,+,M,c.711G>A,c.711G>A,p.M237I,WT,N/A,N/A,N/A,WT,N/A,N/A,N/A,C4,N/A,TriReagent & Manual-Rneasy Mini (Qiagen)
GSM972211,Homo sapiens,discovery,Male,65,3,T3,N1,M0,distal,Y,N/A,0,57,0,57,pMMR,-,+,M,c.526T>A,c.526T>A,p.C176S,WT,N/A,N/A,N/A,WT,N/A,N/A,N/A,C5,N/A,TriReagent & Manual-Rneasy Mini (Qiagen)
GSM972212,Homo sapiens,discovery,Female,54,4,T3,N1,M1,distal,N/A,N/A,1,0,1,18,pMMR,-,N/A,M,FS,FS,FS,M,c.35G>T,c.35G>T,p.G12V,WT,N/A,N/A,N/A,C3,N/A,TriReagent & Manual-Rneasy Mini (Qiagen)
GSM972213,Homo sapiens,discovery,Female,71,4,T3,N0,M1,distal,N/A,N/A,1,0,1,1,pMMR,-,N/A,M,EX5.c.-1G>T'+'  EX6.c.574C>T,EX5.c.-1G>T'+'  EX6.c.574C>T,EX5'+'  EX6.p.Q192X,M,c.437C>T,c.437C>T,p.A146V,WT,N/A,N/A,N/A,C5,N/A,TriReagent & Manual-Rneasy Mini (Qiagen)
GSM972214,Homo sapiens,discovery,Female,88,4,T3,N2,M1,proximal,N/A,N/A,1,0,1,2,pMMR,+,-,M,c.749C>A,c.749C>A,p.P250H,WT,N/A,N/A,N/A,M,c.1799T>A,c.1799T>A,p.V600E,C2,N/A,TriReagent & Manual-Rneasy Mini (Qiagen)
GSM972215,Homo sapiens,discovery,Female,73,3,T4,N2,M0,proximal,Y,N/A,0,47,0,47,pMMR,+,N/A,M,c.817C>T,c.817C>T,p.R273C,M,c.35G>T,c.35G>T,p.G12V,WT,N/A,N/A,N/A,C5,N/A,TriReagent & Manual-Rneasy Mini (Qiagen)
GSM972216,Homo sapiens,discovery,Female,45,4,T3,N2,M1,distal,N/A,N/A,1,0,0,94,pMMR,-,N/A,M,c.856G>A,c.856G>A,p.E286K,WT,N/A,N/A,N/A,WT,N/A,N/A,N/A,C1,N/A,TriReagent & Manual-Rneasy Mini (Qiagen)
GSM972217,Homo sapiens,discovery,Male,73,4,T3,N1,M1,distal,N/A,N/A,1,0,0,70,pMMR,-,N/A,M,c.587C>T,c.587C>T,p.R196X,M,c.35G>A,c.35G>A,p.G12D,WT,N/A,N/A,N/A,C5,N/A,TriReagent & Manual-Rneasy Mini (Qiagen)
GSM972218,Homo sapiens,discovery,Female,75,4,T4,N3,M1,proximal,N/A,N/A,1,0,1,7,pMMR,-,N/A,WT,N/A,N/A,N/A,M,c.40G>A'+'  c.176C>G,c.40G>A'+'  c.176C>G,p.V14I'+'  p.A59G,WT,N/A,N/A,N/A,C3,N/A,TriReagent & Manual-Rneasy Mini (Qiagen)
GSM972219,Homo sapiens,discovery,Male,60,4,T3,N2,M1,distal,N/A,N/A,1,0,0,53,pMMR,-,N/A,M,c.818G>A,c.818G>A,p.R273H,M,c.35G>T,c.35G>T,p.G12V,WT,N/A,N/A,N/A,C5,N/A,TriReagent & Manual-Rneasy Mini (Qiagen)
GSM972220,Homo sapiens,discovery,Male,81,3,T3,N1,M0,proximal,N,N/A,0,1,0,1,dMMR,+,-,N/A,N/A,N/A,N/A,WT,N/A,N/A,N/A,M,N/A,N/A,N/A,C2,N/A,Manual-Trizol
GSM972221,Homo sapiens,discovery,Female,75,2,T3,N0,M0,proximal,N,N/A,0,65,0,65,dMMR,+,-,N/A,N/A,N/A,N/A,WT,N/A,N/A,N/A,M,N/A,N/A,N/A,C2,N/A,Manual-Trizol
GSM972222,Homo sapiens,discovery,Female,69,2,T3,N0,M0,proximal,N,N/A,0,57,0,57,dMMR,-,-,N/A,N/A,N/A,N/A,WT,N/A,N/A,N/A,WT,N/A,N/A,N/A,C2,N/A,Manual-Trizol
GSM972223,Homo sapiens,discovery,Male,78,2,T3,N0,M0,proximal,N,N/A,0,33,1,33,dMMR,+,-,N/A,N/A,N/A,N/A,WT,N/A,N/A,N/A,M,N/A,N/A,N/A,C2,N/A,Manual-Trizol
GSM972224,Homo sapiens,discovery,Male,74,3,T4,N2,M0,proximal,Y,5FU,1,20,1,25,dMMR,N/A,-,N/A,N/A,N/A,N/A,N/A,N/A,N/A,N/A,N/A,N/A,N/A,N/A,C2,N/A,Manual-Trizol
GSM972225,Homo sapiens,discovery,Male,51,2,T3,N0,M0,distal,Y,FUFOL,0,37,0,37,pMMR,+,+,N/A,N/A,N/A,N/A,WT,N/A,N/A,N/A,WT,N/A,N/A,N/A,C2,N/A,Manual-Trizol
GSM972226,Homo sapiens,discovery,Male,57,2,T4,N0,M0,proximal,N,N/A,0,20,0,20,dMMR,+,-,N/A,N/A,N/A,N/A,M,c.35G>A,c.35G>A,p.G12D,WT,N/A,N/A,N/A,C3,N/A,Manual-Trizol
GSM972227,Homo sapiens,discovery,Male,61,4,T3,N2,M1,proximal,Y,FOLFOX,0,20,1,20,pMMR,-,-,N/A,N/A,N/A,N/A,M,g.35G>T,g.35G>T,p.G12V,WT,N/A,N/A,N/A,C3,N/A,Manual-Trizol
GSM972228,Homo sapiens,discovery,Male,68,2,T3,N0,M0,proximal,N,N/A,0,1,0,1,pMMR,+,-,N/A,N/A,N/A,N/A,WT,N/A,N/A,N/A,M,N/A,N/A,N/A,C3,N/A,Manual-Trizol
GSM972229,Homo sapiens,discovery,Female,81,2,T3,N0,M0,distal,N,N/A,0,0,0,0,dMMR,-,+,N/A,N/A,N/A,N/A,M,c.35G>A,c.35G>A,p.G12D,WT,N/A,N/A,N/A,C2,N/A,Manual-Trizol
GSM972230,Homo sapiens,discovery,Male,55,3,T3,N1,M0,distal,Y,FOLFOX,0,27,0,27,pMMR,-,+,N/A,N/A,N/A,N/A,WT,N/A,N/A,N/A,WT,N/A,N/A,N/A,C1,N/A,Manual-Trizol
GSM972231,Homo sapiens,discovery,Male,54,4,T3,N1,M1,distal,Y,FOLFOX,0,14,0,14,pMMR,-,+,N/A,N/A,N/A,N/A,WT,N/A,N/A,N/A,WT,N/A,N/A,N/A,C4,N/A,Manual-Trizol
GSM972232,Homo sapiens,discovery,Male,69,4,T4,N2,M1,distal,Y,FOLFOX,0,21,0,21,pMMR,-,+,N/A,N/A,N/A,N/A,M,g.38G>A,g.38G>A,p.G13D,WT,N/A,N/A,N/A,C4,N/A,Manual-Trizol
GSM972233,Homo sapiens,discovery,Male,67,2,T3,N0,M0,distal,N,N/A,0,15,0,15,pMMR,-,+,N/A,N/A,N/A,N/A,WT,N/A,N/A,N/A,WT,N/A,N/A,N/A,C5,N/A,Manual-Trizol
GSM972234,Homo sapiens,discovery,Male,79,4,T3,N1,M1,proximal,Y,5FU,0,10,1,10,pMMR,-,+,N/A,N/A,N/A,N/A,WT,N/A,N/A,N/A,WT,N/A,N/A,N/A,C4,N/A,Manual-Trizol
GSM972235,Homo sapiens,discovery,Female,57,3,T2,N1,M0,distal,Y,FOLFOX,0,7,0,7,pMMR,-,+,N/A,N/A,N/A,N/A,M,g.34G>T,g.34G>T,p.G12C,WT,N/A,N/A,N/A,C5,N/A,Manual-Trizol
GSM972236,Homo sapiens,discovery,Male,71,4,T1,N0,M1,distal,Y,FOLFOX,0,12,0,12,pMMR,-,+,N/A,N/A,N/A,N/A,WT,N/A,N/A,N/A,WT,N/A,N/A,N/A,C5,N/A,Manual-Trizol
GSM972237,Homo sapiens,discovery,Female,55,1,T1,N0,M0,distal,N,N/A,0,25,0,25,pMMR,-,+,N/A,N/A,N/A,N/A,WT,N/A,N/A,N/A,WT,N/A,N/A,N/A,C5,N/A,Manual-Trizol
GSM972238,Homo sapiens,discovery,Female,53,3,T2,N1,M0,distal,Y,FOLFOX,0,19,0,19,pMMR,-,+,N/A,N/A,N/A,N/A,WT,N/A,N/A,N/A,WT,N/A,N/A,N/A,C5,N/A,Manual-Trizol
GSM972239,Homo sapiens,discovery,Male,59,2,T3,N0,M0,distal,N,N/A,0,14,0,14,pMMR,-,-,N/A,N/A,N/A,N/A,WT,N/A,N/A,N/A,WT,N/A,N/A,N/A,C4,N/A,Manual-Trizol
GSM972240,Homo sapiens,discovery,Female,67,4,T3,N1,M1,distal,Y,FOLFOX,0,14,0,14,pMMR,-,+,N/A,N/A,N/A,N/A,WT,N/A,N/A,N/A,WT,N/A,N/A,N/A,C4,N/A,Manual-Trizol
GSM972241,Homo sapiens,discovery,Male,61,2,T3,N0,M0,distal,N,N/A,0,17,1,17,dMMR,-,-,N/A,N/A,N/A,N/A,WT,N/A,N/A,N/A,WT,N/A,N/A,N/A,C2,N/A,Manual-Trizol
GSM972242,Homo sapiens,discovery,Male,69,1,T2,N0,M0,proximal,N,N/A,0,17,0,17,pMMR,-,-,N/A,N/A,N/A,N/A,M,g.35G>T,g.35G>T,p.G12V,WT,N/A,N/A,N/A,C5,N/A,Manual-Trizol
GSM972243,Homo sapiens,discovery,Male,66,2,T3,N0,M0,distal,N,N/A,0,2,0,2,pMMR,-,+,N/A,N/A,N/A,N/A,M,g.35G>C,g.35G>C,p.G12A,WT,N/A,N/A,N/A,C1,N/A,Manual-Trizol
GSM972244,Homo sapiens,discovery,Female,51,1,T1,N0,M0,distal,N,N/A,0,14,0,14,pMMR,-,N/A,N/A,N/A,N/A,N/A,WT,N/A,N/A,N/A,WT,N/A,N/A,N/A,C6,N/A,Manual-Trizol
GSM972245,Homo sapiens,discovery,Male,77,4,T4,N1,M1,distal,N,N/A,0,0,1,0,pMMR,-,+,N/A,N/A,N/A,N/A,M,g.35G>T,g.35G>T,p.G12V,WT,N/A,N/A,N/A,C1,N/A,Manual-Trizol
GSM972246,Homo sapiens,discovery,Female,92,3,T3,N1,M0,distal,N,N/A,0,0,0,0,pMMR,-,+,N/A,N/A,N/A,N/A,WT,N/A,N/A,N/A,WT,N/A,N/A,N/A,C5,N/A,Manual-Trizol
GSM972247,Homo sapiens,discovery,Male,79,2,T4,N0,M0,distal,N,N/A,0,6,0,6,pMMR,-,+,N/A,N/A,N/A,N/A,WT,N/A,N/A,N/A,WT,N/A,N/A,N/A,C1,N/A,Manual-Trizol
GSM972248,Homo sapiens,discovery,Male,58,2,T3,N0,M0,proximal,N,N/A,0,14,0,14,pMMR,+,+,N/A,N/A,N/A,N/A,N/A,N/A,N/A,N/A,N/A,N/A,N/A,N/A,C1,N/A,Manual-Trizol
GSM972249,Homo sapiens,discovery,Female,74,1,T1,N0,M0,proximal,N,N/A,0,14,0,14,pMMR,+,+,N/A,N/A,N/A,N/A,M,g.38G>A,g.38G>A,p.G13D,WT,N/A,N/A,N/A,C1,N/A,Manual-Trizol
GSM972250,Homo sapiens,discovery,Male,52,3,T3,N1,M0,distal,Y,FOLFOX,0,12,0,12,pMMR,-,+,N/A,N/A,N/A,N/A,M,g.35G>T,g.35G>T,p.G12V,WT,N/A,N/A,N/A,C5,N/A,Manual-Trizol
GSM972251,Homo sapiens,discovery,Male,57,4,T4,N1,M1,distal,Y,N/A,0,7,1,7,pMMR,-,+,N/A,N/A,N/A,N/A,M,g.38G>A,g.38G>A,p.G13D,WT,N/A,N/A,N/A,C5,N/A,Manual-Trizol
GSM972252,Homo sapiens,discovery,Female,37,4,T3,N1,M1,proximal,Y,FOLFIRI,0,16,0,16,pMMR,-,+,N/A,N/A,N/A,N/A,M,g.34G>T,g.34G>T,p.G12C,WT,N/A,N/A,N/A,C5,N/A,Manual-Trizol
GSM972253,Homo sapiens,discovery,Female,56,4,T3,N2,M1,proximal,Y,FOLFIRI,0,16,0,16,pMMR,-,+,N/A,N/A,N/A,N/A,WT,N/A,N/A,N/A,WT,N/A,N/A,N/A,C1,N/A,Manual-Trizol
GSM972254,Homo sapiens,discovery,Female,77,4,T3,N0,M1,distal,Y,5FU,1,9,0,14,pMMR,-,+,N/A,N/A,N/A,N/A,WT,N/A,N/A,N/A,WT,N/A,N/A,N/A,C5,N/A,Manual-Trizol
GSM972255,Homo sapiens,discovery,Female,81,2,T3,N0,M0,proximal,N,N/A,0,5,0,5,pMMR,-,+,N/A,N/A,N/A,N/A,WT,N/A,N/A,N/A,WT,N/A,N/A,N/A,C5,N/A,Manual-Trizol
GSM972256,Homo sapiens,discovery,Female,63,4,T4,N1,M1,distal,Y,FOLFOX,1,13,0,19,pMMR,-,+,N/A,N/A,N/A,N/A,WT,N/A,N/A,N/A,WT,N/A,N/A,N/A,C1,N/A,Manual-Trizol
GSM972257,Homo sapiens,discovery,Female,88,2,T4,N0,M0,distal,N,N/A,1,9,1,21,pMMR,-,+,N/A,N/A,N/A,N/A,M,g.35G>A,g.35G>A,p.G12D,WT,N/A,N/A,N/A,C1,N/A,Manual-Trizol
GSM972258,Homo sapiens,discovery,Female,77,2,T4,N0,M0,distal,N,N/A,0,0,1,0,pMMR,-,+,N/A,N/A,N/A,N/A,WT,N/A,N/A,N/A,WT,N/A,N/A,N/A,C1,N/A,Manual-Trizol
GSM972259,Homo sapiens,discovery,Female,72,2,T4,N0,M0,distal,Y,5FU,0,29,0,29,pMMR,-,+,N/A,N/A,N/A,N/A,M,g.35G>T,g.35G>T,p.G12V,WT,N/A,N/A,N/A,C3,N/A,Manual-Trizol
GSM972260,Homo sapiens,discovery,Male,70,4,T3,N2,M1,distal,Y,FOLFOX,0,13,0,13,pMMR,-,+,N/A,N/A,N/A,N/A,M,g.35G>T,g.35G>T,p.G12V,WT,N/A,N/A,N/A,C1,N/A,Manual-Trizol
GSM972261,Homo sapiens,discovery,Female,79,3,T4,N1,M0,proximal,N,N/A,0,7,1,7,dMMR,+,+,N/A,N/A,N/A,N/A,WT,N/A,N/A,N/A,M,N/A,N/A,N/A,C2,N/A,Manual-Trizol
GSM972262,Homo sapiens,discovery,Female,88,2,T4,N0,MX,distal,N/A,N/A,0,5,0,5,dMMR,+,-,N/A,N/A,N/A,N/A,WT,N/A,N/A,N/A,M,N/A,N/A,N/A,C4,N/A,Manual-Trizol
GSM972263,Homo sapiens,discovery,Male,32,3,T2,N1,M0,distal,Y,5FU,0,76,0,76,dMMR,+,-,N/A,N/A,N/A,N/A,WT,N/A,N/A,N/A,WT,N/A,N/A,N/A,C2,N/A,Manual-Trizol
GSM972264,Homo sapiens,discovery,Male,46,2,T3,N0,M0,proximal,N,N/A,0,73,0,73,dMMR,-,-,N/A,N/A,N/A,N/A,WT,N/A,N/A,N/A,WT,N/A,N/A,N/A,C2,N/A,Manual-Trizol
GSM972265,Homo sapiens,discovery,Female,78,3,T3,N1,M0,proximal,Y,5FU,0,60,0,60,dMMR,+,-,N/A,N/A,N/A,N/A,WT,N/A,N/A,N/A,M,N/A,N/A,N/A,C2,N/A,Manual-Trizol
GSM972266,Homo sapiens,discovery,Male,56,4,T4,N2,M1,distal,Y,FOLFOX,0,20,1,20,dMMR,-,-,N/A,N/A,N/A,N/A,WT,N/A,N/A,N/A,WT,N/A,N/A,N/A,C2,N/A,Manual-Trizol
GSM972267,Homo sapiens,discovery,Male,82,2,T3,N0,M0,distal,N,N/A,0,67,1,67,pMMR,-,+,N/A,N/A,N/A,N/A,WT,N/A,N/A,N/A,WT,N/A,N/A,N/A,C1,N/A,Manual-Trizol
GSM972268,Homo sapiens,discovery,Male,67,3,T2,N1,M0,distal,Y,FUFOL,0,48,0,48,pMMR,-,+,N/A,N/A,N/A,N/A,M,g.35G>A,g.35G>A,p.G12D,WT,N/A,N/A,N/A,C3,N/A,Manual-Trizol
GSM972269,Homo sapiens,discovery,Male,70,1,T2,N0,M0,proximal,N,N/A,0,79,0,79,pMMR,-,+,N/A,N/A,N/A,N/A,M,g.35G>A,g.35G>A,p.G12D,WT,N/A,N/A,N/A,C3,N/A,Manual-Trizol
GSM972270,Homo sapiens,discovery,Female,75,2,T4,N0,M0,proximal,N,N/A,0,65,0,65,dMMR,+,-,N/A,N/A,N/A,N/A,WT,N/A,N/A,N/A,M,N/A,N/A,N/A,C2,N/A,Manual-Trizol
GSM972271,Homo sapiens,discovery,Male,92,3,T4,N1,M0,proximal,N,N/A,1,13,1,14,pMMR,-,+,N/A,N/A,N/A,N/A,M,g.34G>T,g.34G>T,p.G12C,WT,N/A,N/A,N/A,C5,N/A,Manual-Trizol
GSM972272,Homo sapiens,discovery,Female,47,4,T3,N1,M1,proximal,Y,FOLFIRI,0,15,1,15,pMMR,+,+,N/A,N/A,N/A,N/A,M,g.35G>A,g.35G>A,p.G12D,WT,N/A,N/A,N/A,C1,N/A,Manual-Trizol
GSM972273,Homo sapiens,discovery,Male,84,0,Tis,N0,M0,distal,N,N/A,0,16,1,16,pMMR,-,+,N/A,N/A,N/A,N/A,M,g.38G>A,g.38G>A,p.G13D,WT,N/A,N/A,N/A,C3,N/A,Manual-Trizol
GSM972274,Homo sapiens,discovery,Female,91,3,T4,N2,M0,proximal,N,N/A,0,57,0,57,dMMR,+,-,N/A,N/A,N/A,N/A,WT,N/A,N/A,N/A,M,N/A,N/A,N/A,C2,N/A,Manual-Trizol
GSM972275,Homo sapiens,discovery,Male,76,2,T4,N0,M0,proximal,N,N/A,1,3,1,4,dMMR,+,-,N/A,N/A,N/A,N/A,WT,N/A,N/A,N/A,M,N/A,N/A,N/A,C4,N/A,Manual-Trizol
GSM972276,Homo sapiens,discovery,Male,59,3,T3,N2,M0,proximal,Y,5FU,0,43,0,43,dMMR,-,+,N/A,N/A,N/A,N/A,M,c.35G>C,c.35G>C,N/A,WT,N/A,N/A,N/A,C2,N/A,Manual-Trizol
GSM972277,Homo sapiens,discovery,Female,88,2,T4,N0,M0,proximal,N,N/A,0,51,0,51,dMMR,+,N/A,N/A,N/A,N/A,N/A,WT,N/A,N/A,N/A,M,N/A,N/A,N/A,C2,N/A,Manual-Trizol
GSM972278,Homo sapiens,discovery,Female,72,1,T2,N0,M0,proximal,N,N/A,0,45,0,45,dMMR,+,-,N/A,N/A,N/A,N/A,WT,N/A,N/A,N/A,M,N/A,N/A,N/A,C2,N/A,Manual-Trizol
GSM972279,Homo sapiens,discovery,Female,67,3,T3,N1,M0,proximal,Y,5FU,0,52,0,52,dMMR,+,+,N/A,N/A,N/A,N/A,WT,N/A,N/A,N/A,M,N/A,N/A,N/A,C4,N/A,Manual-Trizol
GSM972280,Homo sapiens,discovery,Female,79,2,T4,N0,M0,proximal,N,N/A,0,46,1,46,dMMR,+,+,N/A,N/A,N/A,N/A,M,c.39C>T,c.39C>T,p.G13D,WT,N/A,N/A,N/A,C2,N/A,Manual-Trizol
GSM972281,Homo sapiens,discovery,Male,64,1,T1,N0,M0,distal,N,N/A,0,56,0,56,pMMR,-,+,N/A,N/A,N/A,N/A,WT,N/A,N/A,N/A,WT,N/A,N/A,N/A,C5,N/A,Manual-Trizol
GSM972282,Homo sapiens,discovery,Female,79,1,T2,N0,M0,distal,N,N/A,0,51,0,51,dMMR,-,-,N/A,N/A,N/A,N/A,M,c.35G>A,c.35G>A,p.G12D,WT,N/A,N/A,N/A,C2,N/A,Manual-Trizol
GSM972283,Homo sapiens,discovery,Male,65,2,T3,N0,M0,proximal,N,N/A,0,51,0,51,dMMR,+,-,N/A,N/A,N/A,N/A,WT,N/A,N/A,N/A,WT,N/A,N/A,N/A,C2,N/A,Manual-Trizol
GSM972284,Homo sapiens,discovery,Female,63,4,T4,N2,M1,distal,Y,FOLFIRI,0,27,1,27,pMMR,-,+,N/A,N/A,N/A,N/A,M,g.34G>A,g.34G>A,p.G12S,WT,N/A,N/A,N/A,C5,N/A,Manual-Trizol
GSM972285,Homo sapiens,discovery,Male,71,2,T2,N0,M0,distal,N,N/A,0,2,1,2,dMMR,+,-,N/A,N/A,N/A,N/A,WT,N/A,N/A,N/A,WT,N/A,N/A,N/A,C2,N/A,Manual-Trizol
GSM972286,Homo sapiens,discovery,Male,24,2,T3,N0,M0,proximal,N,N/A,0,37,0,37,dMMR,+,-,N/A,N/A,N/A,N/A,M,c.38G>A,c.38G>A,p.G13D,WT,N/A,N/A,N/A,C2,N/A,Manual-Trizol
GSM972287,Homo sapiens,discovery,Male,77,2,T3,N0,M0,proximal,N,N/A,0,43,0,43,dMMR,+,-,N/A,N/A,N/A,N/A,WT,N/A,N/A,N/A,WT,N/A,N/A,N/A,C2,N/A,Manual-Trizol
GSM972288,Homo sapiens,discovery,Male,53,4,T4,N1,M1,distal,Y,FOLFIRI,0,35,1,35,pMMR,-,+,N/A,N/A,N/A,N/A,WT,N/A,N/A,N/A,WT,N/A,N/A,N/A,C5,N/A,Manual-Trizol
GSM972289,Homo sapiens,discovery,Male,72,4,T4,N1,M1,proximal,Y,5FU,0,17,1,17,pMMR,-,+,N/A,N/A,N/A,N/A,M,g.38G>A,g.38G>A,p.G13D,WT,N/A,N/A,N/A,C1,N/A,Manual-Trizol
GSM972290,Homo sapiens,discovery,Female,70,1,T2,N0,M0,distal,N,N/A,0,39,0,39,dMMR,-,+,N/A,N/A,N/A,N/A,WT,N/A,N/A,N/A,WT,N/A,N/A,N/A,C5,N/A,Manual-Trizol
GSM972291,Homo sapiens,discovery,Male,46,3,T4,N2,M0,distal,Y,FOLFOX,1,10,0,32,dMMR,-,-,N/A,N/A,N/A,N/A,M,c.38G>A,c.38G>A,p.G13D,WT,N/A,N/A,N/A,C4,N/A,Manual-Trizol
GSM972292,Homo sapiens,discovery,Female,62,2,T3,N0,M0,proximal,N,N/A,0,25,0,25,dMMR,N/A,-,N/A,N/A,N/A,N/A,WT,N/A,N/A,N/A,M,N/A,N/A,N/A,C2,N/A,Manual-Trizol
GSM972293,Homo sapiens,discovery,Male,N/A,1,T2,N0,M0,proximal,N,N/A,0,50,0,50,pMMR,-,+,N/A,N/A,N/A,N/A,M,g.35G>T,g.35G>T,p.G12V,WT,N/A,N/A,N/A,C2,N/A,Manual-Trizol
GSM972294,Homo sapiens,discovery,Male,74,2,T3,N0,M0,distal,N,N/A,0,25,0,25,dMMR,N/A,+,N/A,N/A,N/A,N/A,WT,N/A,N/A,N/A,M,N/A,N/A,N/A,C2,N/A,Manual-Trizol
GSM972295,Homo sapiens,discovery,Male,68,3,T4,N1,M0,proximal,Y,5FU,0,61,0,61,pMMR,-,+,N/A,N/A,N/A,N/A,M,g.35G>T,g.35G>T,p.G12V,WT,N/A,N/A,N/A,C3,N/A,Manual-Trizol
GSM972296,Homo sapiens,discovery,Female,77,0,Tis,N0,M0,distal,N,N/A,0,22,0,22,dMMR,N/A,-,N/A,N/A,N/A,N/A,M,codon 13 : GGC>GAC,codon 13 : GGC>GAC,N/A,WT,N/A,N/A,N/A,C3,N/A,Manual-Trizol
GSM972297,Homo sapiens,discovery,Male,77,1,T1,N0,M0,proximal,N,N/A,0,46,1,46,pMMR,+,-,N/A,N/A,N/A,N/A,M,g.35G>A,g.35G>A,p.G12D,WT,N/A,N/A,N/A,C2,N/A,Manual-Trizol
GSM972298,Homo sapiens,discovery,Female,83,2,T3,N0,M0,proximal,N,N/A,0,9,0,9,dMMR,N/A,-,N/A,N/A,N/A,N/A,N/A,N/A,N/A,N/A,N/A,N/A,N/A,N/A,C2,N/A,Manual-Trizol
GSM972299,Homo sapiens,discovery,Female,54,4,T4,N2,M1,distal,Y,FOLFIRI,0,41,1,41,pMMR,-,+,N/A,N/A,N/A,N/A,WT,N/A,N/A,N/A,WT,N/A,N/A,N/A,C5,N/A,Manual-Trizol
GSM972300,Homo sapiens,discovery,Male,75,0,Tis,N0,M0,proximal,N,N/A,0,41,0,41,pMMR,-,-,N/A,N/A,N/A,N/A,M,g.35G>A,g.35G>A,p.G12D,WT,N/A,N/A,N/A,C3,N/A,Manual-Trizol
GSM972301,Homo sapiens,discovery,Male,74,3,T3,N2,M0,distal,N,N/A,0,105,1,105,pMMR,-,+,M,N/A,N/A,N/A,WT,N/A,N/A,N/A,WT,N/A,N/A,N/A,C6,N/A,Manual-Rneasy Micro (Qiagen)
GSM972302,Homo sapiens,discovery,Male,79,3,T4,N1,M0,proximal,N,N/A,0,27,1,27,pMMR,-,+,WT,N/A,N/A,N/A,M,EX2.codon12,EX2.codon12,N/A,WT,N/A,N/A,N/A,C1,N/A,Manual-Rneasy Micro (Qiagen)
GSM972303,Homo sapiens,discovery,Female,80,1,T2,N0,M0,distal,N,N/A,0,19,0,19,pMMR,-,+,M,N/A,N/A,N/A,WT,N/A,N/A,N/A,WT,N/A,N/A,N/A,C1,N/A,Manual-Rneasy Micro (Qiagen)
GSM972304,Homo sapiens,discovery,Female,60,2,T3,N0,M0,distal,Y,FUFOL,0,30,0,30,pMMR,-,-,WT,N/A,N/A,N/A,M,EX2.codon12,EX2.codon12,N/A,WT,N/A,N/A,N/A,C3,N/A,Manual-Rneasy Micro (Qiagen)
GSM972305,Homo sapiens,discovery,Female,82,3,T4,N2,M0,proximal,N,N/A,0,31,0,31,dMMR,+,-,WT,N/A,N/A,N/A,WT,N/A,N/A,N/A,M,c.1799T>A,c.1799T>A,p.V600E,C2,N/A,Manual-Rneasy Micro (Qiagen)
GSM972306,Homo sapiens,discovery,Male,70,2,T3,N0,M0,distal,Y,5FU,0,56,0,56,pMMR,-,+,M,N/A,N/A,N/A,WT,N/A,N/A,N/A,WT,N/A,N/A,N/A,C1,N/A,Manual-Rneasy Micro (Qiagen)
GSM972307,Homo sapiens,discovery,Female,71,2,T3,N0,M0,proximal,Y,FUFOL,0,82,0,82,pMMR,-,+,WT,N/A,N/A,N/A,WT,N/A,N/A,N/A,WT,N/A,N/A,N/A,C1,N/A,Manual-Rneasy Micro (Qiagen)
GSM972308,Homo sapiens,discovery,Female,79,3,T3,N1,M0,proximal,N,N/A,0,92,0,92,pMMR,+,+,WT,N/A,N/A,N/A,WT,N/A,N/A,N/A,WT,N/A,N/A,N/A,C2,N/A,Manual-Rneasy Micro (Qiagen)
GSM972309,Homo sapiens,discovery,Male,78,2,T3,N0,M0,proximal,Y,FUFOL,0,95,0,95,pMMR,-,+,WT,N/A,N/A,N/A,WT,N/A,N/A,N/A,WT,N/A,N/A,N/A,C1,N/A,Manual-Rneasy Micro (Qiagen)
GSM972310,Homo sapiens,discovery,Female,80,3,T3,N1,M0,proximal,N,N/A,0,25,0,25,pMMR,-,+,M,N/A,N/A,N/A,M,EX2.codon12,EX2.codon12,N/A,WT,N/A,N/A,N/A,C1,N/A,Manual-Rneasy Micro (Qiagen)
GSM972311,Homo sapiens,discovery,Male,55,2,T3,N0,M0,distal,Y,5FU,0,106,0,106,pMMR,+,+,WT,N/A,N/A,N/A,WT,N/A,N/A,N/A,WT,N/A,N/A,N/A,C5,N/A,Manual-Rneasy Micro (Qiagen)
GSM972312,Homo sapiens,discovery,Male,71,2,T3,N0,M0,distal,N,N/A,0,97,1,97,pMMR,-,+,M,N/A,N/A,N/A,WT,N/A,N/A,N/A,WT,N/A,N/A,N/A,C5,N/A,Manual-Rneasy Micro (Qiagen)
GSM972313,Homo sapiens,discovery,Female,83,1,T2,N0,M0,distal,N,N/A,0,91,1,91,pMMR,-,+,M,N/A,N/A,N/A,WT,N/A,N/A,N/A,WT,N/A,N/A,N/A,C5,N/A,Manual-Rneasy Micro (Qiagen)
GSM972314,Homo sapiens,discovery,Female,86,3,T3,N1,M0,proximal,N,N/A,0,46,0,46,dMMR,+,-,WT,N/A,N/A,N/A,WT,N/A,N/A,N/A,M,c.1799T>A,c.1799T>A,p.V600E,C2,N/A,Manual-Rneasy Micro (Qiagen)
GSM972315,Homo sapiens,discovery,Female,60,1,T1,N0,M0,distal,N,N/A,0,84,0,84,pMMR,-,+,WT,N/A,N/A,N/A,M,EX2.codon12,EX2.codon12,N/A,WT,N/A,N/A,N/A,C3,N/A,Manual-Rneasy Micro (Qiagen)
GSM972316,Homo sapiens,discovery,Female,77,2,T3,N0,M0,proximal,N,N/A,0,83,0,83,dMMR,+,+,WT,N/A,N/A,N/A,WT,N/A,N/A,N/A,M,c.1799T>A,c.1799T>A,p.V600E,C2,N/A,Manual-Rneasy Micro (Qiagen)
GSM972317,Homo sapiens,discovery,Male,85,2,T3,N0,M0,proximal,N,N/A,1,5,1,30,dMMR,+,+,WT,N/A,N/A,N/A,WT,N/A,N/A,N/A,M,c.1799T>A,c.1799T>A,p.V600E,C2,N/A,Manual-Rneasy Micro (Qiagen)
GSM972318,Homo sapiens,discovery,Female,84,2,T3,N0,M0,proximal,N,N/A,0,36,1,36,pMMR,-,+,WT,N/A,N/A,N/A,M,EX2.codon13,EX2.codon13,N/A,WT,N/A,N/A,N/A,C1,N/A,Manual-Rneasy Micro (Qiagen)
GSM972319,Homo sapiens,discovery,Female,71,2,T3,N0,M0,distal,Y,FUFOL,0,78,1,78,pMMR,-,+,M,N/A,N/A,N/A,M,EX2.codon12,EX2.codon12,N/A,WT,N/A,N/A,N/A,C1,N/A,Manual-Rneasy Micro (Qiagen)
GSM972320,Homo sapiens,discovery,Male,64,3,T2,N1,M0,distal,N,N/A,1,10,1,58,pMMR,-,+,M,N/A,N/A,N/A,M,EX2.codon12,EX2.codon12,N/A,WT,N/A,N/A,N/A,C6,N/A,Manual-Rneasy Micro (Qiagen)
GSM972321,Homo sapiens,discovery,Male,52,3,T3,N2,M0,distal,N,N/A,0,9,0,9,pMMR,-,+,M,N/A,N/A,N/A,WT,N/A,N/A,N/A,WT,N/A,N/A,N/A,C6,N/A,Manual-Rneasy Micro (Qiagen)
GSM972322,Homo sapiens,discovery,Male,46,2,T3,N0,M0,distal,Y,FUFOL,1,66,1,86,pMMR,-,+,WT,N/A,N/A,N/A,M,EX2.codon12,EX2.codon12,N/A,WT,N/A,N/A,N/A,C1,N/A,Manual-Rneasy Micro (Qiagen)
GSM972323,Homo sapiens,discovery,Female,67,3,T3,N1,M0,distal,Y,5FU,0,80,0,80,pMMR,-,+,M,N/A,N/A,N/A,WT,N/A,N/A,N/A,WT,N/A,N/A,N/A,C5,N/A,Manual-Rneasy Micro (Qiagen)
GSM972324,Homo sapiens,discovery,Male,72,2,T3,N0,M0,distal,N,N/A,0,82,0,82,pMMR,-,+,WT,N/A,N/A,N/A,M,EX2.codon13,EX2.codon13,N/A,WT,N/A,N/A,N/A,C5,N/A,Manual-Rneasy Micro (Qiagen)
GSM972325,Homo sapiens,discovery,Male,55,3,T3,N1,M0,proximal,N,N/A,1,53,0,71,pMMR,+,N/A,WT,N/A,N/A,N/A,M,EX2.codon12,EX2.codon12,N/A,WT,N/A,N/A,N/A,C3,N/A,Manual-Rneasy Micro (Qiagen)
GSM972326,Homo sapiens,discovery,Female,71,2,T3,N0,M0,distal,Y,FUFOL,0,85,0,85,pMMR,-,+,M,N/A,N/A,N/A,M,EX2.codon13,EX2.codon13,N/A,WT,N/A,N/A,N/A,C3,N/A,Manual-Rneasy Micro (Qiagen)
GSM972327,Homo sapiens,discovery,Male,60,2,T3,N0,M0,proximal,N,N/A,0,83,0,83,pMMR,-,+,WT,N/A,N/A,N/A,WT,N/A,N/A,N/A,WT,N/A,N/A,N/A,C2,N/A,Manual-Rneasy Micro (Qiagen)
GSM972328,Homo sapiens,discovery,Male,74,3,T3,N2,M0,distal,Y,FUFOL,1,78,0,82,pMMR,-,+,WT,N/A,N/A,N/A,WT,N/A,N/A,N/A,WT,N/A,N/A,N/A,C5,N/A,Manual-Rneasy Micro (Qiagen)
GSM972329,Homo sapiens,discovery,Male,61,2,T3,N0,M0,distal,N,N/A,0,78,0,78,pMMR,-,+,WT,N/A,N/A,N/A,WT,N/A,N/A,N/A,WT,N/A,N/A,N/A,C6,N/A,Manual-Rneasy Micro (Qiagen)
GSM972330,Homo sapiens,discovery,Female,79,2,T3,N0,M0,proximal,N,N/A,0,86,0,86,dMMR,-,-,WT,N/A,N/A,N/A,M,EX2.codon12,EX2.codon12,N/A,WT,N/A,N/A,N/A,C2,N/A,Manual-Rneasy Micro (Qiagen)
GSM972331,Homo sapiens,discovery,Male,79,2,T3,N0,M0,distal,N,N/A,0,75,1,75,pMMR,-,+,WT,N/A,N/A,N/A,WT,N/A,N/A,N/A,WT,N/A,N/A,N/A,C5,N/A,Manual-Rneasy Micro (Qiagen)
GSM972332,Homo sapiens,discovery,Female,72,2,T3,N0,M0,distal,N,N/A,0,87,0,87,dMMR,+,-,M,N/A,N/A,N/A,WT,N/A,N/A,N/A,M,c.1799T>A,c.1799T>A,p.V600E,C2,N/A,Manual-Rneasy Micro (Qiagen)
GSM972333,Homo sapiens,discovery,Male,49,2,T3,N0,M0,distal,Y,FUFOL,0,80,0,80,pMMR,-,+,M,N/A,N/A,N/A,WT,N/A,N/A,N/A,WT,N/A,N/A,N/A,C1,N/A,Manual-Rneasy Micro (Qiagen)
GSM972334,Homo sapiens,discovery,Female,79,3,T3,N2,M0,proximal,Y,5FU,0,77,0,77,dMMR,+,+,WT,N/A,N/A,N/A,WT,N/A,N/A,N/A,M,c.1799T>A,c.1799T>A,p.V600E,C2,N/A,Manual-Rneasy Micro (Qiagen)
GSM972335,Homo sapiens,discovery,Male,73,1,T2,N0,M0,distal,N,N/A,0,46,1,46,pMMR,-,+,M,N/A,N/A,N/A,WT,N/A,N/A,N/A,WT,N/A,N/A,N/A,C1,N/A,Manual-Rneasy Micro (Qiagen)
GSM972336,Homo sapiens,discovery,Male,63,3,T3,N1,M0,distal,Y,5FU,0,50,0,50,pMMR,-,+,M,N/A,N/A,N/A,WT,N/A,N/A,N/A,WT,N/A,N/A,N/A,C6,N/A,Manual-Rneasy Micro (Qiagen)
GSM972337,Homo sapiens,discovery,Female,80,3,T3,N1,M0,proximal,N,N/A,0,41,1,41,dMMR,+,-,WT,N/A,N/A,N/A,WT,N/A,N/A,N/A,M,c.1799T>A,c.1799T>A,p.V600E,C2,N/A,Manual-Rneasy Micro (Qiagen)
GSM972338,Homo sapiens,discovery,Male,69,2,T3,N0,M0,distal,Y,FUFOL,0,74,0,74,pMMR,-,+,M,N/A,N/A,N/A,WT,N/A,N/A,N/A,WT,N/A,N/A,N/A,C6,N/A,Manual-Rneasy Micro (Qiagen)
GSM972339,Homo sapiens,discovery,Male,67,3,T3,N1,M0,proximal,Y,5FU,0,76,0,76,pMMR,-,+,M,N/A,N/A,N/A,M,EX2.codon12,EX2.codon12,N/A,WT,N/A,N/A,N/A,C1,N/A,Manual-Rneasy Micro (Qiagen)
GSM972340,Homo sapiens,discovery,Male,75,2,T3,N0,M0,distal,N,N/A,1,48,0,84,pMMR,-,+,WT,N/A,N/A,N/A,WT,N/A,N/A,N/A,WT,N/A,N/A,N/A,C5,N/A,Manual-Rneasy Micro (Qiagen)
GSM972341,Homo sapiens,discovery,Female,89,3,T3,N1,M0,distal,N,N/A,0,69,0,69,pMMR,-,+,M,N/A,N/A,N/A,WT,N/A,N/A,N/A,WT,N/A,N/A,N/A,C5,N/A,Manual-Rneasy Micro (Qiagen)
GSM972342,Homo sapiens,discovery,Male,78,1,T2,N0,M0,distal,N,N/A,0,28,0,28,pMMR,-,+,WT,N/A,N/A,N/A,WT,N/A,N/A,N/A,WT,N/A,N/A,N/A,C1,N/A,Manual-Rneasy Micro (Qiagen)
GSM972343,Homo sapiens,discovery,Male,86,2,T3,N0,M0,proximal,N,N/A,0,52,1,52,pMMR,-,+,M,N/A,N/A,N/A,M,EX2.codon12,EX2.codon12,N/A,WT,N/A,N/A,N/A,C5,N/A,Manual-Rneasy Micro (Qiagen)
GSM972344,Homo sapiens,discovery,Female,70,2,T3,N0,M0,distal,N,N/A,0,75,0,75,pMMR,-,+,M,N/A,N/A,N/A,WT,N/A,N/A,N/A,WT,N/A,N/A,N/A,C5,N/A,Manual-Rneasy Micro (Qiagen)
GSM972345,Homo sapiens,discovery,Male,83,3,T3,N2,M0,proximal,N,N/A,1,41,1,42,pMMR,-,+,WT,N/A,N/A,N/A,M,EX2.codon12,EX2.codon12,N/A,WT,N/A,N/A,N/A,C4,N/A,Manual-Rneasy Micro (Qiagen)
GSM972346,Homo sapiens,discovery,Female,82,3,T3,N1,M0,distal,N,N/A,0,72,1,72,dMMR,+,-,M,N/A,N/A,N/A,WT,N/A,N/A,N/A,M,c.1799T>A,c.1799T>A,p.V600E,C2,N/A,Manual-Rneasy Micro (Qiagen)
GSM972347,Homo sapiens,discovery,Female,73,2,T3,N0,M0,distal,N,N/A,0,7,0,7,pMMR,-,+,M,N/A,N/A,N/A,WT,N/A,N/A,N/A,WT,N/A,N/A,N/A,C5,N/A,Manual-Rneasy Micro (Qiagen)
GSM972348,Homo sapiens,discovery,Male,60,2,T3,N0,M0,distal,Y,FUFOL,0,62,0,62,pMMR,-,N/A,WT,N/A,N/A,N/A,M,EX2.codon12,EX2.codon12,N/A,WT,N/A,N/A,N/A,C1,N/A,Manual-Rneasy Micro (Qiagen)
GSM972349,Homo sapiens,discovery,Female,79,3,T4,N1,M0,proximal,Y,FUFOL,0,5,1,5,pMMR,-,-,WT,N/A,N/A,N/A,M,EX2.codon12,EX2.codon12,N/A,WT,N/A,N/A,N/A,C4,N/A,Manual-Rneasy Micro (Qiagen)
GSM972350,Homo sapiens,discovery,Female,84,3,T3,N1,M0,distal,N,N/A,N/A,9,1,9,pMMR,-,-,WT,N/A,N/A,N/A,WT,N/A,N/A,N/A,WT,N/A,N/A,N/A,C3,N/A,Manual-Rneasy Mini (Qiagen)
GSM972351,Homo sapiens,discovery,Male,71,2,T4,N0,M0,distal,N,N/A,0,24,0,24,N/A,-,+,N/A,N/A,N/A,N/A,WT,N/A,N/A,N/A,WT,N/A,N/A,N/A,C6,N/A,Manual-Rneasy Mini (Qiagen)
GSM972352,Homo sapiens,discovery,Male,66,3,T3,N2,M0,distal,Y,FUFOL,1,74,0,139,pMMR,-,+,M,N/A,N/A,N/A,WT,N/A,N/A,N/A,WT,N/A,N/A,N/A,C5,N/A,Manual-Rneasy Mini (Qiagen)
GSM972353,Homo sapiens,discovery,Female,46,2,T4,N0,M0,proximal,Y,FUFOL,0,133,0,133,dMMR,-,-,WT,N/A,N/A,N/A,M,EX2.codon12,EX2.codon12,N/A,WT,N/A,N/A,N/A,C2,N/A,Manual-Rneasy Mini (Qiagen)
GSM972354,Homo sapiens,discovery,Female,68,3,T3,N2,M0,proximal,N,N/A,1,23,1,95,pMMR,-,+,M,N/A,N/A,N/A,WT,N/A,N/A,N/A,WT,N/A,N/A,N/A,C2,N/A,Manual-Rneasy Mini (Qiagen)
GSM972355,Homo sapiens,discovery,Male,72,2,T3,N0,M0,distal,Y,FUFOL,1,17,1,34,pMMR,-,+,M,N/A,N/A,N/A,M,EX2.codon12,EX2.codon12,N/A,WT,N/A,N/A,N/A,C5,N/A,Manual-Rneasy Mini (Qiagen)
GSM972356,Homo sapiens,discovery,Female,73,2,T3,N0,M0,distal,N,N/A,N/A,53,1,53,pMMR,-,+,M,N/A,N/A,N/A,WT,N/A,N/A,N/A,WT,N/A,N/A,N/A,C1,N/A,Manual-Rneasy Mini (Qiagen)
GSM972357,Homo sapiens,discovery,Female,88,2,T3,N0,M0,distal,N,N/A,0,42,1,42,pMMR,-,-,WT,N/A,N/A,N/A,WT,N/A,N/A,N/A,WT,N/A,N/A,N/A,C6,N/A,Manual-Rneasy Mini (Qiagen)
GSM972358,Homo sapiens,discovery,Female,53,2,T3,N0,M0,distal,Y,FUFOL,0,81,0,81,pMMR,-,+,M,N/A,N/A,N/A,WT,N/A,N/A,N/A,WT,N/A,N/A,N/A,C5,N/A,Manual-Rneasy Mini (Qiagen)
GSM972359,Homo sapiens,discovery,Female,56,2,T3,N0,M0,proximal,Y,FUFOL,1,12,1,30,pMMR,-,-,WT,N/A,N/A,N/A,WT,N/A,N/A,N/A,WT,N/A,N/A,N/A,C6,N/A,Manual-Rneasy Mini (Qiagen)
GSM972360,Homo sapiens,discovery,Female,54,3,T3,N1,M0,distal,Y,FUFOL,0,141,0,141,pMMR,-,+,M,N/A,N/A,N/A,WT,N/A,N/A,N/A,WT,N/A,N/A,N/A,C5,N/A,Manual-Rneasy Mini (Qiagen)
GSM972361,Homo sapiens,discovery,Female,72,3,T4,N2,M0,distal,Y,5FU,1,18,1,19,pMMR,+,+,M,N/A,N/A,N/A,M,EX2.codon12,EX2.codon12,N/A,WT,N/A,N/A,N/A,C4,N/A,Manual-Rneasy Mini (Qiagen)
GSM972362,Homo sapiens,discovery,Male,50,3,T3,N1,M0,proximal,Y,5FU,0,98,0,98,pMMR,-,+,M,N/A,N/A,N/A,M,EX2.codon12,EX2.codon12,N/A,WT,N/A,N/A,N/A,C1,N/A,Manual-Rneasy Mini (Qiagen)
GSM972363,Homo sapiens,discovery,Female,68,3,T3,N1,M0,distal,Y,FUFOL,0,140,0,140,pMMR,-,+,M,N/A,N/A,N/A,M,EX2.codon12,EX2.codon12,N/A,WT,N/A,N/A,N/A,C5,N/A,Manual-Rneasy Mini (Qiagen)
GSM972364,Homo sapiens,discovery,Female,71,3,T3,N1,M0,proximal,Y,FUFOL,0,103,0,103,pMMR,+,+,M,N/A,N/A,N/A,M,EX2.codon13,EX2.codon13,N/A,WT,N/A,N/A,N/A,C3,N/A,Manual-Rneasy Mini (Qiagen)
GSM972365,Homo sapiens,discovery,Female,59,3,T3,N2,M0,proximal,Y,FUFOL,0,47,0,47,pMMR,+,+,M,N/A,N/A,N/A,M,EX2.codon12,EX2.codon12,N/A,WT,N/A,N/A,N/A,C4,N/A,Manual-Rneasy Mini (Qiagen)
GSM972366,Homo sapiens,discovery,Male,50,3,T3,N2,M0,proximal,Y,FOLFOX,1,14,1,24,pMMR,-,+,WT,N/A,N/A,N/A,M,EX2.codon12,EX2.codon12,N/A,WT,N/A,N/A,N/A,C6,N/A,Manual-Rneasy Mini (Qiagen)
GSM972367,Homo sapiens,discovery,Male,72,3,T3,N1,M0,distal,Y,FUFOL,0,95,0,95,pMMR,-,+,M,c.857A>T,c.857A>T,p.E286V,M,c.35G>A,c.35G>A,p.G12D,WT,N/A,N/A,N/A,C4,N/A,Manual-Rneasy Mini (Qiagen)
GSM972368,Homo sapiens,discovery,Female,70,3,T3,N1,M0,distal,Y,FUFOL,0,92,0,92,pMMR,-,+,M,c.695T>C,c.695T>C,p.I232T,WT,N/A,N/A,N/A,WT,N/A,N/A,N/A,C1,N/A,Manual-Rneasy Mini (Qiagen)
GSM972369,Homo sapiens,discovery,Male,58,3,T3,N2,M0,distal,Y,FUFOL,1,18,1,102,pMMR,-,+,M,N/A,N/A,N/A,WT,N/A,N/A,N/A,WT,N/A,N/A,N/A,C5,N/A,Manual-Rneasy Mini (Qiagen)
GSM972370,Homo sapiens,discovery,Female,73,3,T3,N1,M0,distal,Y,FUFOL,1,32,1,71,pMMR,-,+,M,N/A,N/A,N/A,WT,N/A,N/A,N/A,WT,N/A,N/A,N/A,C1,N/A,Manual-Rneasy Mini (Qiagen)
GSM972371,Homo sapiens,discovery,Male,47,3,T3,N1,M0,proximal,Y,FOLFIRI,0,81,0,81,pMMR,-,+,M,N/A,N/A,N/A,WT,N/A,N/A,N/A,WT,N/A,N/A,N/A,C5,N/A,Manual-Rneasy Mini (Qiagen)
GSM972372,Homo sapiens,discovery,Male,59,3,T4,N2,M0,proximal,Y,5FU,1,33,1,50,pMMR,-,+,M,N/A,N/A,N/A,M,EX2.codon12,EX2.codon12,N/A,WT,N/A,N/A,N/A,C1,N/A,Manual-Rneasy Mini (Qiagen)
GSM972373,Homo sapiens,discovery,Male,66,3,T3,N1,M0,proximal,Y,FUFOL,1,37,0,79,pMMR,-,+,M,N/A,N/A,N/A,WT,N/A,N/A,N/A,WT,N/A,N/A,N/A,C5,N/A,Manual-Rneasy Mini (Qiagen)
GSM972374,Homo sapiens,discovery,Male,65,3,T1,N1,M0,distal,Y,FUFOL,0,90,0,90,pMMR,-,+,WT,N/A,N/A,N/A,WT,N/A,N/A,N/A,WT,N/A,N/A,N/A,C6,N/A,Manual-Rneasy Mini (Qiagen)
GSM972375,Homo sapiens,discovery,Female,46,3,T3,N1,M0,proximal,Y,FUFOL,0,117,0,117,pMMR,+,+,WT,N/A,N/A,N/A,M,EX2.codon12,EX2.codon12,N/A,WT,N/A,N/A,N/A,C4,N/A,Manual-Rneasy Mini (Qiagen)
GSM972376,Homo sapiens,discovery,Female,73,3,T3,N2,M0,distal,Y,5FU,0,87,0,87,pMMR,-,+,M,N/A,N/A,N/A,WT,N/A,N/A,N/A,WT,N/A,N/A,N/A,C5,N/A,Manual-Rneasy Mini (Qiagen)
GSM972377,Homo sapiens,discovery,Female,59,3,T3,N1,M0,distal,Y,5FU,0,82,0,82,pMMR,-,+,WT,N/A,N/A,N/A,WT,N/A,N/A,N/A,WT,N/A,N/A,N/A,C5,N/A,Manual-Rneasy Mini (Qiagen)
GSM972378,Homo sapiens,discovery,Male,78,3,T3,N2,M0,proximal,Y,FUFOL,0,86,0,86,pMMR,-,+,WT,N/A,N/A,N/A,WT,N/A,N/A,N/A,WT,N/A,N/A,N/A,C5,N/A,Manual-Rneasy Mini (Qiagen)
GSM972379,Homo sapiens,discovery,Female,63,3,T2,N1,M0,distal,Y,FUFOL,0,95,0,95,pMMR,-,+,M,N/A,N/A,N/A,M,EX2.codon12,EX2.codon12,N/A,WT,N/A,N/A,N/A,C3,N/A,Manual-Rneasy Mini (Qiagen)
GSM972380,Homo sapiens,discovery,Female,64,3,T3,N2,M0,proximal,Y,5FU,1,6,1,15,pMMR,-,+,M,N/A,N/A,N/A,M,EX2.codon12,EX2.codon12,N/A,WT,N/A,N/A,N/A,C4,N/A,Manual-Rneasy Mini (Qiagen)
GSM972381,Homo sapiens,discovery,Male,63,2,T3,N0,M0,distal,Y,FUFOL,1,27,1,48,pMMR,-,+,M,N/A,N/A,N/A,WT,N/A,N/A,N/A,WT,N/A,N/A,N/A,C5,N/A,Manual-Rneasy Mini (Qiagen)
GSM972382,Homo sapiens,discovery,Male,58,2,T3,N0,M0,proximal,N,N/A,1,37,1,38,pMMR,-,+,M,c.466C>T'+'  c.524G>A,c.466C>T'+'  c.524G>A,p.R156C'+'  p.R175H,M,c.35G>A,c.35G>A,p.G12D,WT,N/A,N/A,N/A,C5,N/A,Manual-Rneasy Mini (Qiagen)
GSM972383,Homo sapiens,discovery,Female,70,2,T3,N0,M0,distal,N,N/A,0,92,0,92,pMMR,-,+,M,N/A,N/A,N/A,WT,N/A,N/A,N/A,WT,N/A,N/A,N/A,C6,N/A,Manual-Rneasy Mini (Qiagen)
GSM972384,Homo sapiens,discovery,Male,61,2,T3,N0,M0,distal,N,N/A,0,106,1,106,pMMR,-,+,M,N/A,N/A,N/A,WT,N/A,N/A,N/A,WT,N/A,N/A,N/A,C5,N/A,Manual-Rneasy Mini (Qiagen)
GSM972385,Homo sapiens,discovery,Male,70,2,T3,N0,M0,distal,N,N/A,0,63,0,63,pMMR,-,+,M,c.469G>T,c.469G>T,p.V157F,WT,N/A,N/A,N/A,WT,N/A,N/A,N/A,C4,N/A,Manual-Rneasy Mini (Qiagen)
GSM972386,Homo sapiens,discovery,Female,77,2,T3,N0,M0,proximal,N,N/A,0,90,0,90,pMMR,-,+,M,c.530C>G,c.530C>G,p.P177R,M,c.35G>A,c.35G>A,p.G12D,WT,N/A,N/A,N/A,C1,N/A,Manual-Rneasy Mini (Qiagen)
GSM972387,Homo sapiens,discovery,Male,62,2,T3,N0,M0,distal,N,N/A,1,24,0,123,pMMR,-,+,M,N/A,N/A,N/A,WT,N/A,N/A,N/A,WT,N/A,N/A,N/A,C1,N/A,Manual-Rneasy Mini (Qiagen)
GSM972388,Homo sapiens,discovery,Female,75,2,T3,N0,M0,distal,N,N/A,0,83,1,83,pMMR,-,+,M,N/A,N/A,N/A,WT,N/A,N/A,N/A,WT,N/A,N/A,N/A,C1,N/A,Manual-Rneasy Mini (Qiagen)
GSM972389,Homo sapiens,discovery,Male,77,2,T4,N0,M0,proximal,N,N/A,0,93,0,93,pMMR,-,+,WT,N/A,N/A,N/A,M,EX2.codon12,EX2.codon12,N/A,WT,N/A,N/A,N/A,C3,N/A,RNA NOW
GSM972390,Homo sapiens,discovery,Male,87,3,T3,N1,M0,proximal,N,N/A,1,6,1,8,dMMR,-,-,M,c.785G>A,c.785G>A,p.G262D,M,c.38G>A,c.38G>A,p.G13D,WT,N/A,N/A,N/A,C3,N/A,TriReagent & Manual-Rneasy Mini (Qiagen)
GSM972391,Homo sapiens,discovery,Male,68,2,T3,N0,M0,proximal,N,N/A,1,43,1,52,dMMR,+,-,WT,N/A,N/A,N/A,WT,N/A,N/A,N/A,M,c.1799T>A,c.1799T>A,p.V600E,C2,N/A,TriReagent & Manual-Rneasy Mini (Qiagen)
GSM972392,Homo sapiens,discovery,Female,75,2,T4,N0,M0,proximal,N,N/A,1,21,1,44,pMMR,-,+,WT,N/A,N/A,N/A,M,c.436A>T,c.436A>T,p.A146T,WT,N/A,N/A,N/A,C1,N/A,TriReagent & Manual-Rneasy Mini (Qiagen)
GSM972393,Homo sapiens,discovery,Male,76,2,T3,N0,M0,proximal,N,N/A,1,5,1,47,pMMR,-,+,WT,N/A,N/A,N/A,M,c.351A>C,c.351A>C,p.K117N,WT,N/A,N/A,N/A,C5,N/A,TriReagent & Manual-Rneasy Mini (Qiagen)
GSM972394,Homo sapiens,discovery,Male,81,3,T3,N1,M0,distal,N,N/A,1,6,1,11,pMMR,-,+,M,c.587C>T,c.587C>T,p.R196X,M,EX2.codon12,EX2.codon12,N/A,WT,N/A,N/A,N/A,C6,N/A,TriReagent & Manual-Rneasy Mini (Qiagen)
GSM972395,Homo sapiens,discovery,Male,64,3,T4,N1,M0,distal,Y,FUFOL,0,147,0,147,pMMR,-,+,M,c.587C>T,c.587C>T,p.R196X,WT,N/A,N/A,N/A,WT,N/A,N/A,N/A,C5,N/A,TriReagent & Manual-Rneasy Mini (Qiagen)
GSM972396,Homo sapiens,discovery,Male,72,2,T3,N0,M0,proximal,N,N/A,0,107,0,107,pMMR,-,+,WT,N/A,N/A,N/A,WT,N/A,N/A,N/A,WT,N/A,N/A,N/A,C3,N/A,TriReagent & Manual-Rneasy Mini (Qiagen)
GSM972397,Homo sapiens,discovery,Female,83,2,T3,N0,M0,distal,N,N/A,0,105,0,105,pMMR,-,+,M,c.455C>T,c.455C>T,p.P152L,M,c.34G>A,c.34G>A,p.G12S,WT,N/A,N/A,N/A,C1,N/A,TriReagent & Manual-Rneasy Mini (Qiagen)
GSM972398,Homo sapiens,discovery,Male,65,2,T3,N0,M0,distal,N,N/A,0,64,1,64,pMMR,-,+,M,c.524G>A,c.524G>A,p.R175H,WT,N/A,N/A,N/A,WT,N/A,N/A,N/A,C1,N/A,TriReagent & Manual-Rneasy Mini (Qiagen)
GSM972399,Homo sapiens,discovery,Female,54,3,T4,N1,M0,distal,N,N/A,0,90,0,90,pMMR,N/A,+,M,c.524G>A,c.524G>A,p.R175H,WT,N/A,N/A,N/A,WT,N/A,N/A,N/A,C5,N/A,TriReagent & Manual-Rneasy Mini (Qiagen)
GSM972400,Homo sapiens,validation,Female,67.8,4,T4,N2,M1,distal,Y,N/A,1,8,1,11,pMMR,-,+,M,N/A,N/A,N/A,M,N/A,N/A,N/A,WT,N/A,N/A,N/A,C6,N/A,Manual-Trizol
GSM972401,Homo sapiens,validation,Male,69,2,T3,N0,M0,proximal,N,N/A,0,0,1,0,pMMR,+,-,N/A,N/A,N/A,N/A,M,c.38G>A,c.38G>A,N/A,WT,N/A,N/A,N/A,C4,N/A,Manual-Rneasy Mini (Qiagen)
GSM972402,Homo sapiens,validation,Male,71,2,T3,N0,M1,proximal,Y,FOLFIRI,1,0,1,31,N/A,-,+,N/A,N/A,N/A,N/A,M,c.34G>A,c.34G>A,N/A,WT,N/A,N/A,N/A,C5,N/A,Manual-Rneasy Mini (Qiagen)
GSM972403,Homo sapiens,validation,Female,70,2,T3,N0,M0,proximal,N,N/A,0,56,0,56,N/A,-,-,N/A,N/A,N/A,N/A,M,c.38G>A,c.38G>A,N/A,WT,N/A,N/A,N/A,C2,N/A,Manual-Rneasy Mini (Qiagen)
GSM972404,Homo sapiens,validation,Male,68,2,T3,N0,M0,distal,N,N/A,0,48,0,48,N/A,-,+,N/A,N/A,N/A,N/A,WT,N/A,N/A,N/A,WT,N/A,N/A,N/A,C1,N/A,Manual-Rneasy Mini (Qiagen)
GSM972405,Homo sapiens,validation,Female,70,2,T4,N0,M0,distal,N,N/A,0,79,1,79,N/A,-,+,N/A,N/A,N/A,N/A,WT,N/A,N/A,N/A,WT,N/A,N/A,N/A,C5,N/A,Manual-Rneasy Mini (Qiagen)
GSM972406,Homo sapiens,validation,Female,66,2,T3,N0,M0,distal,N,N/A,0,106,0,106,N/A,-,+,N/A,N/A,N/A,N/A,WT,N/A,N/A,N/A,WT,N/A,N/A,N/A,C2,N/A,Manual-Rneasy Mini (Qiagen)
GSM972407,Homo sapiens,validation,Female,42,2,T4,N0,M0,distal,Y,FUFOL,0,132,0,132,N/A,-,+,N/A,N/A,N/A,N/A,WT,N/A,N/A,N/A,WT,N/A,N/A,N/A,C5,N/A,Manual-Rneasy Mini (Qiagen)
GSM972408,Homo sapiens,validation,Male,66,2,T3,N0,M0,distal,Y,FUFOL,0,32,1,32,N/A,-,+,N/A,N/A,N/A,N/A,WT,N/A,N/A,N/A,WT,N/A,N/A,N/A,C5,N/A,Manual-Rneasy Mini (Qiagen)
GSM972409,Homo sapiens,validation,Female,72,2,T4,N0,M0,distal,N,N/A,0,104,0,104,N/A,-,+,N/A,N/A,N/A,N/A,WT,N/A,N/A,N/A,WT,N/A,N/A,N/A,C4,N/A,Manual-Rneasy Mini (Qiagen)
GSM972410,Homo sapiens,validation,Female,68,2,T3,N0,M0,distal,N,N/A,0,91,0,91,N/A,-,+,N/A,N/A,N/A,N/A,WT,N/A,N/A,N/A,WT,N/A,N/A,N/A,C5,N/A,Manual-Rneasy Mini (Qiagen)
GSM972411,Homo sapiens,validation,Female,48,3,T1,N1,M0,distal,Y,N/A,0,125,0,125,pMMR,N/A,N/A,M,N/A,N/A,N/A,M,c.35G>A,c.35G>A,p.G12D,N/A,N/A,N/A,N/A,C1,N/A,TriReagent & Manual-Rneasy Mini (Qiagen)
GSM972412,Homo sapiens,validation,Male,78,3,T3,N2,M0,proximal,Y,N/A,1,5,1,8,pMMR,N/A,N/A,M,N/A,N/A,N/A,WT,N/A,N/A,N/A,N/A,N/A,N/A,N/A,C4,N/A,TriReagent & Manual-Rneasy Mini (Qiagen)
GSM972413,Homo sapiens,validation,Male,66,3,T3,N1,M0,distal,Y,N/A,1,16,1,20,pMMR,N/A,N/A,M,c.641A>G,c.641A>G,p.H214R,WT,N/A,N/A,N/A,WT,N/A,N/A,N/A,C4,N/A,TriReagent & Manual-Rneasy Mini (Qiagen)
GSM972414,Homo sapiens,validation,Female,52,2,T3,N0,M0,distal,N,N/A,0,53,0,53,pMMR,-,+,WT,N/A,N/A,N/A,WT,N/A,N/A,N/A,WT,N/A,N/A,N/A,C1,N/A,TriReagent & Manual-Rneasy Mini (Qiagen)
GSM972415,Homo sapiens,validation,Male,69,3,T3,N1,M0,distal,Y,N/A,1,8,1,42,pMMR,N/A,N/A,M,N/A,N/A,N/A,M,c.35G>T,c.35G>T,p.G12V,N/A,N/A,N/A,N/A,C1,N/A,TriReagent & Manual-Rneasy Mini (Qiagen)
GSM972416,Homo sapiens,validation,Male,49,2,T4,N0,M0,distal,Y,N/A,1,5,1,8,pMMR,-,+,M,EX6'+'  EX8.c.844C>T,EX6'+'  EX8.c.844C>T,EX6'+'  EX8.p.R282W,M,c.35G>A,c.35G>A,p.G12D,WT,N/A,N/A,N/A,C5,N/A,TriReagent & Manual-Rneasy Mini (Qiagen)
GSM972417,Homo sapiens,validation,Male,59,2,T3,N0,M0,distal,Y,N/A,0,146,0,146,pMMR,-,+,WT,N/A,N/A,N/A,WT,N/A,N/A,N/A,WT,N/A,N/A,N/A,C5,N/A,TriReagent & Manual-Rneasy Mini (Qiagen)
GSM972418,Homo sapiens,validation,Male,64,2,T3,N0,M0,distal,N,N/A,0,70,0,70,pMMR,-,-,M,c.637C>T,c.637C>T,p.R213X,WT,N/A,N/A,N/A,WT,N/A,N/A,N/A,C5,N/A,TriReagent & Manual-Rneasy Mini (Qiagen)
GSM972419,Homo sapiens,validation,Female,85,3,T3,N2,M0,distal,N,N/A,1,30,1,32,pMMR,-,+,M,c.524G>A,c.524G>A,p.R175H,WT,N/A,N/A,N/A,WT,N/A,N/A,N/A,C5,N/A,TriReagent & Manual-Rneasy Mini (Qiagen)
GSM972420,Homo sapiens,validation,Male,83,3,T3,N2,M0,proximal,N,N/A,1,6,1,6,pMMR,+,-,WT,N/A,N/A,N/A,WT,N/A,N/A,N/A,M,c.1799T>A,c.1799T>A,p.V600E,C2,N/A,TriReagent & Manual-Rneasy Mini (Qiagen)
GSM972421,Homo sapiens,validation,Male,66,3,N/A,N/A,N/A,distal,N,N/A,1,22,0,28,pMMR,-,+,M,c.581T>G,c.581T>G,p.L194R,WT,N/A,N/A,N/A,WT,N/A,N/A,N/A,C5,N/A,TriReagent & Manual-Rneasy Mini (Qiagen)
GSM972422,Homo sapiens,validation,Male,74,2,N/A,N/A,N/A,proximal,N,N/A,1,13,1,37,pMMR,-,+,WT,N/A,N/A,N/A,M,c.35G>T,c.35G>T,p.G12V,WT,N/A,N/A,N/A,C4,N/A,TriReagent & Manual-Rneasy Mini (Qiagen)
GSM972423,Homo sapiens,validation,Female,52,2,N/A,N/A,N/A,distal,Y,N/A,1,13,0,40,pMMR,-,N/A,M,c.524G>A,c.524G>A,p.R175H,WT,N/A,N/A,N/A,WT,N/A,N/A,N/A,C6,N/A,TriReagent & Manual-Rneasy Mini (Qiagen)
GSM972424,Homo sapiens,validation,Male,70,2,T3,N0,M0,distal,Y,5FU,0,104,0,104,pMMR,-,+,M,c.844C>T,c.844C>T,p.R282W,WT,N/A,N/A,N/A,WT,N/A,N/A,N/A,C6,N/A,TriReagent & Manual-Rneasy Mini (Qiagen)
GSM972425,Homo sapiens,validation,Female,72,3,T3,N1,M0,proximal,Y,N/A,0,59,0,59,pMMR,-,N/A,WT,N/A,N/A,N/A,M,c.35G>A,c.35G>A,p.G12D,WT,N/A,N/A,N/A,C2,N/A,TriReagent & Manual-Rneasy Mini (Qiagen)
GSM972426,Homo sapiens,validation,Male,49,2,T3,N0,M0,proximal,Y,N/A,0,81,0,81,pMMR,-,+,M,c.517G>T,c.517G>T,p.V173L,WT,N/A,N/A,N/A,WT,N/A,N/A,N/A,C6,N/A,TriReagent & Manual-Rneasy Mini (Qiagen)
GSM972427,Homo sapiens,validation,Male,63,2,T3,N0,M0,distal,N,N/A,0,53,0,53,pMMR,-,+,M,c.713G>C,c.713G>C,p.C238S,WT,N/A,N/A,N/A,WT,N/A,N/A,N/A,C5,N/A,TriReagent & Manual-Rneasy Mini (Qiagen)
GSM972428,Homo sapiens,validation,Male,62,3,T3,N2,M0,distal,Y,N/A,0,55,0,55,pMMR,-,+,M,c.853G>A,c.853G>A,p.E285K,WT,N/A,N/A,N/A,WT,N/A,N/A,N/A,C5,N/A,TriReagent & Manual-Rneasy Mini (Qiagen)
GSM972429,Homo sapiens,validation,Male,64,3,T4,N2,M0,distal,Y,N/A,0,62,0,62,pMMR,-,+,M,c.517G>A,c.517G>A,p.V173M,M,c.35G>A,c.35G>A,p.G12D,WT,N/A,N/A,N/A,C3,N/A,TriReagent & Manual-Rneasy Mini (Qiagen)
GSM972430,Homo sapiens,validation,Female,43,2,T3,N0,M0,proximal,Y,N/A,0,53,0,53,pMMR,+,-,WT,N/A,N/A,N/A,WT,N/A,N/A,N/A,WT,N/A,N/A,N/A,C2,N/A,TriReagent & Manual-Rneasy Mini (Qiagen)
GSM972431,Homo sapiens,validation,Male,59,3,T3,N1,M0,proximal,Y,N/A,0,54,0,54,pMMR,-,+,WT,N/A,N/A,N/A,M,c.38G>A,c.38G>A,p.G13D,WT,N/A,N/A,N/A,C5,N/A,TriReagent & Manual-Rneasy Mini (Qiagen)
GSM972432,Homo sapiens,validation,Male,71,3,N/A,N/A,N/A,distal,Y,N/A,1,19,0,55,pMMR,-,+,M,FS,FS,FS,M,c.35G>T,c.35G>T,p.G12V,WT,N/A,N/A,N/A,C6,N/A,TriReagent & Manual-Rneasy Mini (Qiagen)
GSM972433,Homo sapiens,validation,Male,85,3,N/A,N/A,N/A,distal,N,N/A,1,3,1,16,pMMR,N/A,N/A,WT,N/A,N/A,N/A,WT,N/A,N/A,N/A,WT,N/A,N/A,N/A,C4,N/A,TriReagent & Manual-Rneasy Mini (Qiagen)
GSM972434,Homo sapiens,validation,Male,70,2,N/A,N/A,N/A,distal,N,N/A,1,19,1,42,pMMR,N/A,N/A,M,FS,FS,FS,WT,N/A,N/A,N/A,WT,N/A,N/A,N/A,C1,N/A,TriReagent & Manual-Rneasy Mini (Qiagen)
GSM972435,Homo sapiens,validation,Male,71,3,N/A,N/A,N/A,distal,Y,N/A,1,14,0,40,pMMR,-,+,M,c.844C>T,c.844C>T,p.R282W,WT,N/A,N/A,N/A,WT,N/A,N/A,N/A,C1,N/A,TriReagent & Manual-Rneasy Mini (Qiagen)
GSM972436,Homo sapiens,validation,Male,81,2,N/A,N/A,N/A,distal,N,N/A,1,2,1,18,pMMR,-,+,M,c.569C>T,c.569C>T,p.P190L,M,c.35G>T,c.35G>T,p.G12V,WT,N/A,N/A,N/A,C1,N/A,TriReagent & Manual-Rneasy Mini (Qiagen)
GSM972437,Homo sapiens,validation,Female,48,4,T3,N2,M1,distal,N/A,N/A,1,0,1,7,pMMR,-,+,WT,N/A,N/A,N/A,WT,N/A,N/A,N/A,WT,N/A,N/A,N/A,C5,N/A,TriReagent & Manual-Rneasy Mini (Qiagen)
GSM972438,Homo sapiens,validation,Male,44,4,T4,N1,M1,proximal,N/A,N/A,1,0,1,30,pMMR,N/A,+,M,c.583A>G,c.583A>G,p.I195V,WT,N/A,N/A,N/A,WT,N/A,N/A,N/A,C4,N/A,TriReagent & Manual-Rneasy Mini (Qiagen)
GSM972439,Homo sapiens,validation,Male,65,4,T3,N1,M1,distal,N/A,N/A,1,0,1,2,pMMR,-,N/A,M,c.844C>T,c.844C>T,p.R282W,WT,N/A,N/A,N/A,WT,N/A,N/A,N/A,C6,N/A,TriReagent & Manual-Rneasy Mini (Qiagen)
GSM972440,Homo sapiens,validation,Male,50,2,T3,N0,M0,distal,Y,N/A,0,52,0,52,pMMR,-,N/A,M,c.404G>C,c.404G>C,p.C135S,M,c.35G>A,c.35G>A,p.G12D,WT,N/A,N/A,N/A,C4,N/A,TriReagent & Manual-Rneasy Mini (Qiagen)
GSM972441,Homo sapiens,validation,Female,49,4,T4,N2,M1,distal,N/A,N/A,1,0,0,68,pMMR,-,+,WT,N/A,N/A,N/A,WT,N/A,N/A,N/A,WT,N/A,N/A,N/A,C6,N/A,TriReagent & Manual-Rneasy Mini (Qiagen)
GSM972442,Homo sapiens,validation,Female,54,4,T3,N2,M1,distal,N/A,N/A,1,0,1,6,pMMR,-,N/A,WT,N/A,N/A,N/A,M,c.38G>A,c.38G>A,p.G13D,WT,N/A,N/A,N/A,C1,N/A,TriReagent & Manual-Rneasy Mini (Qiagen)
GSM972443,Homo sapiens,validation,Male,49,2,T3,N0,M0,distal,N,N/A,0,48,0,48,dMMR,+,-,N/A,N/A,N/A,N/A,WT,N/A,N/A,N/A,WT,N/A,N/A,N/A,C3,N/A,Manual-Trizol
GSM972444,Homo sapiens,validation,Male,73,3,T4,N2,MX,proximal,Y,5FU,1,5,1,14,dMMR,-,-,N/A,N/A,N/A,N/A,M,c.38G>A,c.38G>A,p.G13D,WT,N/A,N/A,N/A,C4,N/A,Manual-Trizol
GSM972445,Homo sapiens,validation,Male,48,2,T4,N0,M0,proximal,N,N/A,0,35,0,35,dMMR,-,-,N/A,N/A,N/A,N/A,WT,N/A,N/A,N/A,WT,N/A,N/A,N/A,C2,N/A,Manual-Trizol
GSM972446,Homo sapiens,validation,Male,67,3,T3,N1,MX,proximal,N/A,N/A,N/A,N/A,N/A,N/A,dMMR,-,-,N/A,N/A,N/A,N/A,M,c.35G>A,c.35G>A,p.G12D,WT,N/A,N/A,N/A,C3,N/A,Manual-Trizol
GSM972447,Homo sapiens,validation,Male,71,2,T3,N0,M0,proximal,N,N/A,0,31,0,31,dMMR,+,-,N/A,N/A,N/A,N/A,WT,N/A,N/A,N/A,M,N/A,N/A,N/A,C2,N/A,Manual-Trizol
GSM972448,Homo sapiens,validation,Female,74,2,T3,N0,M0,proximal,N,N/A,N/A,N/A,N/A,N/A,dMMR,+,+,WT,N/A,N/A,N/A,WT,N/A,N/A,N/A,M,c.1799T>A,c.1799T>A,p.V600E,C2,N/A,Manual-Rneasy Micro (Qiagen)
GSM972449,Homo sapiens,validation,Female,51,3,T4,N1,M0,proximal,Y,FOLFOX,1,19,1,41,pMMR,-,+,M,N/A,N/A,N/A,M,EX2.codon13,EX2.codon13,N/A,WT,N/A,N/A,N/A,C6,N/A,Manual-Rneasy Micro (Qiagen)
GSM972450,Homo sapiens,validation,Male,80,2,T3,N0,M0,distal,N,N/A,1,19,1,47,pMMR,-,+,M,N/A,N/A,N/A,WT,N/A,N/A,N/A,WT,N/A,N/A,N/A,C1,N/A,Manual-Rneasy Micro (Qiagen)
GSM972451,Homo sapiens,validation,Male,58,2,T4,N0,M0,distal,N,N/A,0,97,0,97,pMMR,-,-,WT,N/A,N/A,N/A,WT,N/A,N/A,N/A,WT,N/A,N/A,N/A,C1,N/A,Manual-Rneasy Micro (Qiagen)
GSM972452,Homo sapiens,validation,Female,75,3,T3,N2,M0,proximal,Y,FUFOL,0,99,0,99,N/A,+,-,WT,N/A,N/A,N/A,WT,N/A,N/A,N/A,M,c.1799T>A,c.1799T>A,p.V600E,C2,N/A,Manual-Rneasy Micro (Qiagen)
GSM972453,Homo sapiens,validation,Female,51,3,T3,N1,M0,proximal,Y,FUFOL,0,100,0,100,pMMR,-,-,WT,N/A,N/A,N/A,M,EX2.codon12,EX2.codon12,N/A,WT,N/A,N/A,N/A,C3,N/A,Manual-Rneasy Micro (Qiagen)
GSM972454,Homo sapiens,validation,Male,62,1,T2,N0,M0,distal,N,N/A,0,75,0,75,pMMR,-,+,M,N/A,N/A,N/A,M,EX2.codon13,EX2.codon13,N/A,WT,N/A,N/A,N/A,C6,N/A,Manual-Rneasy Micro (Qiagen)
GSM972455,Homo sapiens,validation,Female,89,3,T3,N1,M0,proximal,N,N/A,0,74,0,74,dMMR,+,+,WT,N/A,N/A,N/A,WT,N/A,N/A,N/A,M,c.1799T>A,c.1799T>A,p.V600E,C2,N/A,Manual-Rneasy Micro (Qiagen)
GSM972456,Homo sapiens,validation,Female,82,2,T3,N0,M0,distal,N,N/A,0,0,1,0,pMMR,-,+,M,N/A,N/A,N/A,WT,N/A,N/A,N/A,WT,N/A,N/A,N/A,C5,N/A,Manual-Rneasy Micro (Qiagen)
GSM972457,Homo sapiens,validation,Female,74,3,T3,N1,M0,distal,Y,5FU,1,34,0,68,pMMR,-,+,WT,N/A,N/A,N/A,M,EX2.codon12,EX2.codon12,N/A,WT,N/A,N/A,N/A,C3,N/A,Manual-Rneasy Micro (Qiagen)
GSM972458,Homo sapiens,validation,Male,65,2,T3,N0,M0,proximal,N,N/A,0,17,1,17,dMMR,+,-,WT,N/A,N/A,N/A,M,EX2.codon12,EX2.codon12,N/A,WT,N/A,N/A,N/A,C2,N/A,Manual-Rneasy Micro (Qiagen)
GSM972459,Homo sapiens,validation,Male,80,2,T3,N0,M0,proximal,N,N/A,0,12,0,12,pMMR,-,-,WT,N/A,N/A,N/A,WT,N/A,N/A,N/A,WT,N/A,N/A,N/A,C3,N/A,Manual-Rneasy Micro (Qiagen)
GSM972460,Homo sapiens,validation,Female,70,2,T3,N0,M0,distal,Y,FUFOL,0,96,0,96,pMMR,+,+,WT,N/A,N/A,N/A,WT,N/A,N/A,N/A,WT,N/A,N/A,N/A,C5,N/A,Manual-Rneasy Micro (Qiagen)
GSM972461,Homo sapiens,validation,Male,56,2,T3,N0,M0,distal,N,N/A,0,96,0,96,pMMR,-,+,M,N/A,N/A,N/A,WT,N/A,N/A,N/A,WT,N/A,N/A,N/A,C1,N/A,Manual-Rneasy Micro (Qiagen)
GSM972462,Homo sapiens,validation,Male,72,1,T2,N0,M0,distal,N,N/A,0,88,0,88,pMMR,-,+,M,EX4.c.314G>A'+'  EX6.c.658T>G,EX4.c.314G>A'+'  EX6.c.658T>G,EX4.p.G105D'+'  EX6.p.T658G,M,c.35G>A,c.35G>A,p.G12D,WT,N/A,N/A,N/A,C5,N/A,Manual-Rneasy Micro (Qiagen)
GSM972463,Homo sapiens,validation,Male,67,3,T4,N2,M0,proximal,N,N/A,N/A,N/A,1,2,pMMR,-,-,WT,N/A,N/A,N/A,M,EX2.codon12,EX2.codon12,N/A,WT,N/A,N/A,N/A,C3,N/A,Manual-Rneasy Micro (Qiagen)
GSM972464,Homo sapiens,validation,Female,76,1,T2,N0,M0,distal,N,N/A,0,86,0,86,pMMR,-,+,M,N/A,N/A,N/A,WT,N/A,N/A,N/A,WT,N/A,N/A,N/A,C5,N/A,Manual-Rneasy Micro (Qiagen)
GSM972465,Homo sapiens,validation,Male,73,2,T3,N0,M0,proximal,N,N/A,0,84,1,84,N/A,-,+,N/A,N/A,N/A,N/A,WT,N/A,N/A,N/A,WT,N/A,N/A,N/A,C2,N/A,Manual-Rneasy Micro (Qiagen)
GSM972466,Homo sapiens,validation,Female,73,3,T3,N1,M0,proximal,Y,5FU,0,75,0,75,pMMR,-,+,M,N/A,N/A,N/A,M,EX2.codon13,EX2.codon13,N/A,WT,N/A,N/A,N/A,C1,N/A,Manual-Rneasy Micro (Qiagen)
GSM972467,Homo sapiens,validation,Male,54,3,T3,N2,M0,distal,Y,FOLFIRI,0,72,0,72,pMMR,-,+,M,N/A,N/A,N/A,M,EX2.codon12,EX2.codon12,N/A,WT,N/A,N/A,N/A,C4,N/A,Manual-Rneasy Micro (Qiagen)
GSM972468,Homo sapiens,validation,Male,73,2,T3,N0,M0,distal,N,N/A,0,24,1,24,pMMR,-,+,M,N/A,N/A,N/A,WT,N/A,N/A,N/A,WT,N/A,N/A,N/A,C5,N/A,Manual-Rneasy Micro (Qiagen)
GSM972469,Homo sapiens,validation,Male,69,1,T2,N0,M0,distal,N,N/A,0,86,0,86,pMMR,-,+,WT,N/A,N/A,N/A,M,EX2.codon12,EX2.codon12,N/A,WT,N/A,N/A,N/A,C5,N/A,Manual-Rneasy Micro (Qiagen)
GSM972470,Homo sapiens,validation,Male,50,2,T3,N0,M0,proximal,Y,5FU,0,85,0,85,dMMR,-,-,M,N/A,N/A,N/A,WT,N/A,N/A,N/A,WT,N/A,N/A,N/A,C2,N/A,Manual-Rneasy Micro (Qiagen)
GSM972471,Homo sapiens,validation,Female,73,1,T2,N0,M0,proximal,N,N/A,N/A,N/A,N/A,N/A,dMMR,+,-,WT,N/A,N/A,N/A,WT,N/A,N/A,N/A,M,c.1799T>A,c.1799T>A,p.V600E,C2,N/A,Manual-Rneasy Micro (Qiagen)
GSM972472,Homo sapiens,validation,Male,58,2,T4,N0,M0,proximal,Y,5FU,0,80,0,80,pMMR,+,+,WT,N/A,N/A,N/A,WT,N/A,N/A,N/A,WT,N/A,N/A,N/A,C3,N/A,Manual-Rneasy Micro (Qiagen)
GSM972473,Homo sapiens,validation,Male,67,2,T3,N0,M0,distal,N,N/A,1,45,0,117,pMMR,-,-,WT,N/A,N/A,N/A,M,EX2.codon12,EX2.codon12,N/A,WT,N/A,N/A,N/A,C3,N/A,Manual-Rneasy Micro (Qiagen)
GSM972474,Homo sapiens,validation,Female,49,3,T3,N1,M0,distal,Y,FOLFOX,1,9,0,119,pMMR,-,+,M,N/A,N/A,N/A,WT,N/A,N/A,N/A,WT,N/A,N/A,N/A,C6,N/A,Manual-Rneasy Micro (Qiagen)
GSM972475,Homo sapiens,validation,Female,68,2,T3,N0,M0,distal,N,N/A,0,87,0,87,pMMR,-,+,WT,N/A,N/A,N/A,M,EX2.codon12,EX2.codon12,N/A,WT,N/A,N/A,N/A,C3,N/A,Manual-Rneasy Micro (Qiagen)
GSM972476,Homo sapiens,validation,Male,61,3,T4,N1,M0,distal,Y,5FU,0,64,0,64,pMMR,-,+,WT,N/A,N/A,N/A,WT,N/A,N/A,N/A,WT,N/A,N/A,N/A,C4,N/A,Manual-Rneasy Micro (Qiagen)
GSM972477,Homo sapiens,validation,Male,75,2,T3,N0,M0,proximal,N,N/A,0,81,0,81,pMMR,-,+,M,N/A,N/A,N/A,M,EX2.codon12,EX2.codon12,N/A,WT,N/A,N/A,N/A,C3,N/A,Manual-Rneasy Micro (Qiagen)
GSM972478,Homo sapiens,validation,Male,80,2,T3,N0,M0,distal,N,N/A,0,69,0,69,pMMR,-,+,M,N/A,N/A,N/A,WT,N/A,N/A,N/A,WT,N/A,N/A,N/A,C6,N/A,Manual-Rneasy Micro (Qiagen)
GSM972479,Homo sapiens,validation,Male,79,3,T4,N2,M0,proximal,N,N/A,0,3,0,3,pMMR,-,+,WT,N/A,N/A,N/A,M,EX2.codon12,EX2.codon12,N/A,WT,N/A,N/A,N/A,C4,N/A,Manual-Rneasy Micro (Qiagen)
GSM972480,Homo sapiens,validation,Male,78,2,T3,N0,M0,proximal,N,N/A,0,69,0,69,pMMR,-,-,WT,N/A,N/A,N/A,M,EX2.codon13,EX2.codon13,N/A,WT,N/A,N/A,N/A,C3,N/A,Manual-Rneasy Micro (Qiagen)
GSM972481,Homo sapiens,validation,Male,67,3,T3,N2,M0,distal,Y,5FU,0,65,1,65,pMMR,-,+,M,N/A,N/A,N/A,WT,N/A,N/A,N/A,WT,N/A,N/A,N/A,C5,N/A,Manual-Rneasy Micro (Qiagen)
GSM972482,Homo sapiens,validation,Female,90,2,T3,N0,M0,proximal,N,N/A,0,42,0,42,pMMR,-,-,WT,N/A,N/A,N/A,M,EX2.codon12,EX2.codon12,N/A,WT,N/A,N/A,N/A,C2,N/A,Manual-Rneasy Micro (Qiagen)
GSM972483,Homo sapiens,validation,Female,80,2,T3,N0,M0,distal,N,N/A,1,23,1,28,pMMR,-,+,M,N/A,N/A,N/A,WT,N/A,N/A,N/A,WT,N/A,N/A,N/A,C5,N/A,Manual-Rneasy Micro (Qiagen)
GSM972484,Homo sapiens,validation,Male,68,2,T3,N0,M0,distal,Y,5FU,0,76,0,76,pMMR,-,+,WT,N/A,N/A,N/A,WT,N/A,N/A,N/A,WT,N/A,N/A,N/A,C5,N/A,Manual-Rneasy Micro (Qiagen)
GSM972485,Homo sapiens,validation,Male,69,2,T3,N0,M0,proximal,N,N/A,0,75,0,75,pMMR,-,+,WT,N/A,N/A,N/A,M,EX2.codon12,EX2.codon12,N/A,WT,N/A,N/A,N/A,C5,N/A,Manual-Rneasy Micro (Qiagen)
GSM972486,Homo sapiens,validation,Male,87,2,T3,N0,M0,proximal,N,N/A,0,33,0,33,dMMR,-,+,WT,N/A,N/A,N/A,N/A,N/A,N/A,N/A,WT,N/A,N/A,N/A,C5,N/A,Manual-Rneasy Micro (Qiagen)
GSM972487,Homo sapiens,validation,Male,84,2,T3,N0,M0,distal,N,N/A,0,67,0,67,N/A,-,-,WT,N/A,N/A,N/A,M,EX2.codon12,EX2.codon12,N/A,WT,N/A,N/A,N/A,C3,N/A,Manual-Rneasy Micro (Qiagen)
GSM972488,Homo sapiens,validation,Male,65,2,T3,N0,M0,proximal,N,N/A,0,49,0,49,pMMR,+,-,WT,N/A,N/A,N/A,M,EX2.codon12,EX2.codon12,N/A,WT,N/A,N/A,N/A,C3,N/A,Manual-Rneasy Micro (Qiagen)
GSM972489,Homo sapiens,validation,Female,77,2,T3,N0,M0,proximal,N,N/A,0,74,0,74,pMMR,-,-,WT,N/A,N/A,N/A,M,EX2.codon13,EX2.codon13,N/A,WT,N/A,N/A,N/A,C3,N/A,Manual-Rneasy Micro (Qiagen)
GSM972490,Homo sapiens,validation,Male,67,2,T3,N0,M0,distal,N,N/A,0,74,0,74,pMMR,-,+,M,N/A,N/A,N/A,WT,N/A,N/A,N/A,WT,N/A,N/A,N/A,C1,N/A,Manual-Rneasy Micro (Qiagen)
GSM972491,Homo sapiens,validation,Male,74,2,T3,N0,M0,distal,N,N/A,0,70,0,70,pMMR,-,+,M,N/A,N/A,N/A,WT,N/A,N/A,N/A,WT,N/A,N/A,N/A,C5,N/A,Manual-Rneasy Micro (Qiagen)
GSM972492,Homo sapiens,validation,Male,69,1,T2,N0,M0,proximal,N,N/A,0,68,0,68,pMMR,+,+,M,N/A,N/A,N/A,WT,N/A,N/A,N/A,WT,N/A,N/A,N/A,C5,N/A,Manual-Rneasy Micro (Qiagen)
GSM972493,Homo sapiens,validation,Female,89,2,T3,N0,M0,proximal,N,N/A,0,59,0,59,pMMR,-,+,WT,N/A,N/A,N/A,M,EX2.codon12,EX2.codon12,N/A,WT,N/A,N/A,N/A,C5,N/A,Manual-Rneasy Micro (Qiagen)
GSM972494,Homo sapiens,validation,Female,43,1,T2,N0,M0,distal,N,N/A,0,57,0,57,dMMR,-,+,WT,N/A,N/A,N/A,WT,N/A,N/A,N/A,WT,N/A,N/A,N/A,C2,N/A,Manual-Rneasy Micro (Qiagen)
GSM972495,Homo sapiens,validation,Female,69,3,T3,N1,M0,proximal,Y,FUFOL,1,18,1,27,pMMR,-,+,WT,N/A,N/A,N/A,WT,N/A,N/A,N/A,WT,N/A,N/A,N/A,C5,N/A,Manual-Rneasy Mini (Qiagen)
GSM972496,Homo sapiens,validation,Female,65,1,T2,N0,M0,distal,N,N/A,0,142,0,142,pMMR,-,+,WT,N/A,N/A,N/A,WT,N/A,N/A,N/A,WT,N/A,N/A,N/A,C3,N/A,Manual-Rneasy Mini (Qiagen)
GSM972497,Homo sapiens,validation,Female,77,3,T2,N1,M0,distal,N,N/A,0,1,0,1,pMMR,-,+,M,N/A,N/A,N/A,N/A,N/A,N/A,N/A,WT,N/A,N/A,N/A,C5,N/A,Manual-Rneasy Mini (Qiagen)
GSM972498,Homo sapiens,validation,Female,50,3,T3,N1,M0,distal,N,N/A,1,19,1,59,pMMR,-,+,M,N/A,N/A,N/A,WT,N/A,N/A,N/A,WT,N/A,N/A,N/A,C1,N/A,Manual-Rneasy Mini (Qiagen)
GSM972499,Homo sapiens,validation,Male,82,3,T4,N2,M0,proximal,Y,FUFOL,0,72,0,72,dMMR,+,-,WT,N/A,N/A,N/A,WT,N/A,N/A,N/A,WT,N/A,N/A,N/A,C2,N/A,Manual-Rneasy Mini (Qiagen)
GSM972500,Homo sapiens,validation,Female,74,2,T3,N0,M0,proximal,N,N/A,N/A,N/A,N/A,N/A,N/A,-,+,N/A,N/A,N/A,N/A,WT,N/A,N/A,N/A,WT,N/A,N/A,N/A,C2,N/A,RNA NOW
GSM972501,Homo sapiens,validation,Female,76,3,T3,N1,M0,distal,N,N/A,0,106,1,106,pMMR,-,+,M,N/A,N/A,N/A,WT,N/A,N/A,N/A,WT,N/A,N/A,N/A,C5,N/A,RNA NOW
GSM972502,Homo sapiens,validation,Male,69,2,T3,N0,M0,distal,N,N/A,0,131,0,131,pMMR,-,+,WT,N/A,N/A,N/A,WT,N/A,N/A,N/A,WT,N/A,N/A,N/A,C3,N/A,RNA NOW
GSM972503,Homo sapiens,validation,Female,42,2,T3,N0,M0,distal,Y,5FU,0,146,0,146,pMMR,-,N/A,WT,N/A,N/A,N/A,WT,N/A,N/A,N/A,WT,N/A,N/A,N/A,C6,N/A,RNA NOW
GSM972504,Homo sapiens,validation,Male,80,3,T3,N2,M0,distal,N,N/A,1,24,1,30,pMMR,-,+,WT,N/A,N/A,N/A,M,EX2.codon12,EX2.codon12,N/A,WT,N/A,N/A,N/A,C1,N/A,RNA NOW
GSM972505,Homo sapiens,validation,Male,69,2,T3,N0,M0,distal,N,N/A,0,144,0,144,pMMR,-,+,WT,N/A,N/A,N/A,WT,N/A,N/A,N/A,WT,N/A,N/A,N/A,C1,N/A,RNA NOW
GSM972506,Homo sapiens,validation,Male,68,2,T3,N0,M0,distal,N,N/A,0,141,0,141,pMMR,-,N/A,M,N/A,N/A,N/A,WT,N/A,N/A,N/A,WT,N/A,N/A,N/A,C6,N/A,RNA NOW
GSM972507,Homo sapiens,validation,Female,83,3,T3,N1,M0,proximal,N,N/A,0,42,0,42,dMMR,+,-,WT,N/A,N/A,N/A,WT,N/A,N/A,N/A,M,c.1799T>A,c.1799T>A,p.V600E,C2,N/A,RNA NOW
GSM972508,Homo sapiens,validation,Female,69,1,T1,N0,M0,distal,N,N/A,0,134,0,134,pMMR,-,+,M,N/A,N/A,N/A,M,EX2.codon12,EX2.codon12,N/A,WT,N/A,N/A,N/A,C1,N/A,RNA NOW
GSM972509,Homo sapiens,validation,Female,73,1,T2,N0,M0,distal,N,N/A,0,14,0,14,pMMR,-,+,WT,N/A,N/A,N/A,WT,N/A,N/A,N/A,WT,N/A,N/A,N/A,C1,N/A,RNA NOW
GSM972510,Homo sapiens,validation,Male,89,2,T3,N0,M0,distal,N,N/A,0,86,0,86,pMMR,-,-,WT,N/A,N/A,N/A,WT,N/A,N/A,N/A,WT,N/A,N/A,N/A,C3,N/A,RNA NOW
GSM972511,Homo sapiens,validation,Male,75,3,T3,N2,M0,proximal,Y,FUFOL,0,47,1,47,pMMR,-,+,M,N/A,N/A,N/A,WT,N/A,N/A,N/A,WT,N/A,N/A,N/A,C5,N/A,RNA NOW
GSM972512,Homo sapiens,validation,Male,62,3,T4,N2,M0,proximal,Y,FOLFOX,1,4,1,23,pMMR,+,N/A,WT,N/A,N/A,N/A,M,EX2.codon12,EX2.codon12,N/A,WT,N/A,N/A,N/A,C3,N/A,RNA NOW
GSM972513,Homo sapiens,validation,Male,85,3,T3,N1,M0,proximal,N,N/A,1,13,1,48,pMMR,-,+,M,N/A,N/A,N/A,M,EX2.codon12,EX2.codon12,N/A,WT,N/A,N/A,N/A,C5,N/A,RNA NOW
GSM972514,Homo sapiens,validation,Female,79,3,T2,N1,M0,distal,Y,FUFOL,N/A,N/A,1,32,pMMR,-,+,M,N/A,N/A,N/A,WT,N/A,N/A,N/A,WT,N/A,N/A,N/A,C1,N/A,RNA NOW
GSM972515,Homo sapiens,validation,Female,72,2,T3,N0,M0,distal,N,N/A,0,118,0,118,pMMR,-,N/A,M,N/A,N/A,N/A,WT,N/A,N/A,N/A,WT,N/A,N/A,N/A,C1,N/A,RNA NOW
GSM972516,Homo sapiens,validation,Male,82,2,T3,N0,M0,distal,N,N/A,0,66,0,66,pMMR,-,+,WT,N/A,N/A,N/A,M,EX2.codon12,EX2.codon12,N/A,WT,N/A,N/A,N/A,C1,N/A,RNA NOW
GSM972517,Homo sapiens,validation,Female,88,2,T3,N0,M0,distal,N,N/A,1,32,1,37,pMMR,-,+,M,N/A,N/A,N/A,WT,N/A,N/A,N/A,WT,N/A,N/A,N/A,C5,N/A,RNA NOW
GSM972518,Homo sapiens,validation,Female,82,3,T4,N1,M0,proximal,N,N/A,1,15,1,35,pMMR,-,+,M,c.916C>T,c.916C>T,p.R306X,M,c.35G>A,c.35G>A,p.G12D,WT,N/A,N/A,N/A,C6,N/A,TriReagent & Manual-Rneasy Mini (Qiagen)
GSM972519,Homo sapiens,validation,Male,58,2,T3,N0,M0,distal,N,N/A,1,11,1,14,pMMR,-,+,M,c.587C>T,c.587C>T,p.R196X,WT,N/A,N/A,N/A,WT,N/A,N/A,N/A,C6,N/A,TriReagent & Manual-Rneasy Mini (Qiagen)
GSM972520,Homo sapiens,validation,Male,76,3,T3,N1,M0,distal,Y,FUFOL,0,62,1,62,pMMR,-,+,M,N/A,N/A,N/A,WT,N/A,N/A,N/A,WT,N/A,N/A,N/A,C2,N/A,TriReagent & Manual-Rneasy Mini (Qiagen)
GSM972521,Homo sapiens,validation,Female,90,2,T3,N0,M0,proximal,N,N/A,0,76,1,76,pMMR,-,-,M,c.589G>A,c.589G>A,p.V197M,WT,N/A,N/A,N/A,WT,N/A,N/A,N/A,C4,N/A,TriReagent & Manual-Rneasy Mini (Qiagen)
GSM972522,Homo sapiens,validation,Female,53,2,T3,N0,M0,proximal,Y,5FU,0,99,0,99,pMMR,-,+,WT,N/A,N/A,N/A,M,c.35G>T,c.35G>T,p.G12V,WT,N/A,N/A,N/A,C2,N/A,TriReagent & Manual-Rneasy Mini (Qiagen)
GSM1681353,Homo sapiens,Non Tumoral,Male,69,2,T3,N0,M0,distal,N,N/A,0,131,0,131,pMMR,-,+,N/A,N/A,N/A,N/A,N/A,N/A,N/A,N/A,N/A,N/A,N/A,N/A,N/A,CIT546,E3
GSM1681354,Homo sapiens,Non Tumoral,Female,65,1,T2,N0,M0,distal,N,N/A,0,142,0,142,pMMR,-,+,N/A,N/A,N/A,N/A,N/A,N/A,N/A,N/A,N/A,N/A,N/A,N/A,N/A,CIT540,E3
GSM1681355,Homo sapiens,Non Tumoral,Female,54,3,T3,N1,M0,distal,Y,FUFOL,0,141,0,141,pMMR,-,+,N/A,N/A,N/A,N/A,N/A,N/A,N/A,N/A,N/A,N/A,N/A,N/A,N/A,CIT404,E3
GSM1681356,Homo sapiens,Non Tumoral,Female,69,1,T1,N0,M0,distal,N,N/A,0,134,0,134,pMMR,-,+,N/A,N/A,N/A,N/A,N/A,N/A,N/A,N/A,N/A,N/A,N/A,N/A,N/A,CIT552,E3
GSM1681357,Homo sapiens,Non Tumoral,Male,62,2,T3,N0,M0,distal,N,N/A,1,24,0,123,pMMR,-,+,N/A,N/A,N/A,N/A,N/A,N/A,N/A,N/A,N/A,N/A,N/A,N/A,N/A,CIT431,E3
GSM1681358,Homo sapiens,Non Tumoral,Male,64,N/A,N/A,N/A,N/A,N/A,N/A,N/A,N/A,N/A,N/A,N/A,N/A,N/A,N/A,N/A,N/A,N/A,N/A,N/A,N/A,N/A,N/A,N/A,N/A,N/A,N/A,N/A,N/A,
GSM1681359,Homo sapiens,Non Tumoral,Female,84,2,T3,N0,M0,proximal,N,N/A,0,36,1,36,pMMR,-,+,N/A,N/A,N/A,N/A,N/A,N/A,N/A,N/A,N/A,N/A,N/A,N/A,N/A,CIT362,E3
GSM1681360,Homo sapiens,Non Tumoral,Male,85,2,T3,N0,M0,proximal,N,N/A,1,5,1,30,dMMR,+,+,N/A,N/A,N/A,N/A,N/A,N/A,N/A,N/A,N/A,N/A,N/A,N/A,N/A,CIT361,E3
GSM1681361,Homo sapiens,Non Tumoral,Female,76,1,T2,N0,M0,distal,N,N/A,0,86,0,86,pMMR,-,+,N/A,N/A,N/A,N/A,N/A,N/A,N/A,N/A,N/A,N/A,N/A,N/A,N/A,CIT508,E3
GSM1681362,Homo sapiens,Non Tumoral,Male,69,1,T2,N0,M0,distal,N,N/A,0,86,0,86,pMMR,-,+,N/A,N/A,N/A,N/A,N/A,N/A,N/A,N/A,N/A,N/A,N/A,N/A,N/A,CIT513,E3
GSM1681363,Homo sapiens,Non Tumoral,Male,50,2,T3,N0,M0,proximal,Y,5FU,0,85,0,85,dMMR,-,-,N/A,N/A,N/A,N/A,N/A,N/A,N/A,N/A,N/A,N/A,N/A,N/A,N/A,CIT514,E3
GSM1681364,Homo sapiens,Non Tumoral,Female,71,2,T3,N0,M0,distal,Y,FUFOL,0,85,0,85,pMMR,-,+,N/A,N/A,N/A,N/A,N/A,N/A,N/A,N/A,N/A,N/A,N/A,N/A,N/A,CIT370,E3
GSM1681365,Homo sapiens,Non Tumoral,Male,78,3,T3,N2,M0,proximal,Y,FUFOL,0,86,0,86,pMMR,-,+,N/A,N/A,N/A,N/A,N/A,N/A,N/A,N/A,N/A,N/A,N/A,N/A,N/A,CIT422,E3
GSM1681366,Homo sapiens,Non Tumoral,Male,72,N/A,N/A,N/A,N/A,N/A,N/A,N/A,N/A,N/A,N/A,N/A,N/A,N/A,N/A,N/A,N/A,N/A,N/A,N/A,N/A,N/A,N/A,N/A,N/A,N/A,N/A,N/A,N/A,
GSM1681367,Homo sapiens,Non Tumoral,Male,67,3,T3,N1,M0,proximal,Y,5FU,0,76,0,76,pMMR,-,+,N/A,N/A,N/A,N/A,N/A,N/A,N/A,N/A,N/A,N/A,N/A,N/A,N/A,CIT383,E3
GSM1681368,Homo sapiens,Non Tumoral,Male,47,3,T3,N1,M0,proximal,Y,FOLFIRI,0,81,0,81,pMMR,-,+,N/A,N/A,N/A,N/A,N/A,N/A,N/A,N/A,N/A,N/A,N/A,N/A,N/A,CIT415,E3
GSM1681369,Homo sapiens,Non Tumoral,Male,67,3,T3,N2,M0,distal,Y,5FU,0,65,1,65,pMMR,-,+,N/A,N/A,N/A,N/A,N/A,N/A,N/A,N/A,N/A,N/A,N/A,N/A,N/A,CIT525,E3
GSM1681370,Homo sapiens,Non Tumoral,Female,77,2,T3,N0,M0,proximal,N,N/A,0,74,0,74,pMMR,-,-,N/A,N/A,N/A,N/A,N/A,N/A,N/A,N/A,N/A,N/A,N/A,N/A,N/A,CIT533,E3
GSM1681371,Homo sapiens,Non Tumoral,Male,69,1,T2,N0,M0,proximal,N,N/A,0,68,0,68,pMMR,+,+,N/A,N/A,N/A,N/A,N/A,N/A,N/A,N/A,N/A,N/A,N/A,N/A,N/A,CIT536,E3
